{
    "19335": {
        "original": "anthropological definition of environment",
        "expanded": [
            "What is the anthropological perspective on the relationship between humans and environment?",
            "How do anthropologists define environment in terms of its impact on human behavior and culture?",
            "What role does the concept of environment play in anthropological theories of cultural and social change?"
        ]
    },
    "47923": {
        "original": "axon terminals or synaptic knob definition",
        "expanded": [
            "What is the structure of axon terminals?",
            "What is the role of axon terminals in synaptic transmission?",
            "How do axon terminals relate to synaptic plasticity?"
        ]
    },
    "87181": {
        "original": "causes of left ventricular hypertrophy",
        "expanded": [
            "genetic factors contributing to left ventricular hypertrophy",
            "high blood pressure as a risk factor for left ventricular hypertrophy",
            "role of cardiac remodeling in left ventricular hypertrophy"
        ]
    },
    "87452": {
        "original": "causes of military suicide",
        "expanded": [
            "mental health factors contributing to military suicide",
            "role of military culture in suicide prevention",
            "impact of deployment and combat on military suicide rates"
        ]
    },
    "104861": {
        "original": "cost of interior concrete flooring",
        "expanded": [
            "benefits of interior concrete flooring",
            "factors affecting interior concrete flooring cost",
            "comparison of interior concrete flooring costs"
        ]
    },
    "130510": {
        "original": "definition declaratory judgment",
        "expanded": [
            "What is a declaratory judgment in law?",
            "How does a declaratory judgment differ from other legal remedies?",
            "What are the advantages of seeking a declaratory judgment?"
        ]
    },
    "131843": {
        "original": "definition of a sigmet",
        "expanded": [
            "What is the meaning of sigmet in aviation?",
            "What is the purpose of sigmet in meteorology?",
            "How is sigmet used in weather forecasting?"
        ]
    },
    "146187": {
        "original": "difference between a mcdouble and a double cheeseburger",
        "expanded": [
            "What's the difference in price between a McDouble and a Double Cheeseburger?",
            "How do the calories and nutritional values of a McDouble and a Double Cheeseburger compare?",
            "What are the key differences in ingredients and preparation methods between a McDouble and a Double Cheeseburger?"
        ]
    },
    "148538": {
        "original": "difference between rn and bsn",
        "expanded": [
            "What are the educational requirements for RN and BSN degrees?",
            "How do RN and BSN degrees differ in terms of clinical experience?",
            "What are the career advancement opportunities for RN and BSN holders?"
        ]
    },
    "156493": {
        "original": "do goldfish grow",
        "expanded": [
            "how fast do goldfish grow",
            "do goldfish grow to full size in captivity",
            "factors affecting goldfish growth rate"
        ]
    },
    "168216": {
        "original": "does legionella pneumophila cause pneumonia",
        "expanded": [
            "What is the correlation between Legionella pneumophila and pneumonia?",
            "Can Legionella pneumophila lead to atypical pneumonia?",
            "How does Legionella pneumophila induce pneumonia in humans?"
        ]
    },
    "182539": {
        "original": "example of monotonic function",
        "expanded": [
            "examples of monotonic increasing functions",
            "monotonic function in calculus",
            "monotonic function in probability theory"
        ]
    },
    "183378": {
        "original": "exons definition biology",
        "expanded": [
            "What are exons in DNA?",
            "Role of exons in gene expression",
            "Types of exons in eukaryotic cells"
        ]
    },
    "207786": {
        "original": "how are some sharks warm blooded",
        "expanded": [
            "What allows some shark species to regulate their body temperature?",
            "How do some sharks maintain a higher body temperature than their surroundings?",
            "Which shark species are capable of elevating their body temperature above ambient water temperature?"
        ]
    },
    "264014": {
        "original": "how long is life cycle of flea",
        "expanded": [
            "What is the average lifespan of a flea?",
            "What are the different stages of a flea's life cycle?",
            "How do environmental factors affect a flea's life cycle?"
        ]
    },
    "359349": {
        "original": "how to find the midsegment of a trapezoid",
        "expanded": [
            "What is the definition of midsegment in geometry?",
            "How do you find the midpoint of a line segment?",
            "What are the properties of the midsegment of a trapezoid?"
        ]
    },
    "405717": {
        "original": "is cdg airport in main paris",
        "expanded": [
            "Is CDG airport located in the city center of Paris?",
            "Is CDG airport a part of the Paris metropolitan region?",
            "How far is CDG airport from central Paris?"
        ]
    },
    "443396": {
        "original": "lps laws definition",
        "expanded": [
            "what are lps laws in special education",
            "lps laws and placement decisions",
            "history and evolution of lps laws"
        ]
    },
    "451602": {
        "original": "medicare's definition of mechanical ventilation",
        "expanded": [
            "what is the criteria for mechanical ventilation in medicare?",
            "how does medicare differentiate between invasive and non-invasive mechanical ventilation?",
            "what are the implications of medicare's definition of mechanical ventilation on patient care and outcomes?"
        ]
    },
    "489204": {
        "original": "right pelvic pain causes",
        "expanded": [
            "right lower quadrant abdominal pain causes",
            "pelvic inflammatory disease symptoms",
            "hernia and pelvic pain"
        ]
    },
    "490595": {
        "original": "rsa definition key",
        "expanded": [
            "what is rsa in cryptography",
            "rsa key generation process",
            "rsa encryption decryption example"
        ]
    },
    "527433": {
        "original": "types of dysarthria from cerebral palsy",
        "expanded": [
            "what are the different speech disorders associated with cerebral palsy?",
            "how does cerebral palsy affect articulation and speech patterns?",
            "what are the implications of dysarthria in individuals with cerebral palsy?"
        ]
    },
    "573724": {
        "original": "what are the social determinants of health",
        "expanded": [
            "What socioeconomic factors affect health outcomes?",
            "How do environmental factors influence individual health?",
            "What role do social connections play in health and wellbeing?"
        ]
    },
    "833860": {
        "original": "what is the most popular food in switzerland",
        "expanded": [
            "What are the traditional Swiss dishes?",
            "What do the Swiss eat on a daily basis?",
            "What is the most popular Swiss export food?"
        ]
    },
    "855410": {
        "original": "what is theraderm used for",
        "expanded": [
            "what are the benefits of theraderm",
            "how does theraderm work",
            "what skin conditions does theraderm treat"
        ]
    },
    "915593": {
        "original": "what types of food can you cook sous vide",
        "expanded": [
            "What are some popular meats to cook sous vide?",
            "Can you cook vegetables and eggs sous vide?",
            "Are there any desserts that can be made using sous vide?"
        ]
    },
    "962179": {
        "original": "when was the salvation army founded",
        "expanded": [
            "Who founded the Salvation Army?",
            "What were the early days of the Salvation Army like?",
            "What is the significance of the Salvation Army's founding year?"
        ]
    },
    "1037798": {
        "original": "who is robert gray",
        "expanded": [
            "What is Robert Gray's profession?",
            "Which Robert Gray are we referring to?",
            "What are some notable works by Robert Gray?"
        ]
    },
    "1063750": {
        "original": "why did the us volunterilay enter ww1",
        "expanded": [
            "What were the main events leading to the US entry into WW1?",
            "How did the US respond to the British naval blockade of Germany?",
            "What role did American public opinion play in the US decision to enter WW1?"
        ]
    },
    "1103812": {
        "original": "who formed the commonwealth of independent states",
        "expanded": [
            "What led to the establishment of the Commonwealth of Independent States?",
            "Which countries make up the Commonwealth of Independent States?",
            "What were the key objectives behind the formation of the Commonwealth of Independent States?"
        ]
    },
    "1106007": {
        "original": "define visceral?",
        "expanded": [
            "What does visceral mean in psychology?",
            "How is visceral related to anatomy?",
            "What is visceral in a literary or artistic sense?"
        ]
    },
    "1110199": {
        "original": "what is wifi vs bluetooth",
        "expanded": [
            "What is the difference between Wi-Fi and Bluetooth in terms of connectivity?",
            "How do Wi-Fi and Bluetooth compare in terms of power consumption and device compatibility?",
            "What are the security implications of using Wi-Fi versus Bluetooth for wireless communication?"
        ]
    },
    "1112341": {
        "original": "what is the daily life of thai people",
        "expanded": [
            "How do Thai people spend their daily routine?",
            "What are the cultural practices that influence daily life in Thailand?",
            "How does urbanization affect the daily lives of Thai people?"
        ]
    },
    "1113437": {
        "original": "what is physical description of spruce",
        "expanded": [
            "What are the characteristic features of spruce trees?",
            "How do the physical characteristics of spruce trees vary by species?",
            "What role does climate play in shaping the physical description of spruce trees?"
        ]
    },
    "1114646": {
        "original": "what is famvir prescribed for",
        "expanded": [
            "What are the common uses of Famvir?",
            "What conditions does Famvir treat in Immunocompromised patients?",
            "What are the off-label uses of Famvir?"
        ]
    },
    "1114819": {
        "original": "what is durable medical equipment consist of",
        "expanded": [
            "What are examples of durable medical equipment?",
            "What are the characteristics of durable medical equipment?",
            "How does durable medical equipment benefit patients and healthcare providers?"
        ]
    },
    "1115776": {
        "original": "what is an aml surveillance analyst",
        "expanded": [
            "What are the responsibilities of an AML surveillance analyst?",
            "What skills are required to become an effective AML surveillance analyst?",
            "How does an AML surveillance analyst contribute to the overall risk management strategy of a financial institution?"
        ]
    },
    "1117099": {
        "original": "what is a active margin",
        "expanded": [
            "What is the concept of active margin in geology?",
            "How does an active margin relate to machine learning?",
            "What is the significance of active margin in biology?"
        ]
    },
    "1121402": {
        "original": "what can contour plowing reduce",
        "expanded": [
            "soil erosion",
            "sedimentation",
            "nutrient loss"
        ]
    },
    "1121709": {
        "original": "what are the three percenters?",
        "expanded": [
            "What is the origins of the Three Percenters movement?",
            "What are the ideologies and goals of the Three Percenters?",
            "How do the Three Percenters relate to other militia and extremist groups?"
        ]
    },
    "1124210": {
        "original": "tracheids are part of _____.",
        "expanded": [
            "What is the function of tracheids in plant anatomy?",
            "Which type of cells are tracheids classified as?",
            "What is the difference between tracheids and vessels in plant anatomy?"
        ]
    },
    "1129237": {
        "original": "hydrogen is a liquid below what temperature",
        "expanded": [
            "What temperature does hydrogen turn into a liquid?",
            "At what temperature does hydrogen become a cryogenic liquid?",
            "What is the boiling point of liquid hydrogen?"
        ]
    },
    "1133167": {
        "original": "how is the weather in jamaica",
        "expanded": [
            "what is the climate like in jamaica",
            "what is the best time to visit jamaica",
            "how does the weather in jamaica affect tourism"
        ]
    }
}