{
    "PLAIN-2": {
        "original": "Do Cholesterol Statin Drugs Cause Breast Cancer?",
        "expanded": [
            "What are statins and their role in cholesterol management?",
            "What is the relationship between cholesterol and breast cancer?",
            "Are there any studies that have investigated the link between statin use and breast cancer risk?"
        ]
    },
    "PLAIN-12": {
        "original": "Exploiting Autophagy to Live Longer",
        "expanded": [
            "What is autophagy and its role in cellular health?",
            "How does autophagy contribute to longevity?",
            "How can autophagy be exploited to live longer?"
        ]
    },
    "PLAIN-23": {
        "original": "How to Reduce Exposure to Alkylphenols Through Your Diet",
        "expanded": [
            "What are alkylphenols and how do they affect human health?",
            "Which foods are most likely to contain alkylphenols?",
            "What dietary changes can be made to reduce exposure to alkylphenols?"
        ]
    },
    "PLAIN-33": {
        "original": "What\u2019s Driving America\u2019s Obesity Problem?",
        "expanded": [
            "What are the current statistics on obesity in America?",
            "What are the main factors contributing to obesity in America?",
            "What role does the food industry play in America's obesity problem?"
        ]
    },
    "PLAIN-44": {
        "original": "Who Should be Careful About Curcumin?",
        "expanded": [
            "Who are sensitive to turmeric or curcumin?",
            "What are the health conditions that interact with curcumin?",
            "What medications may interact with curcumin?"
        ]
    },
    "PLAIN-56": {
        "original": "Foods for Glaucoma",
        "expanded": [
            "What nutrients are beneficial for glaucoma patients?",
            "Are there specific foods that can help lower eye pressure?",
            "Are there any foods that glaucoma patients should avoid or reduce in their diet?"
        ]
    },
    "PLAIN-68": {
        "original": "What is Actually in Chicken Nuggets?",
        "expanded": [
            "What are the main ingredients in chicken nuggets?",
            "What is the role of breading and seasonings in chicken nuggets?",
            "Are there any added preservatives or processing aids in chicken nuggets?"
        ]
    },
    "PLAIN-78": {
        "original": "What Do Meat Purge and Cola Have in Common?",
        "expanded": [
            "What is meat purge?",
            "What is cola?",
            "What common ingredient do meat purge and cola share?"
        ]
    },
    "PLAIN-91": {
        "original": "Chronic Headaches and Pork Parasites",
        "expanded": [
            "What are the causes of chronic headaches?",
            "Can pork parasites cause headaches?",
            "Is there a link between pork parasites and chronic headaches?"
        ]
    },
    "PLAIN-102": {
        "original": "Stopping Heart Disease in Childhood",
        "expanded": [
            "What are the risk factors for heart disease in children?",
            "How can a healthy diet help prevent heart disease in children?",
            "What role does physical activity play in preventing heart disease in children?"
        ]
    },
    "PLAIN-112": {
        "original": "Food Dyes and ADHD",
        "expanded": [
            "Are food dyes linked to ADHD?",
            "Which specific food dyes are associated with ADHD?",
            "How can parents limit food dye exposure to minimize potential effects on ADHD symptoms?"
        ]
    },
    "PLAIN-123": {
        "original": "How Citrus Might Help Keep Your Hands Warm",
        "expanded": [
            "What is the relationship between citrus and circulation?",
            "How does citrus affect the body's thermoregulation?",
            "Are there any specific citrus compounds that contribute to hand warming?"
        ]
    },
    "PLAIN-133": {
        "original": "Starving Tumors of Their Blood Supply",
        "expanded": [
            "How do tumors rely on blood supply for growth and survival?",
            "What is the role of angiogenesis in tumor development and cancer progression?",
            "How can tumors be targeted by inhibiting angiogenesis, and what are the benefits of this approach?"
        ]
    },
    "PLAIN-143": {
        "original": "Are Dental X-Rays Safe?",
        "expanded": [
            "What is the amount of radiation exposure from dental X-rays?",
            "Are there any risks or side effects associated with dental X-rays?",
            "Are there any precautions or alternatives to minimize exposure to dental X-rays?"
        ]
    },
    "PLAIN-153": {
        "original": "How Should I Take Probiotics?",
        "expanded": [
            "What is the best time of day to take probiotics?",
            "Should I take probiotics with food or on an empty stomach?",
            "How long should I take probiotics and in what dosage?"
        ]
    },
    "PLAIN-165": {
        "original": "Breast Cancer & Alcohol: How Much is Safe?",
        "expanded": [
            "Is there a link between breast cancer and alcohol consumption?",
            "How much alcohol consumption is considered moderate drinking?",
            "Are there any specific guidelines for breast cancer risk reduction in relation to alcohol consumption?"
        ]
    },
    "PLAIN-175": {
        "original": "Diet and Cellulite",
        "expanded": [
            "What is cellulite and how is it related to diet?",
            "What dietary changes can help reduce cellulite?",
            "Are there any specific foods that can help combat cellulite?"
        ]
    },
    "PLAIN-186": {
        "original": "Best Treatment for Constipation",
        "expanded": [
            "What are the causes of constipation?",
            "What are the home remedies for constipation?",
            "What are the medical treatments for constipation?"
        ]
    },
    "PLAIN-196": {
        "original": "Should We Avoid Titanium Dioxide?",
        "expanded": [
            "What is titanium dioxide and its common uses?",
            "What are the potential health risks associated with titanium dioxide?",
            "Are there any environmental concerns related to titanium dioxide?"
        ]
    },
    "PLAIN-207": {
        "original": "Avoiding Cooked Meat Carcinogens",
        "expanded": [
            "What are cooked meat carcinogens?",
            "How do cooked meat carcinogens increase cancer risk?",
            "How can I reduce my exposure to cooked meat carcinogens?"
        ]
    },
    "PLAIN-217": {
        "original": "Plant-Based Diets for Psoriasis",
        "expanded": [
            "What are the benefits of a plant-based diet for psoriasis?",
            "What foods should be included in a plant-based diet for psoriasis?",
            "Are there any specific nutrients or supplements that can help alleviate psoriasis symptoms?"
        ]
    },
    "PLAIN-227": {
        "original": "Increasing Muscle Strength with Fenugreek",
        "expanded": [
            "What is Fenugreek and its benefits?",
            "Does Fenugreek really increase muscle strength?",
            "How does Fenugreek increase muscle strength?"
        ]
    },
    "PLAIN-238": {
        "original": "How Chemically Contaminated Are We?",
        "expanded": [
            "What are the main sources of chemical contamination?",
            "What are the most common chemicals found in the human body?",
            "What are the health risks associated with chemical contamination?"
        ]
    },
    "PLAIN-248": {
        "original": "Treating an Enlarged Prostate With Diet",
        "expanded": [
            "What foods can help alleviate symptoms of an enlarged prostate?",
            "Are there any specific nutrients that can help with an enlarged prostate?",
            "Are there any foods or nutrients that can exacerbate an enlarged prostate?"
        ]
    },
    "PLAIN-259": {
        "original": "Optimal Phytosterol Dose and Source",
        "expanded": [
            "What is the recommended daily intake of phytosterols for cholesterol reduction?",
            "Which plant-based sources provide the highest amounts of phytosterols?",
            "Are there any differences in bioavailability and efficacy between different forms of phytosterols (free, esterified, or enriched forms)?"
        ]
    },
    "PLAIN-270": {
        "original": "Is Caffeinated Tea Really Dehydrating?",
        "expanded": [
            "Does caffeine cause dehydration?",
            "How does tea, as a beverage, affect hydration?",
            "Are there any exceptions or individual factors that could affect hydration when consuming caffeinated tea?"
        ]
    },
    "PLAIN-280": {
        "original": "Mercury Testing Recommended Before Pregnancy",
        "expanded": [
            "Why is mercury testing important for pregnant women?",
            "Who should be tested for mercury exposure before pregnancy?",
            "How is mercury testing done, and what are the recommended levels?"
        ]
    },
    "PLAIN-291": {
        "original": "Stool Size and Breast Cancer Risk",
        "expanded": [
            "Is there a correlation between stool size and breast cancer risk?",
            "Can changes in gut bacteria influence breast cancer risk?",
            "Are there any dietary factors that can influence both stool size and breast cancer risk?"
        ]
    },
    "PLAIN-307": {
        "original": "Vitamin D: Shedding some light on the new recommendations",
        "expanded": [
            "What are the current recommended levels of vitamin D intake?",
            "What is the significance of vitamin D for overall health?",
            "How can people ensure they are getting enough vitamin D, especially during periods of limited sun exposure?"
        ]
    },
    "PLAIN-320": {
        "original": "Breast Cancer and Diet",
        "expanded": [
            "Does diet play a role in preventing breast cancer?",
            "What are the specific dietary components that increase breast cancer risk?",
            "Can certain foods or nutrients help reduce breast cancer recurrence or improve treatment outcomes?"
        ]
    },
    "PLAIN-332": {
        "original": "Can antioxidant-rich spices counteract the effects of a high-fat meal?",
        "expanded": [
            "What are the effects of a high-fat meal on the body?",
            "What are antioxidant-rich spices, and how do they work?",
            "Do antioxidant-rich spices have any potential benefits in counteracting the effects of a high-fat meal?"
        ]
    },
    "PLAIN-344": {
        "original": "Dioxins Stored in Our Own Fat May Increase Diabetes Risk",
        "expanded": [
            "What are dioxins and how are they stored in the body?",
            "How do dioxins increase the risk of diabetes?",
            "Are there any studies that support the link between dioxins and diabetes risk?"
        ]
    },
    "PLAIN-358": {
        "original": "Didn't another study show carnitine was good for the heart?",
        "expanded": [
            "What are the potential benefits of carnitine for heart health?",
            "Are there any specific studies that have shown the benefits of carnitine for heart health?",
            "Are there any controversies or conflicting results regarding the effectiveness of carnitine for heart health?"
        ]
    },
    "PLAIN-371": {
        "original": "Any update on the scary in vitro avocado data?",
        "expanded": [
            "What is the scary in vitro avocado data?",
            "What are the implications of the in vitro avocado data?",
            "Are there any updates or follow-up studies on the in vitro avocado data?"
        ]
    },
    "PLAIN-383": {
        "original": "What do you think of Dr. Jenkins' take on paleolithic diets?",
        "expanded": [
            "Who is Dr. Jenkins?",
            "What is Dr. Jenkins' take on paleolithic diets?",
            "What are the general pros and cons of paleolithic diets?"
        ]
    },
    "PLAIN-395": {
        "original": "What about pepper plus turmeric in V8 juice?",
        "expanded": [
            "What are the benefits of pepper in V8 juice?",
            "What are the benefits of turmeric in V8 juice?",
            "How do pepper and turmeric interact with each other in V8 juice?"
        ]
    },
    "PLAIN-407": {
        "original": "Is annatto food coloring safe?",
        "expanded": [
            "What is annatto food coloring made of?",
            "What are the potential health risks associated with consuming annatto food coloring?",
            "Are there any regulations or guidelines governing the use of annatto food coloring in food products?"
        ]
    },
    "PLAIN-418": {
        "original": "Fresh fruit versus frozen--which is better?",
        "expanded": [
            "What are the nutritional differences between fresh and frozen fruit?",
            "How does the taste and texture of fresh fruit compare to frozen fruit?",
            "What are the environmental and economic implications of choosing fresh versus frozen fruit?"
        ]
    },
    "PLAIN-430": {
        "original": "Are krill oil supplements better than fish oil capsules?",
        "expanded": [
            "What are the key differences between krill oil and fish oil?",
            "What are the specific health benefits of krill oil compared to fish oil?",
            "Are krill oil supplements more expensive or difficult to find compared to fish oil capsules?"
        ]
    },
    "PLAIN-441": {
        "original": "Is apple cider vinegar good for you?",
        "expanded": [
            "What are the nutritional benefits of apple cider vinegar?",
            "What are the potential health benefits of consuming apple cider vinegar?",
            "Are there any potential risks or side effects of consuming apple cider vinegar?"
        ]
    },
    "PLAIN-457": {
        "original": "How can you believe in any scientific study?",
        "expanded": [
            "What are the essential characteristics of a reliable scientific study?",
            "How do conflicts of interest and biases affect the reliability of scientific studies?",
            "What steps can you take to critically evaluate the results of a scientific study?"
        ]
    },
    "PLAIN-468": {
        "original": "Is vitamin D3 (cholecalciferol) preferable to D2 (ergocalciferol)?",
        "expanded": [
            "What are the main differences between vitamin D2 and vitamin D3 in terms of their sources and mechanisms of action?",
            "How do the two forms of vitamin D differ in their efficacy and bioavailability?",
            "What is the current scientific consensus regarding the preference of one form of vitamin D over the other?"
        ]
    },
    "PLAIN-478": {
        "original": "accidents",
        "expanded": [
            "What are the main causes of accidents?",
            "What are the most common types of accidents?",
            "How can accidents be prevented?"
        ]
    },
    "PLAIN-488": {
        "original": "adenovirus 36",
        "expanded": [
            "What is adenovirus 36?",
            "What are the symptoms of adenovirus 36 infection?",
            "Is adenovirus 36 associated with obesity?"
        ]
    },
    "PLAIN-499": {
        "original": "African-American",
        "expanded": [
            "Who are African-Americans?",
            "What is the history of African-Americans?",
            "What are some notable African-American achievements?"
        ]
    },
    "PLAIN-510": {
        "original": "airport scanners",
        "expanded": [
            "What are airport scanners used for?",
            "Types of airport scanners",
            "How do airport scanners work?"
        ]
    },
    "PLAIN-520": {
        "original": "Alli",
        "expanded": [
            "Who is Alli?",
            "What is Alli used for in medicine?",
            "Is Alli a common name?"
        ]
    },
    "PLAIN-531": {
        "original": "alternative medicine",
        "expanded": [
            "What is alternative medicine?",
            "What are the different types of alternative medicine?",
            "Is alternative medicine effective and safe?"
        ]
    },
    "PLAIN-541": {
        "original": "American Dental Association",
        "expanded": [
            "What is the American Dental Association?",
            "What are the goals and objectives of the American Dental Association?",
            "What services does the American Dental Association provide?"
        ]
    },
    "PLAIN-551": {
        "original": "amnesia",
        "expanded": [
            "What is amnesia?",
            "What are the types of amnesia?",
            "What are the causes and risk factors of amnesia?"
        ]
    },
    "PLAIN-561": {
        "original": "aneurysm",
        "expanded": [
            "What is an aneurysm?",
            "What are the causes and risk factors of an aneurysm?",
            "How are aneurysms diagnosed and treated?"
        ]
    },
    "PLAIN-571": {
        "original": "anisakis",
        "expanded": [
            "What is Anisakis?",
            "How do humans get infected with Anisakis?",
            "How can Anisakis infection be prevented?"
        ]
    },
    "PLAIN-583": {
        "original": "antinutrients",
        "expanded": [
            "What are antinutrients?",
            "What are the types of antinutrients?",
            "Can antinutrients be reduced or eliminated?"
        ]
    },
    "PLAIN-593": {
        "original": "apnea",
        "expanded": [
            "What is apnea?",
            "What causes apnea?",
            "How is apnea diagnosed and treated?"
        ]
    },
    "PLAIN-603": {
        "original": "Arkansas",
        "expanded": [
            "What is the capital of Arkansas?",
            "What is Arkansas known for?",
            "What is the history of Arkansas?"
        ]
    },
    "PLAIN-613": {
        "original": "ascorbic acid",
        "expanded": [
            "What is ascorbic acid?",
            "What are the benefits of ascorbic acid?",
            "What are the uses of ascorbic acid?"
        ]
    },
    "PLAIN-623": {
        "original": "Atkins diet",
        "expanded": [
            "What is the Atkins diet?",
            "What are the phases of the Atkins diet?",
            "What are the benefits and drawbacks of the Atkins diet?"
        ]
    },
    "PLAIN-634": {
        "original": "avocados",
        "expanded": [
            "What is an avocado?",
            "What are the health benefits of avocados?",
            "How do you eat avocados?"
        ]
    },
    "PLAIN-645": {
        "original": "bagels",
        "expanded": [
            "What is a bagel?",
            "Where did bagels originate?",
            "How are bagels typically prepared?"
        ]
    },
    "PLAIN-660": {
        "original": "beans",
        "expanded": [
            "What are beans?",
            "Types of beans",
            "Health benefits of beans"
        ]
    },
    "PLAIN-671": {
        "original": "benzene",
        "expanded": [
            "What is benzene?",
            "What are the uses of benzene?",
            "What are the health risks associated with benzene exposure?"
        ]
    },
    "PLAIN-681": {
        "original": "betel nuts",
        "expanded": [
            "What are betel nuts?",
            "What are the effects of chewing betel nuts?",
            "Are betel nuts addictive?"
        ]
    },
    "PLAIN-691": {
        "original": "bioavailability",
        "expanded": [
            "What is bioavailability?",
            "Factors affecting bioavailability",
            "Methods for improving bioavailability"
        ]
    },
    "PLAIN-701": {
        "original": "black raspberries",
        "expanded": [
            "What are black raspberries?",
            "How do black raspberries differ from red raspberries?",
            "What are the health benefits of black raspberries?"
        ]
    },
    "PLAIN-711": {
        "original": "blood clots",
        "expanded": [
            "What are blood clots?",
            "What are the symptoms of blood clots?",
            "How are blood clots treated and prevented?"
        ]
    },
    "PLAIN-721": {
        "original": "BMAA",
        "expanded": [
            "What is BMAA?",
            "Where is BMAA found?",
            "What are the health risks associated with BMAA?"
        ]
    },
    "PLAIN-731": {
        "original": "bone fractures",
        "expanded": [
            "What are bone fractures?",
            "What are the types of bone fractures?",
            "How are bone fractures diagnosed and treated?"
        ]
    },
    "PLAIN-741": {
        "original": "BPH",
        "expanded": [
            "What is BPH?",
            "What are the symptoms of BPH?",
            "How is BPH diagnosed and treated?"
        ]
    },
    "PLAIN-751": {
        "original": "BRCA genes",
        "expanded": [
            "What are BRCA genes?",
            "What is the function of BRCA genes?",
            "What is the clinical significance of BRCA gene mutations?"
        ]
    },
    "PLAIN-761": {
        "original": "breast pain",
        "expanded": [
            "What are the common causes of breast pain?",
            "How to diagnose breast pain?",
            "How to relieve breast pain?"
        ]
    },
    "PLAIN-771": {
        "original": "bronchiolitis obliterans",
        "expanded": [
            "What is bronchiolitis obliterans?",
            "What are the causes and risk factors of bronchiolitis obliterans?",
            "What are the symptoms and treatment options for bronchiolitis obliterans?"
        ]
    },
    "PLAIN-782": {
        "original": "Bush administration",
        "expanded": [
            "Who was the president during the Bush administration?",
            "What were the major events during the Bush administration?",
            "What were the domestic policies of the Bush administration?"
        ]
    },
    "PLAIN-792": {
        "original": "cadaverine",
        "expanded": [
            "What is cadaverine?",
            "What are the effects of cadaverine on the human body?",
            "What are the uses of cadaverine in forensic science?"
        ]
    },
    "PLAIN-806": {
        "original": "caloric restriction",
        "expanded": [
            "What is caloric restriction?",
            "What are the benefits of caloric restriction?",
            "How does caloric restriction affect longevity?"
        ]
    },
    "PLAIN-817": {
        "original": "canker sores",
        "expanded": [
            "What are canker sores?",
            "What causes canker sores?",
            "How are canker sores treated and prevented?"
        ]
    },
    "PLAIN-827": {
        "original": "carcinogens",
        "expanded": [
            "What are carcinogens?",
            "Examples of carcinogens",
            "How to minimize exposure to carcinogens"
        ]
    },
    "PLAIN-838": {
        "original": "carrageenan",
        "expanded": [
            "What is carrageenan?",
            "What are the uses of carrageenan?",
            "Is carrageenan safe to consume?"
        ]
    },
    "PLAIN-850": {
        "original": "cauliflower",
        "expanded": [
            "What are the nutritional benefits of cauliflower?",
            "How do I cook cauliflower?",
            "What are some popular dishes that use cauliflower?"
        ]
    },
    "PLAIN-872": {
        "original": "chanterelle mushrooms",
        "expanded": [
            "What are chanterelle mushrooms?",
            "Where do chanterelle mushrooms grow?",
            "How to cook chanterelle mushrooms?"
        ]
    },
    "PLAIN-882": {
        "original": "Chernobyl",
        "expanded": [
            "What is the Chernobyl disaster?",
            "Where is Chernobyl located?",
            "What were the consequences of the Chernobyl disaster?"
        ]
    },
    "PLAIN-892": {
        "original": "chickpeas",
        "expanded": [
            "What are chickpeas?",
            "What are the health benefits of chickpeas?",
            "How are chickpeas used in cooking?"
        ]
    },
    "PLAIN-902": {
        "original": "chlorophyll",
        "expanded": [
            "What is chlorophyll?",
            "What is the function of chlorophyll?",
            "What are the different types of chlorophyll?"
        ]
    },
    "PLAIN-913": {
        "original": "cinnamon",
        "expanded": [
            "What is cinnamon?",
            "What are the health benefits of cinnamon?",
            "How is cinnamon used in cooking?"
        ]
    },
    "PLAIN-924": {
        "original": "cocaine",
        "expanded": [
            "What is cocaine?",
            "What are the effects of cocaine use?",
            "How is cocaine typically used and distributed?"
        ]
    },
    "PLAIN-934": {
        "original": "coffee",
        "expanded": [
            "What is coffee?",
            "What are the benefits of coffee?",
            "How is coffee prepared?"
        ]
    },
    "PLAIN-946": {
        "original": "coma",
        "expanded": [
            "What is a coma?",
            "What are the causes of coma?",
            "What is the treatment for coma?"
        ]
    },
    "PLAIN-956": {
        "original": "cooking methods",
        "expanded": [
            "What are the basic cooking methods?",
            "What are the different heat-based cooking methods?",
            "What are some advanced cooking methods?"
        ]
    },
    "PLAIN-966": {
        "original": "cortisol",
        "expanded": [
            "What is cortisol?",
            "What are the functions of cortisol?",
            "What are the effects of high cortisol levels?"
        ]
    },
    "PLAIN-977": {
        "original": "crib death",
        "expanded": [
            "What is crib death?",
            "What are the risk factors for crib death?",
            "How can crib death be prevented?"
        ]
    },
    "PLAIN-987": {
        "original": "cumin",
        "expanded": [
            "What is cumin?",
            "What are the health benefits of cumin?",
            "How do I use cumin in cooking?"
        ]
    },
    "PLAIN-997": {
        "original": "Czechoslovakia",
        "expanded": [
            "What was Czechoslovakia?",
            "Where was Czechoslovakia located?",
            "What was the history of Czechoslovakia?"
        ]
    },
    "PLAIN-1008": {
        "original": "deafness",
        "expanded": [
            "What is deafness?",
            "Causes of deafness?",
            "How to diagnose and treat deafness?"
        ]
    },
    "PLAIN-1018": {
        "original": "DHA",
        "expanded": [
            "What is DHA?",
            "What are the health benefits of DHA?",
            "What are the food sources of DHA?"
        ]
    },
    "PLAIN-1028": {
        "original": "dietary scoring",
        "expanded": [
            "What is dietary scoring?",
            "What are the different types of dietary scoring systems?",
            "How is dietary scoring used in nutrition research and practice?"
        ]
    },
    "PLAIN-1039": {
        "original": "domoic acid",
        "expanded": [
            "What is domoic acid?",
            "Where is domoic acid found?",
            "What are the effects of domoic acid poisoning?"
        ]
    },
    "PLAIN-1050": {
        "original": "Dr. Dean Ornish",
        "expanded": [
            "Who is Dr. Dean Ornish?",
            "What is Dr. Dean Ornish's area of expertise?",
            "What are Dr. Dean Ornish's notable achievements?"
        ]
    },
    "PLAIN-1066": {
        "original": "Dr. Walter Willett",
        "expanded": [
            "Who is Dr. Walter Willett?",
            "What is Dr. Walter Willett known for?",
            "What are Dr. Walter Willett's notable works?"
        ]
    },
    "PLAIN-1088": {
        "original": "ECMO",
        "expanded": [
            "What is ECMO?",
            "How does ECMO work?",
            "What are the indications and contraindications for ECMO?"
        ]
    },
    "PLAIN-1098": {
        "original": "eggnog",
        "expanded": [
            "What is eggnog?",
            "What are the origins of eggnog?",
            "How is eggnog typically served?"
        ]
    },
    "PLAIN-1109": {
        "original": "endocrine disruptors",
        "expanded": [
            "What are endocrine disruptors?",
            "Examples of endocrine disruptors",
            "Health effects of endocrine disruptors"
        ]
    },
    "PLAIN-1119": {
        "original": "energy drinks",
        "expanded": [
            "What are energy drinks?",
            "What are the benefits of energy drinks?",
            "Are energy drinks safe to consume?"
        ]
    },
    "PLAIN-1130": {
        "original": "ergothioneine",
        "expanded": [
            "What is ergothioneine?",
            "What are the benefits of ergothioneine?",
            "Where can ergothioneine be found in nature?"
        ]
    },
    "PLAIN-1141": {
        "original": "Evidence-based medicine",
        "expanded": [
            "What is evidence-based medicine?",
            "Key principles of evidence-based medicine",
            "History and development of evidence-based medicine"
        ]
    },
    "PLAIN-1151": {
        "original": "factory farming practices",
        "expanded": [
            "What is factory farming?",
            "What are the common practices of factory farming?",
            "What are the environmental and social impacts of factory farming?"
        ]
    },
    "PLAIN-1161": {
        "original": "fava beans",
        "expanded": [
            "What are fava beans?",
            "How do I cook fava beans?",
            "What are the health benefits of fava beans?"
        ]
    },
    "PLAIN-1172": {
        "original": "fenugreek",
        "expanded": [
            "What is fenugreek?",
            "What are the health benefits of fenugreek?",
            "How to use fenugreek in cooking?"
        ]
    },
    "PLAIN-1183": {
        "original": "Finland",
        "expanded": [
            "Where is Finland located?",
            "What is the capital of Finland?",
            "What is Finland known for?"
        ]
    },
    "PLAIN-1193": {
        "original": "flax oil",
        "expanded": [
            "What is flax oil?",
            "What are the benefits of flax oil?",
            "How to use flax oil?"
        ]
    },
    "PLAIN-1203": {
        "original": "folic acid",
        "expanded": [
            "What is folic acid?",
            "What are the benefits of folic acid?",
            "How to get enough folic acid?"
        ]
    },
    "PLAIN-1214": {
        "original": "Fosamax",
        "expanded": [
            "What is Fosamax?",
            "What are the uses of Fosamax?",
            "What are the side effects of Fosamax?"
        ]
    },
    "PLAIN-1225": {
        "original": "fructose",
        "expanded": [
            "What is fructose?",
            "What are the sources of fructose?",
            "What are the health effects of consuming fructose?"
        ]
    },
    "PLAIN-1236": {
        "original": "galactosemia",
        "expanded": [
            "What is galactosemia?",
            "What are the symptoms of galactosemia?",
            "How is galactosemia diagnosed and treated?"
        ]
    },
    "PLAIN-1249": {
        "original": "genetic manipulation",
        "expanded": [
            "What is genetic manipulation?",
            "What are the types of genetic manipulation?",
            "What are the applications and ethics of genetic manipulation?"
        ]
    },
    "PLAIN-1262": {
        "original": "Global Burden of Disease Study",
        "expanded": [
            "What is the Global Burden of Disease (GBD) Study?",
            "What are the key metrics used in the GBD Study to measure disease burden?",
            "What are some of the key findings and applications of the GBD Study?"
        ]
    },
    "PLAIN-1275": {
        "original": "goji berries",
        "expanded": [
            "What are goji berries?",
            "What are the health benefits of goji berries?",
            "How do I incorporate goji berries into my diet?"
        ]
    },
    "PLAIN-1288": {
        "original": "grapes",
        "expanded": [
            "What are grapes?",
            "What are the health benefits of grapes?",
            "How are grapes used in winemaking?"
        ]
    },
    "PLAIN-1299": {
        "original": "growth promoters",
        "expanded": [
            "What are growth promoters?",
            "Types of growth promoters",
            "Applications of growth promoters"
        ]
    },
    "PLAIN-1309": {
        "original": "halibut",
        "expanded": [
            "What is halibut?",
            "Where is halibut found?",
            "How is halibut prepared and consumed?"
        ]
    },
    "PLAIN-1320": {
        "original": "Harvard Physicians\u2019 Study II",
        "expanded": [
            "What is the Harvard Physicians' Study II?",
            "What are the main objectives of the Harvard Physicians' Study II?",
            "What are the significant findings of the Harvard Physicians' Study II?"
        ]
    },
    "PLAIN-1331": {
        "original": "hearing",
        "expanded": [
            "What is hearing?",
            "How does hearing work?",
            "What are some common hearing-related issues?"
        ]
    },
    "PLAIN-1342": {
        "original": "heme iron",
        "expanded": [
            "What is heme iron?",
            "What are the sources of heme iron?",
            "What are the benefits of heme iron?"
        ]
    },
    "PLAIN-1353": {
        "original": "hernia",
        "expanded": [
            "What is a hernia?",
            "What are the types of hernias?",
            "What are the symptoms and treatment options for hernias?"
        ]
    },
    "PLAIN-1363": {
        "original": "Hiroshima",
        "expanded": [
            "What is Hiroshima?",
            "What is Hiroshima known for?",
            "What is Hiroshima like today?"
        ]
    },
    "PLAIN-1374": {
        "original": "hormonal dysfunction",
        "expanded": [
            "What are the common types of hormonal dysfunction?",
            "What are the causes of hormonal dysfunction?",
            "How is hormonal dysfunction diagnosed and treated?"
        ]
    },
    "PLAIN-1387": {
        "original": "hyperactivity",
        "expanded": [
            "What is hyperactivity?",
            "What are the causes of hyperactivity?",
            "How is hyperactivity treated?"
        ]
    },
    "PLAIN-1398": {
        "original": "IGF-1",
        "expanded": [
            "What is IGF-1?",
            "What are the functions of IGF-1?",
            "What are the implications of IGF-1 deficiency or excess?"
        ]
    },
    "PLAIN-1409": {
        "original": "industrial toxins",
        "expanded": [
            "What are industrial toxins?",
            "What are the sources of industrial toxins?",
            "What are the health effects of industrial toxins?"
        ]
    },
    "PLAIN-1419": {
        "original": "insects",
        "expanded": [
            "What is the definition of insects?",
            "What are the different types of insects?",
            "What are the importance of insects in the ecosystem?"
        ]
    },
    "PLAIN-1429": {
        "original": "Iowa Women\u2019s Health Study",
        "expanded": [
            "What is the Iowa Women's Health Study?",
            "What are the main objectives of the Iowa Women's Health Study?",
            "What are the findings and significance of the Iowa Women's Health Study?"
        ]
    },
    "PLAIN-1441": {
        "original": "Japan",
        "expanded": [
            "What is Japan?",
            "What is Japan's history?",
            "What is Japan's culture like?"
        ]
    },
    "PLAIN-1453": {
        "original": "junk food",
        "expanded": [
            "What is junk food?",
            "Why is junk food bad for you?",
            "How can I avoid junk food?"
        ]
    },
    "PLAIN-1463": {
        "original": "kidney beans",
        "expanded": [
            "What are kidney beans?",
            "Nutritional benefits of kidney beans?",
            "How to cook kidney beans?"
        ]
    },
    "PLAIN-1473": {
        "original": "kohlrabi",
        "expanded": [
            "What is kohlrabi?",
            "How do you prepare kohlrabi?",
            "What are the health benefits of kohlrabi?"
        ]
    },
    "PLAIN-1485": {
        "original": "lard",
        "expanded": [
            "What is lard?",
            "How is lard used in cooking?",
            "Is lard healthy to eat?"
        ]
    },
    "PLAIN-1496": {
        "original": "leeks",
        "expanded": [
            "What are leeks?",
            "How do you cook leeks?",
            "What are the health benefits of leeks?"
        ]
    },
    "PLAIN-1506": {
        "original": "leucine",
        "expanded": [
            "What is leucine?",
            "What are the benefits of leucine?",
            "Food sources of leucine"
        ]
    },
    "PLAIN-1516": {
        "original": "Lindane",
        "expanded": [
            "What is Lindane?",
            "What are the uses of Lindane?",
            "What are the risks and side effects of Lindane?"
        ]
    },
    "PLAIN-1527": {
        "original": "liver disease",
        "expanded": [
            "What is liver disease?",
            "What are the types of liver disease?",
            "What are the symptoms and treatment options for liver disease?"
        ]
    },
    "PLAIN-1537": {
        "original": "low-carb diets",
        "expanded": [
            "What is a low-carb diet?",
            "What are the benefits of a low-carb diet?",
            "What are some examples of low-carb foods?"
        ]
    },
    "PLAIN-1547": {
        "original": "lyme disease",
        "expanded": [
            "What is Lyme disease?",
            "How is Lyme disease diagnosed and treated?",
            "How can I prevent getting Lyme disease?"
        ]
    },
    "PLAIN-1557": {
        "original": "magnesium",
        "expanded": [
            "What is magnesium?",
            "What are the benefits of magnesium?",
            "How do I get enough magnesium?"
        ]
    },
    "PLAIN-1568": {
        "original": "maple syrup",
        "expanded": [
            "What is maple syrup?",
            "How is maple syrup made?",
            "What are the different types of maple syrup?"
        ]
    },
    "PLAIN-1579": {
        "original": "mastitis",
        "expanded": [
            "What is mastitis?",
            "What are the causes of mastitis?",
            "How is mastitis treated?"
        ]
    },
    "PLAIN-1590": {
        "original": "medical ethics",
        "expanded": [
            "What is medical ethics?",
            "What are the principles of medical ethics?",
            "What are some common ethical issues in medicine?"
        ]
    },
    "PLAIN-1601": {
        "original": "memory",
        "expanded": [
            "What is memory?",
            "Types of memory?",
            "How does memory work?"
        ]
    },
    "PLAIN-1611": {
        "original": "mesquite",
        "expanded": [
            "What is mesquite?",
            "What is mesquite wood used for?",
            "Is mesquite edible?"
        ]
    },
    "PLAIN-1621": {
        "original": "Mevacor",
        "expanded": [
            "What is Mevacor?",
            "What is Mevacor used for?",
            "What are the side effects of Mevacor?"
        ]
    },
    "PLAIN-1635": {
        "original": "milk",
        "expanded": [
            "What is milk?",
            "Types of milk",
            "Benefits of milk"
        ]
    },
    "PLAIN-1645": {
        "original": "molasses",
        "expanded": [
            "What is molasses?",
            "What are the uses of molasses?",
            "What are the different types of molasses?"
        ]
    },
    "PLAIN-1656": {
        "original": "mouth cancer",
        "expanded": [
            "What is mouth cancer?",
            "What are the symptoms of mouth cancer?",
            "What are the causes and risk factors of mouth cancer?"
        ]
    },
    "PLAIN-1667": {
        "original": "muscle health",
        "expanded": [
            "What are the benefits of good muscle health?",
            "What are common muscle health problems?",
            "How can I improve my muscle health?"
        ]
    },
    "PLAIN-1679": {
        "original": "myelopathy",
        "expanded": [
            "What is myelopathy?",
            "What are the symptoms of myelopathy?",
            "How is myelopathy diagnosed and treated?"
        ]
    },
    "PLAIN-1690": {
        "original": "National Academy of Sciences",
        "expanded": [
            "What is the National Academy of Sciences?",
            "What are the main objectives of the National Academy of Sciences?",
            "What is the composition of the National Academy of Sciences?"
        ]
    },
    "PLAIN-1700": {
        "original": "Native Americans",
        "expanded": [
            "Who are Native Americans?",
            "What is the history of Native Americans?",
            "What are the challenges faced by Native Americans today?"
        ]
    },
    "PLAIN-1710": {
        "original": "neurocysticercosis",
        "expanded": [
            "What is neurocysticercosis?",
            "How is neurocysticercosis transmitted?",
            "How is neurocysticercosis diagnosed and treated?"
        ]
    },
    "PLAIN-1721": {
        "original": "NIH-AARP study",
        "expanded": [
            "What is the NIH-AARP study?",
            "What is the purpose of the NIH-AARP study?",
            "What are the key findings of the NIH-AARP study?"
        ]
    },
    "PLAIN-1731": {
        "original": "norovirus",
        "expanded": [
            "What is norovirus?",
            "How is norovirus spread?",
            "How is norovirus treated?"
        ]
    },
    "PLAIN-1741": {
        "original": "nuts",
        "expanded": [
            "What are nuts?",
            "What are the health benefits of nuts?",
            "How to store and crack nuts?"
        ]
    },
    "PLAIN-1752": {
        "original": "okra",
        "expanded": [
            "What is okra?",
            "How do you cook okra?",
            "What are the health benefits of okra?"
        ]
    },
    "PLAIN-1762": {
        "original": "oral intraepithelial neoplasia",
        "expanded": [
            "What is oral intraepithelial neoplasia?",
            "What are the causes and risk factors of oral intraepithelial neoplasia?",
            "How is oral intraepithelial neoplasia diagnosed and treated?"
        ]
    },
    "PLAIN-1772": {
        "original": "organotins",
        "expanded": [
            "What are organotins?",
            "What are the uses of organotins?",
            "Are organotins toxic or environmentally hazardous?"
        ]
    },
    "PLAIN-1784": {
        "original": "oxen meat",
        "expanded": [
            "What is oxen meat?",
            "Is oxen meat healthy?",
            "How is oxen meat used in cooking?"
        ]
    },
    "PLAIN-1794": {
        "original": "Panama",
        "expanded": [
            "Where is Panama located?",
            "What is the Panama Canal?",
            "What is Panama's economy like?"
        ]
    },
    "PLAIN-1805": {
        "original": "Parkinson's disease",
        "expanded": [
            "What is Parkinson's disease?",
            "What are the causes and risk factors of Parkinson's disease?",
            "How is Parkinson's disease diagnosed and treated?"
        ]
    },
    "PLAIN-1817": {
        "original": "peanut butter",
        "expanded": [
            "What is peanut butter?",
            "What are the health benefits of peanut butter?",
            "How do you make peanut butter at home?"
        ]
    },
    "PLAIN-1827": {
        "original": "Peoria",
        "expanded": [
            "What is Peoria?",
            "Where is Peoria located?",
            "What is Peoria famous for?"
        ]
    },
    "PLAIN-1837": {
        "original": "pesticides",
        "expanded": [
            "What are pesticides?",
            "Types of pesticides",
            "Effects of pesticides on the environment"
        ]
    },
    "PLAIN-1847": {
        "original": "philippines",
        "expanded": [
            "What is the Philippines?",
            "What are the main attractions in the Philippines?",
            "What is the economy of the Philippines like?"
        ]
    },
    "PLAIN-1857": {
        "original": "phytic acid",
        "expanded": [
            "What is phytic acid?",
            "What are the effects of phytic acid on nutrition?",
            "How can phytic acid be reduced or eliminated in food?"
        ]
    },
    "PLAIN-1867": {
        "original": "pineapples",
        "expanded": [
            "What is the origin of pineapples?",
            "What are the nutritional benefits of pineapples?",
            "How do you grow pineapples?"
        ]
    },
    "PLAIN-1877": {
        "original": "plant-based diet",
        "expanded": [
            "What is a plant-based diet?",
            "What are the benefits of a plant-based diet?",
            "How to transition to a plant-based diet?"
        ]
    },
    "PLAIN-1887": {
        "original": "poisonous plants",
        "expanded": [
            "What are some common poisonous plants?",
            "What are the symptoms of poisoning from plants?",
            "How can I identify poisonous plants?"
        ]
    },
    "PLAIN-1897": {
        "original": "polypropylene plastic",
        "expanded": [
            "What is polypropylene?",
            "What are the properties of polypropylene plastic?",
            "What are the common uses of polypropylene plastic?"
        ]
    },
    "PLAIN-1909": {
        "original": "pork",
        "expanded": [
            "What is pork?",
            "Nutritional benefits of pork",
            "Popular pork dishes and cuisines"
        ]
    },
    "PLAIN-1919": {
        "original": "poultry workers",
        "expanded": [
            "What do poultry workers do?",
            "What are the working conditions for poultry workers?",
            "What training and skills do poultry workers need?"
        ]
    },
    "PLAIN-1929": {
        "original": "prenatal vitamins",
        "expanded": [
            "What are prenatal vitamins?",
            "Why are prenatal vitamins important?",
            "How do I choose the right prenatal vitamin?"
        ]
    },
    "PLAIN-1940": {
        "original": "prolactin",
        "expanded": [
            "What is prolactin?",
            "What are the functions of prolactin?",
            "What are the effects of abnormal prolactin levels?"
        ]
    },
    "PLAIN-1950": {
        "original": "prunes",
        "expanded": [
            "What are prunes?",
            "What are the health benefits of prunes?",
            "How do you use prunes in cooking?"
        ]
    },
    "PLAIN-1962": {
        "original": "pumpkin",
        "expanded": [
            "What is a pumpkin?",
            "What are the uses of pumpkin?",
            "How do you grow pumpkins?"
        ]
    },
    "PLAIN-1972": {
        "original": "quinine",
        "expanded": [
            "What is quinine?",
            "What are the medical uses of quinine?",
            "What are the side effects of quinine?"
        ]
    },
    "PLAIN-1983": {
        "original": "rapamycin",
        "expanded": [
            "What is rapamycin?",
            "What are the therapeutic uses of rapamycin?",
            "What are the potential benefits of rapamycin in aging research?"
        ]
    },
    "PLAIN-1995": {
        "original": "red tea",
        "expanded": [
            "What is red tea?",
            "Where does red tea come from?",
            "What are the benefits of drinking red tea?"
        ]
    },
    "PLAIN-2009": {
        "original": "rhabdomyolysis",
        "expanded": [
            "What is rhabdomyolysis?",
            "What are the causes and risk factors of rhabdomyolysis?",
            "How is rhabdomyolysis diagnosed and treated?"
        ]
    },
    "PLAIN-2019": {
        "original": "rickets",
        "expanded": [
            "What is rickets?",
            "What are the causes of rickets?",
            "How is rickets diagnosed and treated?"
        ]
    },
    "PLAIN-2030": {
        "original": "Rutin",
        "expanded": [
            "What is Rutin?",
            "What are the benefits of Rutin?",
            "How is Rutin used?"
        ]
    },
    "PLAIN-2040": {
        "original": "salmon",
        "expanded": [
            "What is salmon?",
            "What are the different types of salmon?",
            "What are the health benefits of eating salmon?"
        ]
    },
    "PLAIN-2051": {
        "original": "saturated fat",
        "expanded": [
            "What is saturated fat?",
            "What are the effects of consuming saturated fat on health?",
            "How can I reduce my intake of saturated fat?"
        ]
    },
    "PLAIN-2061": {
        "original": "seafood",
        "expanded": [
            "What types of seafood are there?",
            "What are the nutritional benefits of seafood?",
            "How do I prepare and cook seafood?"
        ]
    },
    "PLAIN-2071": {
        "original": "serotonin",
        "expanded": [
            "What is serotonin?",
            "What are the functions of serotonin?",
            "What are the effects of low serotonin levels?"
        ]
    },
    "PLAIN-2081": {
        "original": "shelf life",
        "expanded": [
            "What is shelf life?",
            "How is shelf life determined?",
            "How can shelf life be extended?"
        ]
    },
    "PLAIN-2092": {
        "original": "sirtuins",
        "expanded": [
            "What are sirtuins?",
            "What are the functions of sirtuins?",
            "What is the role of sirtuins in disease?"
        ]
    },
    "PLAIN-2102": {
        "original": "smoking",
        "expanded": [
            "What is smoking?",
            "What are the health risks of smoking?",
            "How can someone quit smoking?"
        ]
    },
    "PLAIN-2113": {
        "original": "soil health",
        "expanded": [
            "What is soil health?",
            "What factors affect soil health?",
            "How can soil health be improved?"
        ]
    },
    "PLAIN-2124": {
        "original": "spearmint",
        "expanded": [
            "What is spearmint?",
            "What are the health benefits of spearmint?",
            "How to grow spearmint?"
        ]
    },
    "PLAIN-2134": {
        "original": "Splenda",
        "expanded": [
            "What is Splenda?",
            "How does Splenda work?",
            "Is Splenda safe to consume?"
        ]
    },
    "PLAIN-2145": {
        "original": "St. John's wort",
        "expanded": [
            "What is St. John's wort?",
            "What are the benefits of St. John's wort?",
            "Are there any side effects or interactions with St. John's wort?"
        ]
    },
    "PLAIN-2156": {
        "original": "stevia",
        "expanded": [
            "What is stevia?",
            "What are the benefits of stevia?",
            "How is stevia used?"
        ]
    },
    "PLAIN-2167": {
        "original": "subsidies",
        "expanded": [
            "What are subsidies?",
            "Types of subsidies",
            "Advantages and disadvantages of subsidies"
        ]
    },
    "PLAIN-2177": {
        "original": "sulfur",
        "expanded": [
            "What is sulfur?",
            "Where is sulfur found?",
            "What are the uses of sulfur?"
        ]
    },
    "PLAIN-2187": {
        "original": "suppositories",
        "expanded": [
            "What are suppositories?",
            "What are suppositories used for?",
            "How do suppositories work?"
        ]
    },
    "PLAIN-2197": {
        "original": "sweeteners",
        "expanded": [
            "What are natural sweeteners?",
            "What are artificial sweeteners?",
            "How do sweeteners affect health?"
        ]
    },
    "PLAIN-2209": {
        "original": "taro",
        "expanded": [
            "What is taro?",
            "What are the health benefits of taro?",
            "How is taro used in cooking?"
        ]
    },
    "PLAIN-2220": {
        "original": "tempeh",
        "expanded": [
            "What is tempeh?",
            "How is tempeh made?",
            "What are the health benefits of tempeh?"
        ]
    },
    "PLAIN-2230": {
        "original": "thiamine",
        "expanded": [
            "What is thiamine?",
            "What are the food sources of thiamine?",
            "What are the benefits and deficiency symptoms of thiamine?"
        ]
    },
    "PLAIN-2240": {
        "original": "titanium dioxide",
        "expanded": [
            "What is titanium dioxide?",
            "What are the uses of titanium dioxide?",
            "Is titanium dioxide safe for human health and the environment?"
        ]
    },
    "PLAIN-2250": {
        "original": "tongue worm",
        "expanded": [
            "What is a tongue worm?",
            "How do humans get infected with tongue worms?",
            "What are the symptoms of a tongue worm infection?"
        ]
    },
    "PLAIN-2261": {
        "original": "trans fats",
        "expanded": [
            "What are trans fats?",
            "Why are trans fats bad for health?",
            "How can I avoid trans fats in my diet?"
        ]
    },
    "PLAIN-2271": {
        "original": "Tufts",
        "expanded": [
            "What is Tufts?",
            "What are Tufts University's academic programs?",
            "What is Tufts University known for?"
        ]
    },
    "PLAIN-2281": {
        "original": "turnips",
        "expanded": [
            "What are turnips?",
            "How do you cook turnips?",
            "What are the health benefits of turnips?"
        ]
    },
    "PLAIN-2291": {
        "original": "ultra-processed foods",
        "expanded": [
            "What are ultra-processed foods?",
            "Are ultra-processed foods bad for health?",
            "How can I avoid ultra-processed foods in my diet?"
        ]
    },
    "PLAIN-2301": {
        "original": "uterine health",
        "expanded": [
            "What is the importance of uterine health?",
            "What are common uterine health issues?",
            "How can uterine health be maintained?"
        ]
    },
    "PLAIN-2311": {
        "original": "veal",
        "expanded": [
            "What is veal?",
            "How is veal produced?",
            "What are the different types of veal?"
        ]
    },
    "PLAIN-2321": {
        "original": "veggie chicken",
        "expanded": [
            "What is veggie chicken?",
            "Is veggie chicken healthy?",
            "How do I cook veggie chicken?"
        ]
    },
    "PLAIN-2332": {
        "original": "viral infections",
        "expanded": [
            "What are viral infections?",
            "What are the symptoms of viral infections?",
            "How are viral infections treated and prevented?"
        ]
    },
    "PLAIN-2343": {
        "original": "vitamin K",
        "expanded": [
            "What is vitamin K?",
            "What are the benefits of vitamin K?",
            "What are the sources of vitamin K?"
        ]
    },
    "PLAIN-2354": {
        "original": "walnut oil",
        "expanded": [
            "What is walnut oil?",
            "What are the health benefits of walnut oil?",
            "How is walnut oil used in cooking?"
        ]
    },
    "PLAIN-2364": {
        "original": "weight gain",
        "expanded": [
            "How to gain weight healthily",
            "Reasons for unintended weight gain",
            "Weight gain strategies for underweight individuals"
        ]
    },
    "PLAIN-2375": {
        "original": "whiting",
        "expanded": [
            "What is whiting?",
            "What does whiting taste like?",
            "How is whiting typically prepared?"
        ]
    },
    "PLAIN-2386": {
        "original": "worms",
        "expanded": [
            "What are worms?",
            "Types of worms?",
            "Importance of worms?"
        ]
    },
    "PLAIN-2396": {
        "original": "Yale",
        "expanded": [
            "What is Yale University?",
            "What are Yale University's most notable programs and schools?",
            "What is Yale University's history and significance?"
        ]
    },
    "PLAIN-2408": {
        "original": "Zoloft",
        "expanded": [
            "What is Zoloft?",
            "What are the uses of Zoloft?",
            "What are the side effects of Zoloft?"
        ]
    },
    "PLAIN-2430": {
        "original": "Preventing Brain Loss with B Vitamins?",
        "expanded": [
            "Which B vitamins are essential for brain health?",
            "What are the benefits of taking B vitamins for brain health?",
            "Can B vitamins slow down or reverse brain loss?"
        ]
    },
    "PLAIN-2440": {
        "original": "More Than an Apple a Day: Combating Common Diseases",
        "expanded": [
            "What are the most common diseases that affect humans?",
            "What are the key risk factors for these common diseases?",
            "What are some effective strategies for preventing and managing these diseases?"
        ]
    },
    "PLAIN-2450": {
        "original": "Are Organic Foods Safer?",
        "expanded": [
            "What are the key differences between organic and conventional farming practices?",
            "Do organic foods contain fewer pesticide residues than conventional foods?",
            "Is there a lower risk of antibiotic-resistant bacteria in organic meat and poultry?"
        ]
    },
    "PLAIN-2460": {
        "original": "Diabetes as a Disease of Fat Toxicity",
        "expanded": [
            "What is fat toxicity and its relationship to diabetes?",
            "How does fat accumulation in the pancreas contribute to diabetes?",
            "What are the potential therapeutic strategies for targeting fat toxicity in diabetes?"
        ]
    },
    "PLAIN-2470": {
        "original": "Is Milk Good for Our Bones?",
        "expanded": [
            "What are the nutrients in milk that are beneficial for bone health?",
            "How does milk consumption affect bone density and osteoporosis risk?",
            "Are there any potential drawbacks or considerations to milk consumption for bone health?"
        ]
    },
    "PLAIN-2480": {
        "original": "Preventing Ulcerative Colitis with Diet",
        "expanded": [
            "What are the dietary risk factors for Ulcerative Colitis?",
            "What dietary changes can help prevent Ulcerative Colitis?",
            "Are there any specific nutrients or supplements that can help prevent Ulcerative Colitis?"
        ]
    },
    "PLAIN-2490": {
        "original": "The Actual Benefit of Diet vs. Drugs",
        "expanded": [
            "What are the benefits of diet in preventing and managing diseases?",
            "What are the benefits of drugs in treating diseases, and what are their limitations?",
            "How does the effectiveness of diet compare to that of drugs in preventing and treating diseases, and what are the advantages of combining both approaches?"
        ]
    },
    "PLAIN-2500": {
        "original": "The Saturated Fat Studies: Buttering Up the Public",
        "expanded": [
            "What are the traditional perceptions of saturated fats in the context of public health?",
            "What do recent studies suggest about the relationship between saturated fats and heart disease?",
            "How have food industry interests and public perception influenced the scientific debate on saturated fats?"
        ]
    },
    "PLAIN-2510": {
        "original": "Coffee and Artery Function",
        "expanded": [
            "How does coffee affect blood flow?",
            "What is the relationship between coffee consumption and artery stiffness?",
            "Can excessive coffee consumption have negative effects on artery function?"
        ]
    },
    "PLAIN-2520": {
        "original": "Caloric Restriction vs. Plant-Based Diets",
        "expanded": [
            "What are the benefits of caloric restriction on human health?",
            "What are the benefits of plant-based diets on human health?",
            "How do caloric restriction and plant-based diets compare in terms of weight loss and overall health outcomes?"
        ]
    },
    "PLAIN-2530": {
        "original": "Infectobesity: Adenovirus 36 and Childhood Obesity",
        "expanded": [
            "What is infectobesity?",
            "What is Adenovirus 36 and how is it related to obesity?",
            "Is there a link between Adenovirus 36 and childhood obesity?"
        ]
    },
    "PLAIN-2540": {
        "original": "Does Cholesterol Size Matter?",
        "expanded": [
            "What are the different sizes of cholesterol?",
            "How do cholesterol sizes affect heart health?",
            "Can cholesterol size be modified through diet or lifestyle changes?"
        ]
    },
    "PLAIN-2550": {
        "original": "Barriers to Heart Disease Prevention",
        "expanded": [
            "Socioeconomic barriers to heart disease prevention",
            "Lack of access to healthcare as a barrier to heart disease prevention",
            "Cultural and environmental barriers to heart disease prevention"
        ]
    },
    "PLAIN-2560": {
        "original": "Childhood Constipation and Cow\u2019s Milk",
        "expanded": [
            "What is the prevalence of constipation in children?",
            "Is cow's milk a common cause of childhood constipation?",
            "How does cow's milk consumption contribute to childhood constipation?"
        ]
    },
    "PLAIN-2570": {
        "original": "Diabetics Should Take Their Pulses",
        "expanded": [
            "Why is pulse important for diabetics?",
            "How does diabetes affect the cardiovascular system?",
            "How often should diabetics take their pulse?"
        ]
    },
    "PLAIN-2580": {
        "original": "Academy of Nutrition and Dietetics Conflicts of Interest",
        "expanded": [
            "What is the Academy of Nutrition and Dietetics?",
            "What kind of conflicts of interest might the Academy of Nutrition and Dietetics have?",
            "How does the Academy of Nutrition and Dietetics address conflicts of interest?"
        ]
    },
    "PLAIN-2590": {
        "original": "Do Vegetarians Get Enough Protein?",
        "expanded": [
            "What are the recommended daily intake of protein for adults?",
            "Are plant-based sources of protein adequate to meet daily needs?",
            "What are some high-protein foods that vegetarians can include in their diet?"
        ]
    },
    "PLAIN-2600": {
        "original": "Eggs and Arterial Function",
        "expanded": [
            "Do eggs have a positive or negative impact on arterial function?",
            "What are the key nutrients in eggs that affect arterial function?",
            "Are there any specific populations that should limit or avoid egg consumption due to arterial function concerns?"
        ]
    },
    "PLAIN-2610": {
        "original": "Treating Asthma With Plants vs. Supplements?",
        "expanded": [
            "What plants are used to treat asthma?",
            "What supplements are used to treat asthma?",
            "What are the advantages and disadvantages of using plants versus supplements to treat asthma?"
        ]
    },
    "PLAIN-2620": {
        "original": "Phytates for the Treatment of Cancer",
        "expanded": [
            "What are phytates and their sources?",
            "What are the anti-cancer properties of phytates?",
            "What is the current state of research on phytates as a cancer treatment?"
        ]
    },
    "PLAIN-2630": {
        "original": "Alkylphenol Endocrine Disruptors and Allergies",
        "expanded": [
            "What are alkylphenol endocrine disruptors?",
            "How do alkylphenol endocrine disruptors affect the immune system?",
            "Is there a link between alkylphenol endocrine disruptors and allergy prevalence?"
        ]
    },
    "PLAIN-2640": {
        "original": "Chicken Salmonella Thanks to Meat Industry Lawsuit",
        "expanded": [
            "What is Salmonella and its impact on human health?",
            "How is Salmonella linked to the meat industry?",
            "What is the significance of the lawsuit against the meat industry regarding Salmonella contamination?"
        ]
    },
    "PLAIN-2650": {
        "original": "Turmeric Curcumin and Osteoarthritis",
        "expanded": [
            "What is Turmeric Curcumin?",
            "How does Turmeric Curcumin affect Osteoarthritis?",
            "What is the recommended dosage of Turmeric Curcumin for Osteoarthritis?"
        ]
    },
    "PLAIN-2660": {
        "original": "How Long to Detox From Fish Before Pregnancy?",
        "expanded": [
            "What are the toxins found in fish that can affect pregnancy?",
            "How do these toxins affect fetal development and pregnancy outcomes?",
            "What is the recommended detox period before pregnancy to reduce the risk of toxin exposure?"
        ]
    },
    "PLAIN-2670": {
        "original": "Is Caramel Color Carcinogenic?",
        "expanded": [
            "What is caramel color and how is it used in food products?",
            "Are there any potential health risks associated with consuming caramel color?",
            "What regulatory actions have been taken to address the potential carcinogenicity of caramel color?"
        ]
    },
    "PLAIN-2680": {
        "original": "Counteracting the Effects of Dioxins Through Diet",
        "expanded": [
            "What are dioxins and how do they affect the body?",
            "Which foods are most likely to contain high levels of dioxins?",
            "What dietary changes can help counteract the effects of dioxins?"
        ]
    },
    "PLAIN-2690": {
        "original": "Chronic Headaches and Pork Tapeworms",
        "expanded": [
            "Can pork tapeworms cause headaches?",
            "How do pork tapeworms infect the brain?",
            "How are chronic headaches related to pork tapeworm infection?"
        ]
    },
    "PLAIN-2700": {
        "original": "Heart Disease Starts in Childhood",
        "expanded": [
            "What are the risk factors of heart disease that can be present in children?",
            "How does childhood obesity contribute to heart disease later in life?",
            "What lifestyle changes can be made in childhood to reduce the risk of heart disease later in life?"
        ]
    },
    "PLAIN-2710": {
        "original": "Artificial Food Colors and ADHD",
        "expanded": [
            "What are artificial food colors?",
            "Is there a link between artificial food colors and ADHD?",
            "How can I limit my child's exposure to artificial food colors if they have ADHD?"
        ]
    },
    "PLAIN-2720": {
        "original": "Keeping Your Hands Warm With Citrus",
        "expanded": [
            "How does citrus help in keeping hands warm?",
            "What are some ways to use citrus to keep hands warm?",
            "Are there any additional benefits of using citrus to keep hands warm?"
        ]
    },
    "PLAIN-2730": {
        "original": "Anti-Angiogenesis: Cutting Off Tumor Supply Lines",
        "expanded": [
            "What is angiogenesis and its role in tumor growth?",
            "How does anti-angiogenesis therapy work?",
            "What are the benefits and limitations of anti-angiogenesis therapy?"
        ]
    },
    "PLAIN-2740": {
        "original": "Cancer Risk From CT Scan Radiation",
        "expanded": [
            "What is the amount of radiation exposure from a CT scan?",
            "What is the relationship between radiation exposure and cancer risk?",
            "How can the risks of radiation exposure from CT scans be minimized?"
        ]
    },
    "PLAIN-2750": {
        "original": "Preventing the Common Cold with Probiotics?",
        "expanded": [
            "How do probiotics boost the immune system?",
            "What is the evidence for probiotics preventing the common cold?",
            "Which strains of probiotics are most effective for preventing the common cold?"
        ]
    },
    "PLAIN-2760": {
        "original": "Eating Healthy on a Budget",
        "expanded": [
            "What are the affordable healthy food options?",
            "How can I plan my meals to save money?",
            "What are some smart grocery shopping strategies?"
        ]
    },
    "PLAIN-2770": {
        "original": "Flaxseeds & Breast Cancer Survival: Clinical Evidence",
        "expanded": [
            "What are the potential benefits of flaxseeds in reducing breast cancer risk?",
            "What are the clinical trials that have investigated the effects of flaxseeds on breast cancer survival?",
            "What is the optimal dosage and duration of flaxseed consumption for breast cancer survival benefits?"
        ]
    },
    "PLAIN-2780": {
        "original": "Do Fruit & Nut Bars Cause Weight Gain?",
        "expanded": [
            "What are the typical ingredients in fruit and nut bars?",
            "Are fruit and nut bars high in calories and sugar?",
            "Can fruit and nut bars be part of a weight loss diet?"
        ]
    },
    "PLAIN-2790": {
        "original": "Titanium Dioxide & Inflammatory Bowel Disease",
        "expanded": [
            "What is Titanium Dioxide and its uses?",
            "Is Titanium Dioxide safe for human consumption?",
            "Is there a link between Titanium Dioxide and Inflammatory Bowel Disease?"
        ]
    },
    "PLAIN-2800": {
        "original": "Prolonged Liver Function Enhancement From Broccoli",
        "expanded": [
            "How does broccoli support liver function?",
            "What are the key nutrients in broccoli that enhance liver function?",
            "How long does the liver function enhancement from broccoli last?"
        ]
    },
    "PLAIN-2810": {
        "original": "Apple Juice May Be Worse Than Sugar Water",
        "expanded": [
            "What is the nutritional content of apple juice compared to sugar water?",
            "What are the potential health risks associated with consuming apple juice and sugar water?",
            "Are there any alternatives to apple juice and sugar water that are healthier options?"
        ]
    },
    "PLAIN-2820": {
        "original": "Preventing Strokes with Diet",
        "expanded": [
            "What foods can help prevent strokes?",
            "What nutrients are essential for stroke prevention?",
            "What dietary changes can reduce stroke risk factors?"
        ]
    },
    "PLAIN-2830": {
        "original": "Neurobiology of Artificial Sweeteners",
        "expanded": [
            "How do artificial sweeteners affect brain chemistry?",
            "What are the effects of artificial sweeteners on appetite and satiety?",
            "Are there any long-term consequences of consuming artificial sweeteners on brain health?"
        ]
    },
    "PLAIN-2840": {
        "original": "Benefits of Fenugreek Seeds",
        "expanded": [
            "What are the nutritional benefits of fenugreek seeds?",
            "How do fenugreek seeds support digestive health?",
            "Can fenugreek seeds help with blood sugar control and weight management?"
        ]
    },
    "PLAIN-2850": {
        "original": "More Antibiotics In White Meat or Dark Meat?",
        "expanded": [
            "Do antibiotics accumulate in meat, and if so, why?",
            "What is the difference between white meat and dark meat?",
            "Do antibiotics accumulate more in white meat or dark meat, and why?"
        ]
    },
    "PLAIN-2860": {
        "original": "BPA Plastic and Male Sexual Dysfunction",
        "expanded": [
            "What is BPA plastic?",
            "How does BPA exposure affect human health?",
            "What is the link between BPA exposure and male sexual dysfunction?"
        ]
    },
    "PLAIN-2870": {
        "original": "Filled Full of Lead",
        "expanded": [
            "What does \"filled full of lead\" mean?",
            "What is the origin of the phrase \"filled full of lead\"?",
            "What are some common uses of the phrase \"filled full of lead\" in literature and everyday language?"
        ]
    },
    "PLAIN-2880": {
        "original": "The Answer to the Pritikin Puzzle",
        "expanded": [
            "What is the Pritikin Puzzle?",
            "What is the traditional explanation for the Pritikin Puzzle?",
            "What is the more nuanced explanation for the Pritikin Puzzle?"
        ]
    },
    "PLAIN-2890": {
        "original": "To Snack or Not to Snack?",
        "expanded": [
            "What are the benefits of snacking?",
            "Are there any negative effects of snacking?",
            "How can I snack healthily and make it a part of a balanced diet?"
        ]
    },
    "PLAIN-2900": {
        "original": "Boosting Good Bacteria in the Colon Without Probiotics",
        "expanded": [
            "How does diet affect the growth of good bacteria in the colon?",
            "What role does fiber play in boosting good bacteria in the colon?",
            "Can stress and sleep impact the balance of gut bacteria, and if so, how can they be managed?"
        ]
    },
    "PLAIN-2910": {
        "original": "Optimal Phytosterol Dose",
        "expanded": [
            "What are phytosterols and their health benefits?",
            "What is the recommended daily intake of phytosterols?",
            "What are the potential risks and interactions of taking phytosterol supplements?"
        ]
    },
    "PLAIN-2920": {
        "original": "Human Neurotransmitters in Plants",
        "expanded": [
            "What are neurotransmitters?",
            "Are there neurotransmitters in plants?",
            "What is the significance of human neurotransmitters in plants?"
        ]
    },
    "PLAIN-2930": {
        "original": "Kiwifruit for Irritable Bowel Syndrome",
        "expanded": [
            "Does kiwifruit help with IBS symptoms?",
            "Can kiwifruit sooth IBS pain and inflammation?",
            "How much kiwifruit should I consume to alleviate IBS symptoms?"
        ]
    },
    "PLAIN-2940": {
        "original": "Dietary Treatment of Crohn's Disease",
        "expanded": [
            "What diets are recommended for Crohn's disease?",
            "What foods should be avoided in Crohn's disease?",
            "What nutrients are essential for Crohn's disease management?"
        ]
    },
    "PLAIN-2950": {
        "original": "Unsafe at Any Feed",
        "expanded": [
            "What are the potential health risks associated with formula feeding?",
            "How do formula feeding practices, such as contamination and preparation, contribute to health risks?",
            "What are the risks associated with the ingredients used in formula, such as additives and preservatives?"
        ]
    },
    "PLAIN-2960": {
        "original": "Pharmacists Versus Health Food Store Employees: Who Gives Better Advice?",
        "expanded": [
            "What training and education do pharmacists and health food store employees receive?",
            "What is the scope of practice and expertise of pharmacists and health food store employees?",
            "What are the potential biases and conflicts of interest that may influence the advice of pharmacists and health food store employees?"
        ]
    },
    "PLAIN-2970": {
        "original": "Preventing Cataracts with Diet",
        "expanded": [
            "What nutrients are essential for preventing cataracts?",
            "How do antioxidants and vitamins support eye health?",
            "Which dietary patterns are associated with a reduced risk of cataracts?"
        ]
    },
    "PLAIN-2981": {
        "original": "Cheese Mites and Maggots",
        "expanded": [
            "What are cheese mites?",
            "What are maggots?",
            "How do cheese mites and maggots compare?"
        ]
    },
    "PLAIN-2991": {
        "original": "Cholesterol and Lower Back Pain",
        "expanded": [
            "Is there a link between high cholesterol and lower back pain?",
            "Can high cholesterol cause inflammation that leads to lower back pain?",
            "Are there any dietary changes that can help lower cholesterol and alleviate lower back pain?"
        ]
    },
    "PLAIN-3001": {
        "original": "EPIC Findings on Lymphoma",
        "expanded": [
            "What is EPIC in the context of medical research?",
            "What are the common findings associated with lymphoma in EPIC research?",
            "What are the clinical implications of EPIC findings on lymphoma treatment and management?"
        ]
    },
    "PLAIN-3014": {
        "original": "Sometimes the Enzyme Myth Is True",
        "expanded": [
            "What is the Enzyme Myth?",
            "Is the Enzyme Myth entirely false?",
            "When is the Enzyme Myth relevant or true?"
        ]
    },
    "PLAIN-3026": {
        "original": "Vitamin C-Enriched Bacon",
        "expanded": [
            "What are the benefits of vitamin C in food?",
            "Can bacon be fortified with vitamins?",
            "How can vitamin C be added to bacon during processing?"
        ]
    },
    "PLAIN-3037": {
        "original": "Out of the Lab Onto the Track",
        "expanded": [
            "What are the challenges of transitioning from laboratory testing to real-world environments?",
            "What are some examples of successful transitions from lab to track?",
            "What strategies can be employed to ensure a smooth transition from lab to track?"
        ]
    },
    "PLAIN-3053": {
        "original": "Dragon's Blood",
        "expanded": [
            "What is Dragon's Blood?",
            "What are the uses of Dragon's Blood?",
            "Is Dragon's Blood expensive?"
        ]
    },
    "PLAIN-3063": {
        "original": "Better Than Goji Berries",
        "expanded": [
            "What are the nutritional benefits of goji berries?",
            "What are some alternatives to goji berries?",
            "What are the specific benefits of these alternative fruits?"
        ]
    },
    "PLAIN-3074": {
        "original": "How to Help Prevent Abdominal Aortic Aneurysms",
        "expanded": [
            "What are the risk factors for abdominal aortic aneurysms?",
            "How does a healthy lifestyle help prevent abdominal aortic aneurysms?",
            "What medical interventions can help prevent abdominal aortic aneurysms?"
        ]
    },
    "PLAIN-3085": {
        "original": "The Difficulty of Arriving at a Vitamin D Recommendation",
        "expanded": [
            "What is the current understanding of vitamin D's effects on health?",
            "How do factors like age, diet, and sun exposure affect vitamin D levels?",
            "What are the controversies surrounding vitamin D testing and supplementation?"
        ]
    },
    "PLAIN-3097": {
        "original": "Amyloid and Apple Juice",
        "expanded": [
            "What is amyloid?",
            "What is the connection between amyloid and apple juice?",
            "How does epicatechin in apple juice affect amyloid production?"
        ]
    },
    "PLAIN-3116": {
        "original": "Dietary Guidelines: From Dairies to Berries",
        "expanded": [
            "What are the recommended daily intake of dairy products?",
            "How do berries contribute to a healthy diet?",
            "What are some healthy dairy alternatives for those with dairy intolerance or preference?"
        ]
    },
    "PLAIN-3131": {
        "original": "Are Avocados Good for You?",
        "expanded": [
            "What nutrients do avocados contain?",
            "What are the potential health benefits of consuming avocados?",
            "Are there any potential drawbacks or allergic reactions to consider?"
        ]
    },
    "PLAIN-3141": {
        "original": "Relieving Yourself of Excess Estrogen",
        "expanded": [
            "What are the symptoms of excess estrogen?",
            "What lifestyle changes can help reduce estrogen levels?",
            "What natural remedies can help alleviate excess estrogen?"
        ]
    },
    "PLAIN-3151": {
        "original": "Too Much Iodine Can Be as Bad as Too Little",
        "expanded": [
            "What are the effects of too little iodine?",
            "What are the effects of too much iodine?",
            "How does the body regulate iodine levels to avoid both deficiency and excess?"
        ]
    },
    "PLAIN-3161": {
        "original": "Is Milk and Mucus a Myth?",
        "expanded": [
            "Does milk consumption increase mucus production?",
            "Is the myth about milk and mucus based on any scientific evidence?",
            "Are there any nutritional properties of milk that could contribute to mucus production?"
        ]
    },
    "PLAIN-3171": {
        "original": "Convergence of Evidence",
        "expanded": [
            "What is convergence of evidence, and how does it relate to scientific inquiry?",
            "What are the benefits of convergence of evidence in scientific research?",
            "What are some examples of convergence of evidence in scientific history?"
        ]
    },
    "PLAIN-3181": {
        "original": "Is Dragon Fruit Good For You?",
        "expanded": [
            "What are the nutritional benefits of dragon fruit?",
            "Does dragon fruit have any potential health benefits?",
            "Are there any possible drawbacks or side effects of consuming dragon fruit?"
        ]
    },
    "PLAIN-3191": {
        "original": "Is Distilled Fish Oil Toxin-Free?",
        "expanded": [
            "What are the common toxins found in fish oil?",
            "How does distillation remove toxins from fish oil?",
            "Are all distilled fish oils toxin-free, and what certifications can ensure toxin-free fish oil?"
        ]
    },
    "PLAIN-3201": {
        "original": "Acne & Cancer Connection",
        "expanded": [
            "Does acne increase the risk of cancer?",
            "Can certain cancer treatments cause acne?",
            "Are there any shared risk factors between acne and cancer?"
        ]
    },
    "PLAIN-3211": {
        "original": "Overdosing on Greens",
        "expanded": [
            "What are greens, and what are their health benefits?",
            "Can you overdose on greens, and what are the symptoms of green overdose?",
            "How can you safely consume greens without overdosing, and what precautions should you take?"
        ]
    },
    "PLAIN-3221": {
        "original": "Dietary Theory of Alzheimer's",
        "expanded": [
            "What is the relationship between diet and Alzheimer's disease?",
            "What specific nutrients or compounds in food may be beneficial or harmful for Alzheimer's prevention?",
            "What dietary interventions or therapies are being researched or recommended for Alzheimer's prevention and treatment?"
        ]
    },
    "PLAIN-3231": {
        "original": "Meat & Multiple Myeloma",
        "expanded": [
            "Does consuming meat increase the risk of Multiple Myeloma?",
            "What types of meat are most associated with Multiple Myeloma?",
            "Can reducing meat consumption help prevent or manage Multiple Myeloma?"
        ]
    },
    "PLAIN-3241": {
        "original": "Apthous Ulcer Mystery Solved",
        "expanded": [
            "What are apthous ulcers?",
            "What causes apthous ulcers?",
            "How can apthous ulcers be treated or prevented?"
        ]
    },
    "PLAIN-3251": {
        "original": "EPIC Study",
        "expanded": [
            "What is the EPIC study?",
            "What is the purpose of the EPIC study?",
            "What are the major findings of the EPIC study?"
        ]
    },
    "PLAIN-3261": {
        "original": "Update on Herbalife\u00ae",
        "expanded": [
            "What is Herbalife?",
            "What products does Herbalife offer?",
            "What is the current status of Herbalife's business?"
        ]
    },
    "PLAIN-3271": {
        "original": "Saturated Fat & Cancer Progression",
        "expanded": [
            "How does saturated fat consumption affect cancer risk?",
            "What are the potential mechanisms by which saturated fat promotes cancer progression?",
            "Are there any specific types of saturated fat that are more strongly linked to cancer progression?"
        ]
    },
    "PLAIN-3281": {
        "original": "Aluminum in Vaccines vs. Food",
        "expanded": [
            "What is the amount of aluminum in vaccines?",
            "How much aluminum do we get from food?",
            "Is the aluminum in vaccines more harmful than the aluminum in food?"
        ]
    },
    "PLAIN-3292": {
        "original": "Are Multivitamins Good For You?",
        "expanded": [
            "What are multivitamins and what do they contain?",
            "What are the benefits of taking multivitamins?",
            "Are there any risks or drawbacks to taking multivitamins?"
        ]
    },
    "PLAIN-3302": {
        "original": "Fish Fog",
        "expanded": [
            "What is fish fog?",
            "Where does fish fog typically occur?",
            "Is fish fog harmful to humans or the environment?"
        ]
    },
    "PLAIN-3312": {
        "original": "Sexually Transmitted Fish Toxin",
        "expanded": [
            "What is the fish toxin?",
            "Is the fish toxin sexually transmitted?",
            "How do people become infected with the fish toxin?"
        ]
    },
    "PLAIN-3322": {
        "original": "Veggies vs. Cancer",
        "expanded": [
            "How do vegetables prevent cancer?",
            "Which specific vegetables have anti-cancer properties?",
            "How much vegetable consumption is required to reduce cancer risk?"
        ]
    },
    "PLAIN-3332": {
        "original": "Alcohol Risks vs. Benefits",
        "expanded": [
            "What are the health risks associated with excessive alcohol consumption?",
            "What are the potential health benefits of moderate alcohol consumption?",
            "How does the balance of risks and benefits vary across different populations and individuals?"
        ]
    },
    "PLAIN-3342": {
        "original": "Is Coconut Milk Good For You?",
        "expanded": [
            "What are the nutritional benefits of coconut milk?",
            "Are there any potential drawbacks or risks associated with consuming coconut milk?",
            "How can coconut milk be incorporated into a healthy diet and lifestyle?"
        ]
    },
    "PLAIN-3352": {
        "original": "Boosting Heart Nerve Control",
        "expanded": [
            "What is heart nerve control?",
            "What are the benefits of boosting heart nerve control?",
            "How can heart nerve control be boosted?"
        ]
    },
    "PLAIN-3362": {
        "original": "Kuna Indian Secret",
        "expanded": [
            "Who are the Kuna Indians?",
            "What is the significance of Kuna Indian art and crafts?",
            "What is the \"Kuna Indian Secret\" referring to?"
        ]
    },
    "PLAIN-3372": {
        "original": "The Healthiest Sweetener",
        "expanded": [
            "What are the common sweeteners available?",
            "What are the negative effects of refined sugar and artificial sweeteners?",
            "Which natural sweeteners are considered healthy alternatives?"
        ]
    },
    "PLAIN-3382": {
        "original": "Are Artificial Colors Bad for You?",
        "expanded": [
            "What are artificial colors and how are they used in food products?",
            "What are the potential health risks associated with consuming artificial colors?",
            "Are there any regulations or guidelines governing the use of artificial colors in food products?"
        ]
    },
    "PLAIN-3392": {
        "original": "Healthiest Airplane Beverage",
        "expanded": [
            "What are the most common beverages offered on airplanes?",
            "Which beverages are high in sugar and calories?",
            "What are some healthy beverage options available on airplanes?"
        ]
    },
    "PLAIN-3402": {
        "original": "Antioxidant Content of 300 Foods",
        "expanded": [
            "Which foods have the highest antioxidant content?",
            "What are the different types of antioxidants found in foods?",
            "How does cooking and processing affect the antioxidant content of foods?"
        ]
    },
    "PLAIN-3412": {
        "original": "Plant vs. Cow Calcium",
        "expanded": [
            "What is the source of calcium in plants?",
            "What is the source of calcium in cow's milk?",
            "How does the calcium content in plants compare to cow's milk?"
        ]
    },
    "PLAIN-3422": {
        "original": "Vitamin Supplements Worth Taking",
        "expanded": [
            "What are the essential vitamins that the body needs?",
            "Which vitamin supplements have scientific evidence supporting their benefits?",
            "How can I choose a high-quality vitamin supplement that is safe and effective?"
        ]
    },
    "PLAIN-3432": {
        "original": "Healthy Chocolate Milkshakes",
        "expanded": [
            "What are the health benefits of chocolate in milkshakes?",
            "What are the healthy alternatives to traditional milk in milkshakes?",
            "How can I reduce sugar content in healthy chocolate milkshakes?"
        ]
    },
    "PLAIN-3442": {
        "original": "The Healthiest Vegetables",
        "expanded": [
            "What are the Vegetables High in Antioxidants?",
            "Which Vegetables are Rich in Fiber?",
            "What are the Vegetables with Anti-Inflammatory Properties?"
        ]
    },
    "PLAIN-3452": {
        "original": "Bowel Movement Frequency",
        "expanded": [
            "What is a normal bowel movement frequency?",
            "What factors affect bowel movement frequency?",
            "What are the signs of abnormal bowel movement frequency?"
        ]
    },
    "PLAIN-3462": {
        "original": "Olive Oil and Artery Function",
        "expanded": [
            "What are the effects of olive oil on cardiovascular health?",
            "How does olive oil affect blood flow and blood pressure?",
            "What are the specific mechanisms by which olive oil benefits artery function?"
        ]
    },
    "PLAIN-3472": {
        "original": "How Doctors Responded to Being Named a Leading Killer",
        "expanded": [
            "What was the initial reaction of the medical community to being named a leading killer?",
            "How did doctors respond to the criticism and what changes did they implement?",
            "What impact did being named a leading killer have on the medical profession as a whole?"
        ]
    }
}