{
    "19335": {
        "original": "anthropological definition of environment",
        "expanded": [
            "anthropological perspective on natural environment",
            "definition of environmental anthropology",
            "cultural understanding of environmental context"
        ]
    },
    "47923": {
        "original": "axon terminals or synaptic knob definition",
        "expanded": [
            "definition of axon terminal or synaptic terminal",
            "what is the function of axon terminals in synaptic transmission",
            "characteristics of synaptic knobs and axon terminals in neuron communication"
        ]
    },
    "87181": {
        "original": "causes of left ventricular hypertrophy",
        "expanded": [
            "Risk factors for enlarged left ventricle",
            "Conditions leading to thickening of the left ventricular muscle",
            "Factors contributing to increased left ventricular mass"
        ]
    },
    "87452": {
        "original": "causes of military suicide",
        "expanded": [
            "factors contributing to soldier suicide rates",
            "psychological reasons behind military personnel taking their own lives",
            "mental health risks and suicidal behaviors in armed forces"
        ]
    },
    "104861": {
        "original": "cost of interior concrete flooring",
        "expanded": [
            "Price of polished concrete floors for homes",
            "Concrete flooring installation costs and estimates",
            "Average cost of concrete floor finishing options"
        ]
    },
    "130510": {
        "original": "definition declaratory judgment",
        "expanded": [
            "definition of declaratory relief",
            "what is a declaratory judgment in law",
            "meaning of declaratory judgment in legal cases"
        ]
    },
    "131843": {
        "original": "definition of a sigmet",
        "expanded": [
            "what is a sigmet in aviation?",
            "meteorological warning definition sigmet",
            "international civil aviation organization sigmet meaning"
        ]
    },
    "146187": {
        "original": "difference between a mcdouble and a double cheeseburger",
        "expanded": [
            "What's the distinction between McDonald's McDouble and a traditional double cheeseburger?",
            "Comparison of McDonald's McDouble and a double cheeseburger: what are the key similarities and differences?",
            "How does a McDouble from McDonald's differ from a typical double-layer cheeseburger found at other fast-food restaurants?"
        ]
    },
    "148538": {
        "original": "difference between rn and bsn",
        "expanded": [
            "What are the distinctions between registered nurse and bachelor of science in nursing degrees?",
            "How does the role of a registered nurse compare to that of a BSN holder in the healthcare industry?",
            "What are the key differences in education, responsibilities, and career prospects between RN and BSN nurses?"
        ]
    },
    "156493": {
        "original": "do goldfish grow",
        "expanded": [
            "how big can goldfish get",
            "do goldfish increase in size",
            "goldfish growth rate"
        ]
    },
    "168216": {
        "original": "does legionella pneumophila cause pneumonia",
        "expanded": [
            "can legionella pneumophila bacteria cause lung infections",
            "what is the relationship between legionella pneumophila and community-acquired pneumonia",
            "is legionella pneumophila a common cause of pneumonia in immunocompromised individuals"
        ]
    },
    "182539": {
        "original": "example of monotonic function",
        "expanded": [
            "definition of monotonicity in mathematics",
            "example of a function with increasing or decreasing values",
            "properties of monotonically increasing or decreasing functions"
        ]
    },
    "183378": {
        "original": "exons definition biology",
        "expanded": [
            "what are exons in molecular biology",
            "definition of exons in genetics",
            "exon function in biological systems"
        ]
    },
    "207786": {
        "original": "how are some sharks warm blooded",
        "expanded": [
            "what sharks have warm blood",
            "how do some shark species regulate their body temperature",
            "are there any shark species that are not cold blooded"
        ]
    },
    "264014": {
        "original": "how long is life cycle of flea",
        "expanded": [
            "What is the average lifespan of a flea?",
            "How long do fleas live from birth to death?",
            "What is the typical duration of a flea's life stages?"
        ]
    },
    "359349": {
        "original": "how to find the midsegment of a trapezoid",
        "expanded": [
            "what is the formula to calculate the midpoint of a trapezoid",
            "how to divide a trapezoid into two equal areas using a line segment",
            "what is the method to find the line segment that bisects a trapezoid"
        ]
    },
    "405717": {
        "original": "is cdg airport in main paris",
        "expanded": [
            "is paris cdg airport located in city center",
            "where is charles de gaulle airport in relation to paris",
            "is cdg airport considered part of greater paris area"
        ]
    },
    "443396": {
        "original": "lps laws definition",
        "expanded": [
            "legal principles and standards definition",
            "what are labor protection statutes",
            "definition of laws related to personnel safeguards"
        ]
    },
    "451602": {
        "original": "medicare's definition of mechanical ventilation",
        "expanded": [
            "definition of mechanical ventilatory support in medicare guidelines",
            "medicare coverage for mechanical ventilation services",
            "what is mechanical ventilation according to medicare regulations"
        ]
    },
    "489204": {
        "original": "right pelvic pain causes",
        "expanded": [
            "lower right abdominal pain causes",
            "causes of pain in right iliac fossa",
            "what causes sharp pain on the right side of the pelvis"
        ]
    },
    "490595": {
        "original": "rsa definition key",
        "expanded": [
            "cryptography rsa explanation",
            "what is rsa encryption key",
            "define rsa public private key"
        ]
    },
    "527433": {
        "original": "types of dysarthria from cerebral palsy",
        "expanded": [
            "speech disorders associated with cerebral palsy",
            "cerebral palsy and its effects on speech and language development",
            "neurological conditions causing dysarthria, including cerebral palsy"
        ]
    },
    "573724": {
        "original": "what are the social determinants of health",
        "expanded": [
            "What factors contribute to health inequalities in society?",
            "How do socioeconomic conditions impact health outcomes?",
            "What are the non-medical factors that influence individual and population health?"
        ]
    },
    "833860": {
        "original": "what is the most popular food in switzerland",
        "expanded": [
            "what are the top swiss dishes",
            "popular cuisine in switzerland",
            "switzerland's national food preferences"
        ]
    },
    "855410": {
        "original": "what is theraderm used for",
        "expanded": [
            "what are the benefits of theraderm",
            "theraderm treatment uses and applications",
            "what conditions is theraderm commonly used to treat"
        ]
    },
    "915593": {
        "original": "what types of food can you cook sous vide",
        "expanded": [
            "what are the best ingredients for sous vide cooking",
            "types of cuisine that use sous vide method",
            "sous vide recipes and cooking techniques"
        ]
    },
    "962179": {
        "original": "when was the salvation army founded",
        "expanded": [
            "what is the origin of the salvation army",
            "salvation army history and founding date",
            "when did the salvation army organization begin"
        ]
    },
    "1037798": {
        "original": "who is robert gray",
        "expanded": [
            "Information about Robert Gray biography",
            "Identity of Robert Gray, a famous person",
            "Details on Robert Gray, a historical figure or celebrity"
        ]
    },
    "1063750": {
        "original": "why did the us volunterilay enter ww1",
        "expanded": [
            "What led the United States to join World War I voluntarily?",
            "What were the reasons behind America's decision to enter World War I?",
            "How did the US come to participate in World War I, and what were the motivations behind it?"
        ]
    },
    "1103812": {
        "original": "who formed the commonwealth of independent states",
        "expanded": [
            "what is the origin of the commonwealth of independent states",
            "which country established the cis",
            "who founded the commonwealth of independent states organization"
        ]
    },
    "1106007": {
        "original": "define visceral?",
        "expanded": [
            "What is the meaning of visceral instinct?",
            "Explain the concept of visceral reaction in psychology",
            "What does visceral mean in a medical context?"
        ]
    },
    "1110199": {
        "original": "what is wifi vs bluetooth",
        "expanded": [
            "difference between wireless connectivity options",
            "how do wifi and bluetooth technologies compare",
            "wireless communication protocols wifi bluetooth comparison"
        ]
    },
    "1112341": {
        "original": "what is the daily life of thai people",
        "expanded": [
            "daily routines and customs of thai citizens",
            "typical thai lifestyle and cultural practices",
            "everyday experiences and traditions in thai society"
        ]
    },
    "1113437": {
        "original": "what is physical description of spruce",
        "expanded": [
            "What are the characteristic features of spruce trees?",
            "Describe the appearance and growth habits of spruce?",
            "What does a spruce tree look like in terms of height, shape, and foliage?"
        ]
    },
    "1114646": {
        "original": "what is famvir prescribed for",
        "expanded": [
            "what are the uses of famvir medication",
            "what conditions is famciclovir prescribed to treat",
            "what are the indications for famvir tablets"
        ]
    },
    "1114819": {
        "original": "what is durable medical equipment consist of",
        "expanded": [
            "what types of medical devices are considered durable",
            "definition of durable medical equipment and its components",
            "what medical supplies are classified as durable equipment"
        ]
    },
    "1115776": {
        "original": "what is an aml surveillance analyst",
        "expanded": [
            "What does an anti-money laundering surveillance analyst do?",
            "What are the responsibilities of an AML surveillance analyst in finance?",
            "What skills are required to be a surveillance analyst in anti-money laundering compliance?"
        ]
    },
    "1117099": {
        "original": "what is a active margin",
        "expanded": [
            "what is an active margin in economics",
            "define active margin in finance and investing",
            "what does active margin mean in trading and risk management"
        ]
    },
    "1121402": {
        "original": "what can contour plowing reduce",
        "expanded": [
            "what are the benefits of contour farming",
            "how does terracing affect soil erosion",
            "what are the advantages of conservation tillage"
        ]
    },
    "1121709": {
        "original": "what are the three percenters?",
        "expanded": [
            "Who are the Three Percenters militia?",
            "What is the Three Percent movement in the United States?",
            "What is the history and ideology of the Three Percenters group?"
        ]
    },
    "1124210": {
        "original": "tracheids are part of _____.",
        "expanded": [
            "what type of plant cell are tracheids a part of?",
            "tracheids are a type of cell found in which plant tissue?",
            "which vascular tissue component are tracheids a key part of?"
        ]
    },
    "1129237": {
        "original": "hydrogen is a liquid below what temperature",
        "expanded": [
            "at what temperature does hydrogen become a liquid",
            "what is the boiling point of hydrogen",
            "below which temperature does hydrogen turn into a liquid"
        ]
    },
    "1133167": {
        "original": "how is the weather in jamaica",
        "expanded": [
            "what is the current climate in jamaica",
            "jamaican weather forecast today",
            "conditions and temperature in jamaica right now"
        ]
    }
}