{
    "PLAIN-2": {
        "original": "Do Cholesterol Statin Drugs Cause Breast Cancer?",
        "expanded": [
            "Are there any links between statin medication and increased risk of breast cancer in women?",
            "What is the relationship between cholesterol-lowering statins and the development of breast tumors?",
            "Do statin drugs, commonly prescribed for high cholesterol, have a correlation with breast cancer incidence or mortality rates?"
        ]
    },
    "PLAIN-12": {
        "original": "Exploiting Autophagy to Live Longer",
        "expanded": [
            "Enhancing Cellular Renewal for Longevity through Autophagy Induction",
            "Unlocking the Anti-Aging Potential of Autophagy: Therapeutic Strategies",
            "Autophagy-Mediated Life Extension: Understanding the Cellular Recycling Process"
        ]
    },
    "PLAIN-23": {
        "original": "How to Reduce Exposure to Alkylphenols Through Your Diet",
        "expanded": [
            "What foods contain high amounts of alkylphenols and how can I avoid them?",
            "How can I minimize the ingestion of endocrine disruptors like alkylphenols through my daily food choices?",
            "What dietary changes can help reduce my exposure to environmental toxins such as alkylphenols and parabens?"
        ]
    },
    "PLAIN-33": {
        "original": "What\u2019s Driving America\u2019s Obesity Problem?",
        "expanded": [
            "What are the underlying causes of the rising obesity rates in the United States?",
            "What factors contribute to the growing obesity epidemic in America?",
            "What role do diet, lifestyle, and socioeconomic factors play in shaping America's weight crisis?"
        ]
    },
    "PLAIN-44": {
        "original": "Who Should be Careful About Curcumin?",
        "expanded": [
            "What Individuals Should Exercise Caution When Taking Turmeric Supplements?",
            "Who May Experience Adverse Effects from Curcumin Consumption?",
            "What Groups of People Should Monitor Their Curcumin Intake?"
        ]
    },
    "PLAIN-56": {
        "original": "Foods for Glaucoma",
        "expanded": [
            "Dietary recommendations for glaucoma patients",
            "Nutrients and foods that help prevent glaucoma progression",
            "Eye health-promoting foods and their impact on glaucoma management"
        ]
    },
    "PLAIN-68": {
        "original": "What is Actually in Chicken Nuggets?",
        "expanded": [
            "What are the Ingredients Found in Commercial Chicken Nuggets?",
            "What is the Composition of Processed Chicken Products like Nuggets?",
            "What Harmful or Unhealthy Substances are Present in Fast Food Chicken Nuggets?"
        ]
    },
    "PLAIN-78": {
        "original": "What Do Meat Purge and Cola Have in Common?",
        "expanded": [
            "What common ingredients do Meat Purge and Cola share?",
            "How are Meat Purge and Cola related in terms of their chemical composition?",
            "What common uses or benefits do Meat Purge and Cola possess?"
        ]
    },
    "PLAIN-91": {
        "original": "Chronic Headaches and Pork Parasites",
        "expanded": [
            "Headaches caused by Trichinella parasites from pork consumption",
            "Relationship between pork-borne parasites and chronic headache symptoms",
            "Trichinosis and its possible link to recurring headaches"
        ]
    },
    "PLAIN-102": {
        "original": "Stopping Heart Disease in Childhood",
        "expanded": [
            "Preventing Cardiovascular Disease in Pediatric Patients",
            "Interventions for Reducing Heart Disease Risk in Children",
            "Early Detection and Prevention Strategies for Childhood Heart Conditions"
        ]
    },
    "PLAIN-112": {
        "original": "Food Dyes and ADHD",
        "expanded": [
            "Artificial Colors and Hyperactivity in Children",
            "Link Between Food Additives and Attention Deficit Hyperactivity Disorder",
            "Do Artificial Food Colorings Contribute to Childhood Behavioral Disorders?"
        ]
    },
    "PLAIN-123": {
        "original": "How Citrus Might Help Keep Your Hands Warm",
        "expanded": [
            "Can citrus fruits provide a natural remedy for cold hands?",
            "What are the thermal benefits of consuming citrus fruits for hand warmth?",
            "How do citrus-based treatments improve blood circulation to keep hands warm?"
        ]
    },
    "PLAIN-133": {
        "original": "Starving Tumors of Their Blood Supply",
        "expanded": [
            "Blocking Tumor Angiogenesis to Halt Cancer Growth",
            "Restricting Blood Flow to Tumors as a Cancer Treatment",
            "Targeting Tumor Vasculature to Inhibit Cancer Development"
        ]
    },
    "PLAIN-143": {
        "original": "Are Dental X-Rays Safe?",
        "expanded": [
            "What are the risks associated with dental X-rays?",
            "How often are dental X-rays necessary for oral health?",
            "What measures can be taken to minimize radiation exposure from dental X-rays?"
        ]
    },
    "PLAIN-153": {
        "original": "How Should I Take Probiotics?",
        "expanded": [
            "What is the Proper Way to Consume Probiotics for Optimal Benefits?",
            "How Often Should I Take Probiotics for Gut Health and Digestive Wellness?",
            "What are the Best Practices for Taking Probiotic Supplements for Maximum Effectiveness?"
        ]
    },
    "PLAIN-165": {
        "original": "Breast Cancer & Alcohol: How Much is Safe?",
        "expanded": [
            "What is the relationship between breast cancer risk and moderate alcohol consumption in women?",
            "Is there a safe daily alcohol intake limit to minimize the risk of developing breast cancer?",
            "How does excessive alcohol use impact breast cancer incidence and mortality rates in female populations?"
        ]
    },
    "PLAIN-175": {
        "original": "Diet and Cellulite",
        "expanded": [
            "Nutrition and Fat Reduction",
            "Food Habits and Skin Health",
            "Eat to Combat Cellulite Appearance"
        ]
    },
    "PLAIN-186": {
        "original": "Best Treatment for Constipation",
        "expanded": [
            "What are the most effective remedies for chronic constipation?",
            "How can I relieve constipation naturally and quickly?",
            "What are the treatment options for severe constipation in adults?"
        ]
    },
    "PLAIN-196": {
        "original": "Should We Avoid Titanium Dioxide?",
        "expanded": [
            "Is Titanium Dioxide Safe for Human Consumption?",
            "What Are the Risks Associated with Titanium Dioxide Exposure?",
            "Are There Health Concerns with Using Titanium Dioxide in Food and Cosmetics?"
        ]
    },
    "PLAIN-207": {
        "original": "Avoiding Cooked Meat Carcinogens",
        "expanded": [
            "Reducing Cancer Risk from Grilled Foods",
            "Preventing HCA and PAH Formation in Meat",
            "Healthier Cooking Methods for Minimizing Carcinogenic Compounds"
        ]
    },
    "PLAIN-217": {
        "original": "Plant-Based Diets for Psoriasis",
        "expanded": [
            "Vegan diets and psoriasis management",
            "Plant-based nutrition effects on skin health and psoriasis symptoms",
            "Dietary interventions for psoriasis treatment: A focus on vegetarian and plant-based approaches"
        ]
    },
    "PLAIN-227": {
        "original": "Increasing Muscle Strength with Fenugreek",
        "expanded": [
            "Fenugreek supplements for muscle growth and development",
            "Natural ways to boost muscle strength using fenugreek seeds",
            "The role of fenugreek in resistance training and muscle hypertrophy"
        ]
    },
    "PLAIN-238": {
        "original": "How Chemically Contaminated Are We?",
        "expanded": [
            "What Are the Effects of Chemical Pollution on Human Health?",
            "To What Extent Do Chemicals in Our Environment Pose a Threat to Human Wellbeing?",
            "How Much Chemical Exposure Do Humans Experience in Daily Life?"
        ]
    },
    "PLAIN-248": {
        "original": "Treating an Enlarged Prostate With Diet",
        "expanded": [
            "Dietary Changes to Manage Benign Prostatic Hyperplasia (BPH) Symptoms",
            "Nutrition and Lifestyle Modifications for Prostate Health and Enlargement Prevention",
            "Can a Healthy Diet Help Reduce Prostate Enlargement and Associated Complications?"
        ]
    },
    "PLAIN-259": {
        "original": "Optimal Phytosterol Dose and Source",
        "expanded": [
            "What is the recommended daily intake of phytosterols from different plant-based sources?",
            "Determine the most effective dosage of phytosterols from natural sources for optimal health benefits.",
            "What are the optimal levels of phytosterol supplementation from various sources, such as plant-based oils and fortified foods?"
        ]
    },
    "PLAIN-270": {
        "original": "Is Caffeinated Tea Really Dehydrating?",
        "expanded": [
            "Does caffeinated tea cause dehydration in the body?",
            "What are the effects of caffeine in tea on hydration levels?",
            "Can drinking caffeinated tea lead to water loss or dehydration?"
        ]
    },
    "PLAIN-280": {
        "original": "Mercury Testing Recommended Before Pregnancy",
        "expanded": [
            "Prenatal Mercury Screening Guidelines",
            "Preconception Care and Mercury Exposure Risks",
            "Blood Tests for Mercury Levels Before Conceiving"
        ]
    },
    "PLAIN-291": {
        "original": "Stool Size and Breast Cancer Risk",
        "expanded": [
            "Relationship between Fecal Matter Volume and Malignant Neoplasms of Breast",
            "Correlation of Bowel Movement Frequency and Breast Carcinoma Incidence",
            "Impact of Stool Characteristics on Hormone-Dependent Breast Cancer Development"
        ]
    },
    "PLAIN-307": {
        "original": "Vitamin D: Shedding some light on the new recommendations",
        "expanded": [
            "New guidelines for Vitamin D intake: What you need to know",
            "Understanding the latest research on Vitamin D: Implications for health",
            "Vitamin D recommendations revisited: Separating fact from fiction"
        ]
    },
    "PLAIN-320": {
        "original": "Breast Cancer and Diet",
        "expanded": [
            "Breast Cancer Risk and Nutrition",
            "Dietary Factors Affecting Breast Cancer Development",
            "Nutritional Interventions for Breast Cancer Prevention"
        ]
    },
    "PLAIN-332": {
        "original": "Can antioxidant-rich spices counteract the effects of a high-fat meal?",
        "expanded": [
            "Do spices high in antioxidants have a protective effect against the negative consequences of a fatty diet?",
            "Can certain spices rich in antioxidants mitigate the harm caused by consuming a meal high in fat?",
            "What is the impact of antioxidant-rich spices on the body's response to a high-fat meal, and can they reduce its negative effects?"
        ]
    },
    "PLAIN-344": {
        "original": "Dioxins Stored in Our Own Fat May Increase Diabetes Risk",
        "expanded": [
            "Do lipophilic pollutants like dioxin accumulation in body fat contribute to diabetes development?",
            "How does the storage of dioxins in adipose tissue affect glucose metabolism and insulin sensitivity?",
            "Is there a link between dioxin exposure, fat distribution, and the risk of developing insulin resistance and type 2 diabetes?"
        ]
    },
    "PLAIN-358": {
        "original": "Didn't another study show carnitine was good for the heart?",
        "expanded": [
            "Is there evidence that carnitine supplementation has cardiovascular benefits?",
            "What are the effects of carnitine on cardiovascular health, and are they positive?",
            "Can carnitine be considered a cardioprotective agent based on existing research findings?"
        ]
    },
    "PLAIN-371": {
        "original": "Any update on the scary in vitro avocado data?",
        "expanded": [
            "Recent findings on alarming avocado cultivation methods?",
            "Avocado lab-grown studies: what's the latest concerning research?",
            "New developments in avocado cell culture: any safety concerns?"
        ]
    },
    "PLAIN-383": {
        "original": "What do you think of Dr. Jenkins' take on paleolithic diets?",
        "expanded": [
            "What are the criticisms of Dr. Jenkins' paleo diet research?",
            "How does Dr. Jenkins' perspective on paleolithic nutrition compare to other experts?",
            "What are the key points of Dr. Jenkins' argument in favor of paleolithic diets?"
        ]
    },
    "PLAIN-395": {
        "original": "What about pepper plus turmeric in V8 juice?",
        "expanded": [
            "Does V8 juice contain a blend of pepper and turmeric for added health benefits?",
            "Can I add pepper and turmeric to V8 juice for an anti-inflammatory boost?",
            "What are the potential health effects of consuming V8 juice with pepper and turmeric?"
        ]
    },
    "PLAIN-407": {
        "original": "Is annatto food coloring safe?",
        "expanded": [
            "What are the health risks associated with consuming annatto food dye?",
            "Is annatto a natural and safe food additive?",
            "What are the potential side effects of annatto-based food coloring on human health?"
        ]
    },
    "PLAIN-418": {
        "original": "Fresh fruit versus frozen--which is better?",
        "expanded": [
            "What are the nutritional differences between fresh and frozen fruits?",
            "Is frozen fruit a healthy alternative to fresh produce?",
            "Which type of fruit retains more nutrients: fresh or frozen?"
        ]
    },
    "PLAIN-430": {
        "original": "Are krill oil supplements better than fish oil capsules?",
        "expanded": [
            "What are the benefits of krill oil supplements compared to fish oil capsules for omega-3 intake?",
            "How do the antioxidant properties of krill oil supplements differ from those of fish oil capsules for heart health?",
            "What is the comparative efficacy of krill oil supplements versus fish oil capsules in reducing inflammation and improving joint health?"
        ]
    },
    "PLAIN-441": {
        "original": "Is apple cider vinegar good for you?",
        "expanded": [
            "What are the health benefits of apple cider vinegar?",
            "Is apple cider vinegar a natural remedy for various diseases?",
            "Can apple cider vinegar improve overall wellness and nutrition?"
        ]
    },
    "PLAIN-457": {
        "original": "How can you believe in any scientific study?",
        "expanded": [
            "What are the criteria for trusting scientific research findings?",
            "How to critically evaluate the credibility of a scientific study?",
            "What are the limitations and potential biases in scientific research that affect its validity?"
        ]
    },
    "PLAIN-468": {
        "original": "Is vitamin D3 (cholecalciferol) preferable to D2 (ergocalciferol)?",
        "expanded": [
            "What are the differences in efficacy and safety between cholecalciferol (D3) and ergocalciferol (D2) supplements?",
            "Is ergocalciferol (D2) as effective as cholecalciferol (D3) in treating vitamin D deficiency or osteoporosis?",
            "What is the comparative absorption and bioavailability of vitamin D2 (ergocalciferol) versus vitamin D3 (cholecalciferol) in human studies?"
        ]
    },
    "PLAIN-478": {
        "original": "accidents",
        "expanded": [
            "causes of injuries",
            "traffic collisions incidents",
            "emergency response disasters"
        ]
    },
    "PLAIN-488": {
        "original": "adenovirus 36",
        "expanded": [
            "human adenovirus 36 infection",
            "obesity and adenovirus 36 relationship",
            "adenovirus 36 serotype characteristics"
        ]
    },
    "PLAIN-499": {
        "original": "African-American",
        "expanded": [
            "Black American",
            "African American culture",
            "Afro-American community"
        ]
    },
    "PLAIN-510": {
        "original": "airport scanners",
        "expanded": [
            "security screening machines",
            "airline passenger x-ray machines",
            "TSA checkpoint technology"
        ]
    },
    "PLAIN-520": {
        "original": "Alli",
        "expanded": [
            "Ali brand",
            "Alli diet pill",
            "Orlistat weight loss"
        ]
    },
    "PLAIN-531": {
        "original": "alternative medicine",
        "expanded": [
            "holistic health practices",
            "integrative medical treatments",
            "complementary therapies"
        ]
    },
    "PLAIN-541": {
        "original": "American Dental Association",
        "expanded": [
            "Dental care organizations in the United States",
            "Professional associations for dentists in America",
            "Oral health advocacy groups in the USA"
        ]
    },
    "PLAIN-551": {
        "original": "amnesia",
        "expanded": [
            "memory loss",
            "forgetting disorder",
            "loss of recall"
        ]
    },
    "PLAIN-561": {
        "original": "aneurysm",
        "expanded": [
            "brain blood vessel abnormalities",
            "cerebral artery dilation diagnosis",
            "vascular rupture symptoms and treatment"
        ]
    },
    "PLAIN-571": {
        "original": "anisakis",
        "expanded": [
            "parasitic nematode worms",
            "marine fish parasites",
            "gastrointestinal infections causes"
        ]
    },
    "PLAIN-583": {
        "original": "antinutrients",
        "expanded": [
            "compounds that interfere with nutrient absorption",
            "plant defense chemicals affecting human health",
            "naturally occurring substances reducing nutritional value"
        ]
    },
    "PLAIN-593": {
        "original": "apnea",
        "expanded": [
            "sleep disorder",
            "breathing pause symptoms",
            "obstructive sleep apnea diagnosis"
        ]
    },
    "PLAIN-603": {
        "original": "Arkansas",
        "expanded": [
            "What are some interesting facts about Arkansas?",
            "What are the top attractions in Arkansas for tourists?",
            "What is the history and culture of Arkansas like?"
        ]
    },
    "PLAIN-613": {
        "original": "ascorbic acid",
        "expanded": [
            "what is vitamin C",
            "antioxidant properties of ascorbate",
            "benefits of taking ascorbic acid supplements"
        ]
    },
    "PLAIN-623": {
        "original": "Atkins diet",
        "expanded": [
            "Low-carb diets and weight loss",
            "Atkins nutrition plan benefits",
            "Low-carbohydrate high-protein diet plans"
        ]
    },
    "PLAIN-634": {
        "original": "avocados",
        "expanded": [
            "fruit with healthy fats",
            "guacamole ingredients",
            "green skin nutritional benefits"
        ]
    },
    "PLAIN-645": {
        "original": "bagels",
        "expanded": [
            "bread rings",
            "breakfast food with hole",
            "ring-shaped baked goods"
        ]
    },
    "PLAIN-660": {
        "original": "beans",
        "expanded": [
            "legume nutrition",
            "kinds of pulses",
            "plant-based protein sources"
        ]
    },
    "PLAIN-671": {
        "original": "benzene",
        "expanded": [
            "aromatic hydrocarbon compounds",
            "cyclohexatriene chemical properties",
            "toluene and xylene derivatives"
        ]
    },
    "PLAIN-681": {
        "original": "betel nuts",
        "expanded": [
            "areca nuts uses",
            "chewing stimulants in asia",
            "paan ingredients benefits"
        ]
    },
    "PLAIN-691": {
        "original": "bioavailability",
        "expanded": [
            "drugs absorption rate",
            "pharmacokinetics and pharmacodynamics",
            "medication absorption and distribution"
        ]
    },
    "PLAIN-701": {
        "original": "black raspberries",
        "expanded": [
            "raspberries dark color",
            "rubus occidentalis (This sub-query uses the scientific name of black raspberries to capture relevant documents that might not use the common name)",
            "summer fruit purple-black berries"
        ]
    },
    "PLAIN-711": {
        "original": "blood clots",
        "expanded": [
            "thrombosis diagnosis",
            "artery blockage symptoms",
            "vascular coagulation disorders"
        ]
    },
    "PLAIN-721": {
        "original": "BMAA",
        "expanded": [
            "What is \u03b2-Methylamino-L-alanine?",
            "BMAA toxicity in aquatic environments",
            "Is BMAA a neurotoxin?"
        ]
    },
    "PLAIN-731": {
        "original": "bone fractures",
        "expanded": [
            "broken bone treatment",
            "types of fractures in bones",
            "causes of bone cracks"
        ]
    },
    "PLAIN-741": {
        "original": "BPH",
        "expanded": [
            "Benign Prostatic Hyperplasia",
            "Prostate Enlargement Symptoms",
            "Enlarged Prostate Treatment Options"
        ]
    },
    "PLAIN-751": {
        "original": "BRCA genes",
        "expanded": [
            "Genetic mutations in breast cancer susceptibility",
            "Hereditary breast and ovarian cancer genes",
            "Tumor suppressor genes in breast cancer"
        ]
    },
    "PLAIN-761": {
        "original": "breast pain",
        "expanded": [
            "mastalgia symptoms",
            "chest tenderness causes",
            "breast tenderness diagnosis"
        ]
    },
    "PLAIN-771": {
        "original": "bronchiolitis obliterans",
        "expanded": [
            "obstructive lung disease diagnosis",
            "inhalation injury treatment options",
            "chronic respiratory disease pathology"
        ]
    },
    "PLAIN-782": {
        "original": "Bush administration",
        "expanded": [
            "George W. Bush presidency",
            "US government 2001-2009",
            "Conservative politics in the 2000s"
        ]
    },
    "PLAIN-792": {
        "original": "cadaverine",
        "expanded": [
            "decomposition product",
            "polyamine found in putrefied flesh",
            "toxic amine naturally occurring in human body"
        ]
    },
    "PLAIN-806": {
        "original": "caloric restriction",
        "expanded": [
            "dietary calorie reduction",
            "eating less for weight loss",
            "food energy intake limitation"
        ]
    },
    "PLAIN-817": {
        "original": "canker sores",
        "expanded": [
            "mouth ulcers treatment options",
            "painful mouth sores causes and symptoms",
            "apthous ulcers remedies and prevention"
        ]
    },
    "PLAIN-827": {
        "original": "carcinogens",
        "expanded": [
            "substances that cause cancer",
            "cancer-causing chemicals or agents",
            "toxic compounds linked to tumorigenesis"
        ]
    },
    "PLAIN-838": {
        "original": "carrageenan",
        "expanded": [
            "what is carrageenan used for?",
            "carrageenan benefits and side effects",
            "food additives containing carrageenan"
        ]
    },
    "PLAIN-850": {
        "original": "cauliflower",
        "expanded": [
            "vegetable broccoli cabbage recipes",
            "cruciferous food health benefits nutrition",
            "green flowering plant cooking vegan"
        ]
    },
    "PLAIN-872": {
        "original": "chanterelle mushrooms",
        "expanded": [
            "types of edible fungi",
            "wild mushrooms commonly used in cooking",
            "characteristics of golden funnel-shaped mushrooms"
        ]
    },
    "PLAIN-882": {
        "original": "Chernobyl",
        "expanded": [
            "Nuclear disaster in Ukraine",
            "1986 radioactive accident causes and effects",
            "Worst nuclear power plant accident in history"
        ]
    },
    "PLAIN-892": {
        "original": "chickpeas",
        "expanded": [
            "legumes nutrition benefits",
            "recipe ideas with garbanzo beans",
            "high protein vegetarian food options"
        ]
    },
    "PLAIN-902": {
        "original": "chlorophyll",
        "expanded": [
            "photosynthesis and plant pigments",
            "green pigment in plants and algae",
            "light absorption and molecular structure"
        ]
    },
    "PLAIN-913": {
        "original": "cinnamon",
        "expanded": [
            "What are the uses of cinnamon spice in cooking and baking?",
            "What are the health benefits of consuming cinnamon?",
            "How does cinnamon relate to other spices commonly used in Indian or Middle Eastern cuisine?"
        ]
    },
    "PLAIN-924": {
        "original": "cocaine",
        "expanded": [
            "illegal drugs",
            "drug addiction treatment",
            "stimulant effects"
        ]
    },
    "PLAIN-934": {
        "original": "coffee",
        "expanded": [
            "coffee beans",
            "morning breakfast drink",
            "cafe culture"
        ]
    },
    "PLAIN-946": {
        "original": "coma",
        "expanded": [
            "Unconsciousness diagnosis",
            "Loss of consciousness causes",
            "Medical condition characterized by unresponsiveness"
        ]
    },
    "PLAIN-956": {
        "original": "cooking methods",
        "expanded": [
            "food preparation techniques",
            "culinary arts processes",
            "kitchen cooking procedures"
        ]
    },
    "PLAIN-966": {
        "original": "cortisol",
        "expanded": [
            "hormone stress response",
            "adrenal gland cortisol levels",
            "corticosteroid hormone regulation"
        ]
    },
    "PLAIN-977": {
        "original": "crib death",
        "expanded": [
            "Sudden Infant Death Syndrome (SIDS)",
            "baby mortality rates",
            "infant sleep-related fatalities"
        ]
    },
    "PLAIN-987": {
        "original": "cumin",
        "expanded": [
            "what is cumin used for",
            "health benefits of cumin seeds",
            "cumin spice in Indian cooking"
        ]
    },
    "PLAIN-997": {
        "original": "Czechoslovakia",
        "expanded": [
            "History of Czechoslovakia",
            "Czech and Slovak Republic formation",
            "Eastern European country dissolutions"
        ]
    },
    "PLAIN-1008": {
        "original": "deafness",
        "expanded": [
            "Hearing impairment or hearing loss",
            "Inability to hear or auditory dysfunction",
            "Hearing disabilities or auditory disorders"
        ]
    },
    "PLAIN-1018": {
        "original": "DHA",
        "expanded": [
            "What is Docosahexaenoic Acid?",
            "Omega-3 fatty acid benefits",
            "Fish oil supplements and brain health"
        ]
    },
    "PLAIN-1028": {
        "original": "dietary scoring",
        "expanded": [
            "nutrient assessment methods",
            "food rating systems for health",
            "healthy eating indexes calculation"
        ]
    },
    "PLAIN-1039": {
        "original": "domoic acid",
        "expanded": [
            "neurotoxin produced by algae",
            "amnesic shellfish poisoning",
            "marine toxin and seafood safety"
        ]
    },
    "PLAIN-1050": {
        "original": "Dr. Dean Ornish",
        "expanded": [
            "Studies on heart disease prevention by Dr. Dean Ornish",
            "Ornish diet and lifestyle modifications for chronic diseases",
            "Influence of Dr. Dean Ornish on integrative medicine research"
        ]
    },
    "PLAIN-1066": {
        "original": "Dr. Walter Willett",
        "expanded": [
            "Who is Dr. Walter Willett and what are his contributions to the field of nutrition?",
            "Dr. Walter Willett's research on chronic disease prevention and its impact on public health policy",
            "What are the key takeaways from Dr. Walter Willett's books on healthy eating and disease prevention?"
        ]
    },
    "PLAIN-1088": {
        "original": "ECMO",
        "expanded": [
            "What is Extracorporeal Membrane Oxygenation?",
            "Cardiac and respiratory support using medical devices",
            "Life-saving treatment for patients with severe heart and lung failure"
        ]
    },
    "PLAIN-1098": {
        "original": "eggnog",
        "expanded": [
            "Holiday season beverages",
            "Custard-based drinks",
            "Christmas dessert recipes"
        ]
    },
    "PLAIN-1109": {
        "original": "endocrine disruptors",
        "expanded": [
            "hormone interfering chemicals",
            "environmental toxins affecting human health",
            "chemicals impacting thyroid function"
        ]
    },
    "PLAIN-1119": {
        "original": "energy drinks",
        "expanded": [
            "beverages with caffeine content",
            "supplements for mental performance",
            "alternative to coffee for energy boost"
        ]
    },
    "PLAIN-1130": {
        "original": "ergothioneine",
        "expanded": [
            "What are the health benefits of ergothioneine supplements?",
            "Research on the antioxidant properties of ergothioneine",
            "Ergothioneine's role in amino acid metabolism and its dietary sources"
        ]
    },
    "PLAIN-1141": {
        "original": "Evidence-based medicine",
        "expanded": [
            "Impact of scientific research on medical practice",
            "Clinical decision making based on credible sources",
            "Medical treatment informed by best available research evidence"
        ]
    },
    "PLAIN-1151": {
        "original": "factory farming practices",
        "expanded": [
            "industrial agriculture methods",
            "large-scale livestock production techniques",
            "intensive animal farming systems"
        ]
    },
    "PLAIN-1161": {
        "original": "fava beans",
        "expanded": [
            "broad beans OR faba beans",
            "nutrition facts of fava beans",
            "cooking recipes with fava beans"
        ]
    },
    "PLAIN-1172": {
        "original": "fenugreek",
        "expanded": [
            "what are the health benefits of fenugreek leaves?",
            "how to use fenugreek seeds in cooking recipes?",
            "what are the medicinal properties of trigonella foenum graecum?"
        ]
    },
    "PLAIN-1183": {
        "original": "Finland",
        "expanded": [
            "Nordic countries",
            "Scandinavian region",
            "European geography"
        ]
    },
    "PLAIN-1193": {
        "original": "flax oil",
        "expanded": [
            "alpha linolenic acid benefits",
            "omega 3 rich oil supplements",
            "linseed oil vs flaxseed oil nutrition"
        ]
    },
    "PLAIN-1203": {
        "original": "folic acid",
        "expanded": [
            "vitamin B9 benefits",
            "folate rich foods",
            "pregnancy nutrition supplements"
        ]
    },
    "PLAIN-1214": {
        "original": "Fosamax",
        "expanded": [
            "Alendronate sodium side effects",
            "Osteoporosis treatment options",
            "Bisphosphonate medications for bone health"
        ]
    },
    "PLAIN-1225": {
        "original": "fructose",
        "expanded": [
            "simple sugar found in fruit",
            "sweet monosaccharide food component",
            "carbohydrates in sweet tasting foods"
        ]
    },
    "PLAIN-1236": {
        "original": "galactosemia",
        "expanded": [
            "genetic disorder of galactose metabolism",
            "rare inborn error of carbohydrate metabolism",
            "galactose-1-phosphate uridyltransferase deficiency"
        ]
    },
    "PLAIN-1249": {
        "original": "genetic manipulation",
        "expanded": [
            "gene editing techniques",
            "biotechnology and genetic engineering",
            "altering dna sequences"
        ]
    },
    "PLAIN-1262": {
        "original": "Global Burden of Disease Study",
        "expanded": [
            "Disease Burden and Global Health Estimates",
            "Epidemiology and Global Disease Surveillance Systems",
            "Healthcare Burden and Disease Incidence Worldwide"
        ]
    },
    "PLAIN-1275": {
        "original": "goji berries",
        "expanded": [
            "what are the health benefits of goji berries?",
            "goji berry nutrition facts and recipes",
            "where to buy dried goji berries online"
        ]
    },
    "PLAIN-1288": {
        "original": "grapes",
        "expanded": [
            "fruit types",
            "wine making ingredients",
            "healthy snack options"
        ]
    },
    "PLAIN-1299": {
        "original": "growth promoters",
        "expanded": [
            "animal feed additives",
            "enhanced agricultural productivity methods",
            "hormones and antibiotics in farming"
        ]
    },
    "PLAIN-1309": {
        "original": "halibut",
        "expanded": [
            "fish species types",
            "marine life ecosystem",
            "seafood recipes nutrition"
        ]
    },
    "PLAIN-1320": {
        "original": "Harvard Physicians\u2019 Study II",
        "expanded": [
            "Physicians' Health Study II Harvard University",
            "Harvard Medical School longitudinal study on physicians' health",
            "Long-term health outcomes of physicians in Harvard research study"
        ]
    },
    "PLAIN-1331": {
        "original": "hearing",
        "expanded": [
            "auditory perception",
            "sound detection",
            "sense of sound"
        ]
    },
    "PLAIN-1342": {
        "original": "heme iron",
        "expanded": [
            "iron-containing molecule in hemoglobin",
            "type of dietary iron found in meat",
            "iron component of hemoproteins"
        ]
    },
    "PLAIN-1353": {
        "original": "hernia",
        "expanded": [
            "abdominal wall defect",
            "protrusion of organ through tissue",
            "inguinal or umbilical bulge"
        ]
    },
    "PLAIN-1363": {
        "original": "Hiroshima",
        "expanded": [
            "Atomic Bombing of Japan",
            "Japanese City History",
            "WWII Pacific Theater"
        ]
    },
    "PLAIN-1374": {
        "original": "hormonal dysfunction",
        "expanded": [
            "endocrine disorder symptoms",
            "hormone imbalance effects",
            "glandular system dysfunction diagnosis"
        ]
    },
    "PLAIN-1387": {
        "original": "hyperactivity",
        "expanded": [
            "restlessness and fidgeting",
            "excessive energy and movement disorders",
            "attention deficit and impulsivity"
        ]
    },
    "PLAIN-1398": {
        "original": "IGF-1",
        "expanded": [
            "Insulin-like growth factor 1",
            "Growth hormone regulation",
            "Somatomedin C function"
        ]
    },
    "PLAIN-1409": {
        "original": "industrial toxins",
        "expanded": [
            "pollution in industrial areas",
            "hazardous substances in manufacturing",
            "environmental impact of industrial chemicals"
        ]
    },
    "PLAIN-1419": {
        "original": "insects",
        "expanded": [
            "small creatures with six legs",
            "bug species classification",
            "tiny Arthropoda animals"
        ]
    },
    "PLAIN-1429": {
        "original": "Iowa Women\u2019s Health Study",
        "expanded": [
            "Women's health research in Iowa",
            "Study on health outcomes of women in Iowa",
            "Iowa-based studies on women's health issues"
        ]
    },
    "PLAIN-1441": {
        "original": "Japan",
        "expanded": [
            "Country in East Asia",
            "Land of the Rising Sun",
            "Asian nation with Tokyo as capital"
        ]
    },
    "PLAIN-1453": {
        "original": "junk food",
        "expanded": [
            "unhealthy eating habits",
            "fast food nutrition facts",
            "processed snacks and health risks"
        ]
    },
    "PLAIN-1463": {
        "original": "kidney beans",
        "expanded": [
            "cooking with kidney beans",
            "health benefits of kidney beans",
            "growing kidney beans in garden"
        ]
    },
    "PLAIN-1473": {
        "original": "kohlrabi",
        "expanded": [
            "what is kohlrabi vegetable",
            "german turnip recipes",
            "cross between cabbage and turnip"
        ]
    },
    "PLAIN-1485": {
        "original": "lard",
        "expanded": [
            "animal fat",
            "pig fat cooking",
            "traditional baking ingredient"
        ]
    },
    "PLAIN-1496": {
        "original": "leeks",
        "expanded": [
            "cooking with leeks",
            "leek recipes and health benefits",
            "growing and harvesting leeks"
        ]
    },
    "PLAIN-1506": {
        "original": "leucine",
        "expanded": [
            "amino acid leucine properties",
            "leucine role in protein synthesis",
            "L-leucine benefits and side effects"
        ]
    },
    "PLAIN-1516": {
        "original": "Lindane",
        "expanded": [
            "Gamma-Hexachlorocyclohexane insecticide effects",
            "Hexachlorocyclohexane pesticide uses and risks",
            "Lindane shampoo treatment for lice and scabies"
        ]
    },
    "PLAIN-1527": {
        "original": "liver disease",
        "expanded": [
            "Hepatic disorders",
            "Liver dysfunction and liver failure",
            "Diseases affecting the liver"
        ]
    },
    "PLAIN-1537": {
        "original": "low-carb diets",
        "expanded": [
            "carbohydrate-restricted diets",
            "keto and Atkins diet plans",
            "weight loss through reduced carbohydrate intake"
        ]
    },
    "PLAIN-1547": {
        "original": "lyme disease",
        "expanded": [
            "tick-borne illnesses",
            "bacterial infections of the nervous system",
            "symptoms and treatment of borreliosis"
        ]
    },
    "PLAIN-1557": {
        "original": "magnesium",
        "expanded": [
            "minerals containing magnesium",
            "magnesium benefits and uses",
            "chemical properties of magnesium"
        ]
    },
    "PLAIN-1568": {
        "original": "maple syrup",
        "expanded": [
            "syrup made from maple trees",
            "natural sweeteners from canada",
            "grade a amber liquid sugar alternative"
        ]
    },
    "PLAIN-1579": {
        "original": "mastitis",
        "expanded": [
            "breast infection symptoms",
            "inflammatory breast disease causes",
            "lactation complications treatment"
        ]
    },
    "PLAIN-1590": {
        "original": "medical ethics",
        "expanded": [
            "healthcare morality principles",
            "bioethics and medical professionalism",
            "ethical considerations in healthcare practices"
        ]
    },
    "PLAIN-1601": {
        "original": "memory",
        "expanded": [
            "What is the concept of memory in psychology?",
            "How does computer memory storage work?",
            "What are the different types of human memory loss?"
        ]
    },
    "PLAIN-1611": {
        "original": "mesquite",
        "expanded": [
            "What are the uses of mesquite wood?",
            "Mesquite tree characteristics and habitats",
            "Cooking with mesquite smoke flavor"
        ]
    },
    "PLAIN-1621": {
        "original": "Mevacor",
        "expanded": [
            "What is the medication Mevacor used for?",
            "Lovastatin treatment and dosage information",
            "Cholesterol-lowering drugs and Mevacor side effects"
        ]
    },
    "PLAIN-1635": {
        "original": "milk",
        "expanded": [
            "dairy products",
            "calcium nutrition",
            "lactose intolerance"
        ]
    },
    "PLAIN-1645": {
        "original": "molasses",
        "expanded": [
            "syrup caramel",
            "thick sweet liquid",
            "refined sugar byproduct"
        ]
    },
    "PLAIN-1656": {
        "original": "mouth cancer",
        "expanded": [
            "oral cancer symptoms",
            "types of cancer that affect the mouth",
            "cancer of the lips tongue or throat"
        ]
    },
    "PLAIN-1667": {
        "original": "muscle health",
        "expanded": [
            "muscle wellness and fitness",
            "muscle strength and nutrition",
            "muscle injury prevention and recovery"
        ]
    },
    "PLAIN-1679": {
        "original": "myelopathy",
        "expanded": [
            "spinal cord disease",
            "neurological disorder of the spine",
            "compression of the spinal cord"
        ]
    },
    "PLAIN-1690": {
        "original": "National Academy of Sciences",
        "expanded": [
            "National science academies",
            "American scientific organizations",
            "Prestigious scientific institutions"
        ]
    },
    "PLAIN-1700": {
        "original": "Native Americans",
        "expanded": [
            "Indigenous peoples of the United States",
            "American Indian tribes and culture",
            "Aboriginal peoples of North America"
        ]
    },
    "PLAIN-1710": {
        "original": "neurocysticercosis",
        "expanded": [
            "parasitic infections of the brain",
            "cysticercosis diagnosis and treatment",
            "tapeworm infection of the central nervous system"
        ]
    },
    "PLAIN-1721": {
        "original": "NIH-AARP study",
        "expanded": [
            "National Institutes of Health AARP diet and health study",
            "AARP healthy aging research funded by NIH",
            "Diet and health patterns in older adults NIH AARP collaboration"
        ]
    },
    "PLAIN-1731": {
        "original": "norovirus",
        "expanded": [
            "stomach flu symptoms",
            "viral gastroenteritis causes",
            "foodborne illness outbreaks"
        ]
    },
    "PLAIN-1741": {
        "original": "nuts",
        "expanded": [
            "types of nuts (e.g., to capture results related to specific types of nuts, such as almonds or walnuts)",
            "nutritional value of nuts (e.g., to retrieve documents about the health benefits or calorie content of nuts)",
            "cooking with nuts (e.g., to find recipes or cooking techniques that involve nuts)"
        ]
    },
    "PLAIN-1752": {
        "original": "okra",
        "expanded": [
            "What are the health benefits of okra?",
            "Okra recipes and cooking methods",
            "Information on okra as a vegetable in different cuisines"
        ]
    },
    "PLAIN-1762": {
        "original": "oral intraepithelial neoplasia",
        "expanded": [
            "intraepithelial neoplasia of oral mucosa",
            "premalignant lesions of the oral cavity",
            "oral epithelial dysplasia and cancer risk"
        ]
    },
    "PLAIN-1772": {
        "original": "organotins",
        "expanded": [
            "tin compounds in organic chemistry",
            "biological effects of organotin compounds",
            "use of organotin in marine antifouling paints"
        ]
    },
    "PLAIN-1784": {
        "original": "oxen meat",
        "expanded": [
            "beef cattle products",
            "livestock meat types",
            "red meat sources"
        ]
    },
    "PLAIN-1794": {
        "original": "Panama",
        "expanded": [
            "Countries in Central America",
            "Panama Canal history",
            "Latin American country with a canal"
        ]
    },
    "PLAIN-1805": {
        "original": "Parkinson's disease",
        "expanded": [
            "Neurodegenerative disorder symptoms",
            "Brain dopamine deficiency treatment options",
            "Motor skill impairments and movement disorders"
        ]
    },
    "PLAIN-1817": {
        "original": "peanut butter",
        "expanded": [
            "creamy spread",
            "nutty snack",
            "breakfast ingredient"
        ]
    },
    "PLAIN-1827": {
        "original": "Peoria",
        "expanded": [
            "Illinois City",
            "Riverfront Communities",
            "Midwest American History"
        ]
    },
    "PLAIN-1837": {
        "original": "pesticides",
        "expanded": [
            "insecticides and herbicides",
            "chemicals used in agricultural pest control",
            "environmental impact of crop protection chemicals"
        ]
    },
    "PLAIN-1847": {
        "original": "philippines",
        "expanded": [
            "southeast asian country",
            "island nation in asia pacific",
            "manila location"
        ]
    },
    "PLAIN-1857": {
        "original": "phytic acid",
        "expanded": [
            "phytic acid function in plant metabolism",
            "inhibitory effects of phytic acid on nutrient absorption",
            "phytate content in foods and its impact on human health"
        ]
    },
    "PLAIN-1867": {
        "original": "pineapples",
        "expanded": [
            "tropical fruit",
            "prickly sweet fruit",
            "Hawaiian popular fruit"
        ]
    },
    "PLAIN-1877": {
        "original": "plant-based diet",
        "expanded": [
            "vegetarian nutrition and health benefits",
            "whole foods diet for weight loss",
            "vegan lifestyle and environmental impact"
        ]
    },
    "PLAIN-1887": {
        "original": "poisonous plants",
        "expanded": [
            "toxic flora",
            "deadly botanicals",
            "hazardous garden plants"
        ]
    },
    "PLAIN-1897": {
        "original": "polypropylene plastic",
        "expanded": [
            "chemical properties of polypropylene",
            "types of polypropylene plastics",
            "applications of polypropylene materials"
        ]
    },
    "PLAIN-1909": {
        "original": "pork",
        "expanded": [
            "meat from pigs",
            "swine as food",
            "bacon and ham"
        ]
    },
    "PLAIN-1919": {
        "original": "poultry workers",
        "expanded": [
            "chicken industry employees",
            "meat processing laborers",
            "farm workers in animal husbandry"
        ]
    },
    "PLAIN-1929": {
        "original": "prenatal vitamins",
        "expanded": [
            "pregnancy supplements",
            "vitamins during pregnancy benefits",
            "maternal health nutrients"
        ]
    },
    "PLAIN-1940": {
        "original": "prolactin",
        "expanded": [
            "Hormone regulating lactation",
            "Pituitary gland hormone secretion",
            "Breast milk production hormone"
        ]
    },
    "PLAIN-1950": {
        "original": "prunes",
        "expanded": [
            "what are prunes",
            "definition of dried plums",
            "health benefits of prunes"
        ]
    },
    "PLAIN-1962": {
        "original": "pumpkin",
        "expanded": [
            "orange squash varieties",
            "fall seasonal decorations",
            "autumn recipes ingredients"
        ]
    },
    "PLAIN-1972": {
        "original": "quinine",
        "expanded": [
            "anti-malarial medication",
            "treatments for malaria",
            "cinchona bark extract"
        ]
    },
    "PLAIN-1983": {
        "original": "rapamycin",
        "expanded": [
            "sirolimus inhibitor",
            "mTOR pathway modulator",
            "immunosuppressant drug treatment"
        ]
    },
    "PLAIN-1995": {
        "original": "red tea",
        "expanded": [
            "rooibos tea benefits",
            "types of herbal tea",
            "Chinese red bush tea"
        ]
    },
    "PLAIN-2009": {
        "original": "rhabdomyolysis",
        "expanded": [
            "muscle breakdown disorder",
            "symptoms of muscle damage",
            "condition causing dark urine"
        ]
    },
    "PLAIN-2019": {
        "original": "rickets",
        "expanded": [
            "vitamin d deficiency diseases",
            "bone deformities in children",
            "osteomalacia symptoms"
        ]
    },
    "PLAIN-2030": {
        "original": "Rutin",
        "expanded": [
            "What are the health benefits of rutin supplements?",
            "What is the role of rutin in vitamin C complex?",
            "How does rutin work as a natural remedy for varicose veins?"
        ]
    },
    "PLAIN-2040": {
        "original": "salmon",
        "expanded": [
            "fish species :+: Atlantic salmon",
            "pink salmon :+: omega-3 fatty acids",
            "salmonidae :+: pacific northwest"
        ]
    },
    "PLAIN-2051": {
        "original": "saturated fat",
        "expanded": [
            "fatty acid composition",
            "dietary fat intake",
            "lipid nutrition health effects"
        ]
    },
    "PLAIN-2061": {
        "original": "seafood",
        "expanded": [
            "fish and shellfish",
            "ocean-to-table cuisine",
            "marine-based dishes"
        ]
    },
    "PLAIN-2071": {
        "original": "serotonin",
        "expanded": [
            "What is the role of serotonin in mood regulation?",
            "How does serotonin affect mental health and well-being?",
            "What are the benefits and functions of serotonin in the human brain?"
        ]
    },
    "PLAIN-2081": {
        "original": "shelf life",
        "expanded": [
            "expiration dates of products",
            "food storage and longevity",
            "product durability and storage conditions"
        ]
    },
    "PLAIN-2092": {
        "original": "sirtuins",
        "expanded": [
            "What are the functions of sirtuin proteins in cellular longevity?",
            "How do sirtuins regulate metabolism and aging?",
            "What is the role of sirtuin 1 in calorie restriction and cancer prevention?"
        ]
    },
    "PLAIN-2102": {
        "original": "smoking",
        "expanded": [
            "what are the health effects of tobacco smoking?",
            "cigarette addiction and quit strategies",
            "the risks of secondhand smoke exposure"
        ]
    },
    "PLAIN-2113": {
        "original": "soil health",
        "expanded": [
            "soil fertility and ecosystem well-being",
            "land degradation and soil quality management",
            "environmental impacts on soil biodiversity and productivity"
        ]
    },
    "PLAIN-2124": {
        "original": "spearmint",
        "expanded": [
            "mint flavor",
            "herbal teas",
            "peppermint alternative"
        ]
    },
    "PLAIN-2134": {
        "original": "Splenda",
        "expanded": [
            "Artificial sweeteners like sucralose",
            "Low-calorie sugar substitutes used in baking",
            "Popular sugar-free alternatives for diabetics"
        ]
    },
    "PLAIN-2145": {
        "original": "St. John's wort",
        "expanded": [
            "Herbal remedies for depression",
            "Hypericum perforatum benefits and side effects",
            "Natural antidepressant alternatives"
        ]
    },
    "PLAIN-2156": {
        "original": "stevia",
        "expanded": [
            "natural sweetener alternatives",
            "zero-calorie sugar substitute benefits",
            "plant-based low-calorie sweetener options"
        ]
    },
    "PLAIN-2167": {
        "original": "subsidies",
        "expanded": [
            "government grants",
            "financial assistance programs",
            "incentives for businesses"
        ]
    },
    "PLAIN-2177": {
        "original": "sulfur",
        "expanded": [
            "Elements in the periodic table with a strong smell",
            "Chemical compounds containing sulfur and their applications",
            "Properties and uses of sulfur in industrial processes"
        ]
    },
    "PLAIN-2187": {
        "original": "suppositories",
        "expanded": [
            "rectal medications",
            "analgesic delivery forms",
            "medications for constipation"
        ]
    },
    "PLAIN-2197": {
        "original": "sweeteners",
        "expanded": [
            "alternative sugars",
            "low-calorie additives",
            "natural sweetening agents"
        ]
    },
    "PLAIN-2209": {
        "original": "taro",
        "expanded": [
            "Colocasia esculenta",
            "Pacific island staple food",
            "Tropical root vegetable"
        ]
    },
    "PLAIN-2220": {
        "original": "tempeh",
        "expanded": [
            "what is tempeh made of",
            "fermented soybean products",
            "healthy vegetarian food alternatives"
        ]
    },
    "PLAIN-2230": {
        "original": "thiamine",
        "expanded": [
            "Vitamin B1 deficiency",
            "What is thiamin good for",
            "Vitamin deficiency causing fatigue"
        ]
    },
    "PLAIN-2240": {
        "original": "titanium dioxide",
        "expanded": [
            "titanium oxide nanoparticles",
            "TiO2 properties and applications",
            "pigment used in cosmetics and paint"
        ]
    },
    "PLAIN-2250": {
        "original": "tongue worm",
        "expanded": [
            "parasitic infestation mouth",
            "lingual parasite symptoms",
            "oral infection caused by worms"
        ]
    },
    "PLAIN-2261": {
        "original": "trans fats",
        "expanded": [
            "artificially added fats in food",
            "partially hydrogenated oils health effects",
            "food ingredients high in unhealthy fats"
        ]
    },
    "PLAIN-2271": {
        "original": "Tufts",
        "expanded": [
            "Tufts University",
            "Education in Massachusetts",
            "Fletcher School of Law and Diplomacy"
        ]
    },
    "PLAIN-2281": {
        "original": "turnips",
        "expanded": [
            "root vegetables like turnips",
            "cooking with turnips and rutabaga",
            "growing turnips in home garden"
        ]
    },
    "PLAIN-2291": {
        "original": "ultra-processed foods",
        "expanded": [
            "food products with minimal nutritional value",
            "industrially formulated food items",
            "packaged snacks and ready-to-eat meals"
        ]
    },
    "PLAIN-2301": {
        "original": "uterine health",
        "expanded": [
            "women's reproductive health issues",
            "female pelvic organ disorders",
            "gynecological problems and wellness"
        ]
    },
    "PLAIN-2311": {
        "original": "veal",
        "expanded": [
            "Meat cut from young calf",
            "Type of lean red meat",
            "European cuisine dish featuring tenderloin"
        ]
    },
    "PLAIN-2321": {
        "original": "veggie chicken",
        "expanded": [
            "vegetarian chicken alternatives",
            "plant-based chicken substitutes",
            "meatless chicken products"
        ]
    },
    "PLAIN-2332": {
        "original": "viral infections",
        "expanded": [
            "infectious diseases caused by viruses",
            "viral disease outbreaks and epidemics",
            "microbial infections caused by viruses and their treatment"
        ]
    },
    "PLAIN-2343": {
        "original": "vitamin K",
        "expanded": [
            "vitamin K benefits",
            "foods high in vitamin K",
            "vitamin K deficiency symptoms"
        ]
    },
    "PLAIN-2354": {
        "original": "walnut oil",
        "expanded": [
            "cooking with walnut oil",
            "health benefits of walnut oil",
            "uses for walnut oil in skincare"
        ]
    },
    "PLAIN-2364": {
        "original": "weight gain",
        "expanded": [
            "body mass increase",
            "adding pounds or muscle mass",
            "tips for gaining healthy weight"
        ]
    },
    "PLAIN-2375": {
        "original": "whiting",
        "expanded": [
            "What is a whiting fish?",
            "Types of fish with white flesh",
            "Whiting fish vs cod fish comparison"
        ]
    },
    "PLAIN-2386": {
        "original": "worms",
        "expanded": [
            "invertebrate animals",
            "soil dwelling creatures",
            "insect-like species"
        ]
    },
    "PLAIN-2396": {
        "original": "Yale",
        "expanded": [
            "University in Connecticut",
            "Ivy League institution",
            "Alma mater of US Presidents"
        ]
    },
    "PLAIN-2408": {
        "original": "Zoloft",
        "expanded": [
            "What is sertraline?",
            "Symptoms treated with antidepressant medications",
            "Side effects of selective serotonin reuptake inhibitors (SSRIs)"
        ]
    },
    "PLAIN-2430": {
        "original": "Preventing Brain Loss with B Vitamins?",
        "expanded": [
            "Role of B Vitamins in Cerebral Atrophy Prevention",
            "Can B Vitamin Supplements Reduce Cognitive Decline Risk?",
            "The Neuroprotective Effects of B Vitamins on Brain Health"
        ]
    },
    "PLAIN-2440": {
        "original": "More Than an Apple a Day: Combating Common Diseases",
        "expanded": [
            "Preventive Health Strategies Against Chronic Illnesses",
            "Nutritional Interventions for Reducing Disease Risk Factors",
            "Lifestyle Modifications for Effective Disease Prevention"
        ]
    },
    "PLAIN-2450": {
        "original": "Are Organic Foods Safer?",
        "expanded": [
            "Do Organic Products Have Fewer Chemicals?",
            "Is There a Risk Reduction in Eating Organic Food?",
            "What Are the Safety Benefits of Choosing Organic Over Non-Organic Foods?"
        ]
    },
    "PLAIN-2460": {
        "original": "Diabetes as a Disease of Fat Toxicity",
        "expanded": [
            "How does excess fat contribute to the development of diabetes?",
            "What is the role of lipotoxicity in the pathogenesis of type 2 diabetes?",
            "Can insulin resistance be caused by fat accumulation in non-adipose tissues?"
        ]
    },
    "PLAIN-2470": {
        "original": "Is Milk Good for Our Bones?",
        "expanded": [
            "What are the effects of milk on bone health?",
            "Does milk consumption improve bone density?",
            "How does calcium in milk impact skeletal development?"
        ]
    },
    "PLAIN-2480": {
        "original": "Preventing Ulcerative Colitis with Diet",
        "expanded": [
            "Impact of Nutrition on Ulcerative Colitis Prevention",
            "Dietary Interventions for Reducing Ulcerative Colitis Risk",
            "Food-Based Strategies for Managing Ulcerative Colitis Symptoms"
        ]
    },
    "PLAIN-2490": {
        "original": "The Actual Benefit of Diet vs. Drugs",
        "expanded": [
            "Comparing the Efficacy of Dietary Changes and Medication in Health Outcomes",
            "Weighing the Advantages of Nutrition-Based Therapies against Pharmaceutical Interventions",
            "Does Healthy Eating Trump Medication in Terms of Real Health Benefits?"
        ]
    },
    "PLAIN-2500": {
        "original": "The Saturated Fat Studies: Buttering Up the Public",
        "expanded": [
            "Impact of Saturated Fats on Public Health Perceptions",
            "Influence of Nutrition Research on Butter Consumption Trends",
            "Debunking the Myths: A Critical Analysis of Saturated Fat Studies and Public Opinion"
        ]
    },
    "PLAIN-2510": {
        "original": "Coffee and Artery Function",
        "expanded": [
            "Effects of Caffeine on Cardiovascular Health",
            "Relationship Between Coffee Consumption and Arterial Health",
            "How Does Coffee Affect Blood Vessel Function and Overall Health?"
        ]
    },
    "PLAIN-2520": {
        "original": "Caloric Restriction vs. Plant-Based Diets",
        "expanded": [
            "Effects of Calorie Reduction vs. Whole Food Plant-Based Eating on Health Outcomes",
            "Comparing the Benefits of Low-Calorie Diets with Vegan and Vegetarian Lifestyles",
            "Which is More Effective: Restricting Daily Calories or Adopting a Plant-Centric Nutrition Plan for Weight Loss and Wellbeing?"
        ]
    },
    "PLAIN-2530": {
        "original": "Infectobesity: Adenovirus 36 and Childhood Obesity",
        "expanded": [
            "Adenovirus 36 role in pediatric obesity development",
            "Childhood weight gain linked to viral infections, Ad36 implication",
            "Obesity in children and adolescents: Is Adenovirus 36 a contributing factor"
        ]
    },
    "PLAIN-2540": {
        "original": "Does Cholesterol Size Matter?",
        "expanded": [
            "What is the significance of cholesterol particle size in cardiovascular health?",
            "How does the size of LDL cholesterol particles impact cardiovascular disease risk?",
            "Is there a correlation between cholesterol molecule size and its effects on the cardiovascular system?"
        ]
    },
    "PLAIN-2550": {
        "original": "Barriers to Heart Disease Prevention",
        "expanded": [
            "Factors hindering cardiovascular disease prevention strategies",
            "Challenges and obstacles in coronary heart disease prevention and treatment",
            "What prevents individuals from adopting heart healthy behaviors and lifestyles"
        ]
    },
    "PLAIN-2560": {
        "original": "Childhood Constipation and Cow\u2019s Milk",
        "expanded": [
            "Impact of dairy consumption on pediatric bowel movements",
            "Relationship between cow's milk protein and childhood bowel regularity issues",
            "Pediatric gastrointestinal health and lactose intolerance"
        ]
    },
    "PLAIN-2570": {
        "original": "Diabetics Should Take Their Pulses",
        "expanded": [
            "Patients with diabetes should monitor their heart rate regularly",
            "Importance of pulse checks for diabetic individuals",
            "Why diabetics need to keep track of their pulse rate daily"
        ]
    },
    "PLAIN-2580": {
        "original": "Academy of Nutrition and Dietetics Conflicts of Interest",
        "expanded": [
            "Academy of Nutrition and Dietetics financial disclosures",
            "Conflicts of interest in nutrition research organizations",
            "Ethical concerns with Academy of Nutrition and Dietetics sponsorships"
        ]
    },
    "PLAIN-2590": {
        "original": "Do Vegetarians Get Enough Protein?",
        "expanded": [
            "Can a plant-based diet provide adequate protein for optimal health?",
            "What are the best protein sources for vegans and vegetarians to ensure a balanced diet?",
            "How do vegetarians meet their daily protein requirements, and are there any potential health risks associated with protein deficiency?"
        ]
    },
    "PLAIN-2600": {
        "original": "Eggs and Arterial Function",
        "expanded": [
            "Relationship between Egg Consumption and Cardiovascular Health",
            "Impact of Egg Yolks on Blood Vessel Function and Heart Disease Risk",
            "Role of Egg Nutrients in Maintaining Healthy Arteries and Circulation"
        ]
    },
    "PLAIN-2610": {
        "original": "Treating Asthma With Plants vs. Supplements?",
        "expanded": [
            "Natural Remedies for Asthma Management: Herbal vs. Nutritional Approaches?",
            "Comparing Botanical Medicine with Dietary Supplements in Asthma Treatment",
            "Alternative Therapies for Asthma: Plant-Based Remedies vs. Supplemental Options"
        ]
    },
    "PLAIN-2620": {
        "original": "Phytates for the Treatment of Cancer",
        "expanded": [
            "Anticancer effects of phytic acid supplementation",
            "Inhibitory role of phytates on tumor growth and development",
            "Phytate-based therapies for cancer prevention and treatment"
        ]
    },
    "PLAIN-2630": {
        "original": "Alkylphenol Endocrine Disruptors and Allergies",
        "expanded": [
            "Endocrine Disrupting Chemicals and Immune System Response",
            "Alkylphenol Compounds and Allergic Reaction Mechanisms",
            "Environmental Toxins and their Impact on Human Allergy Development"
        ]
    },
    "PLAIN-2640": {
        "original": "Chicken Salmonella Thanks to Meat Industry Lawsuit",
        "expanded": [
            "Food Safety Lawsuits Against Poultry Industry Due to Salmonella Outbreaks",
            "Meat Industry Regulations and Legal Actions Related to Chicken-Borne Salmonella Infections",
            "Salmonella Contamination in Chicken Products Leading to Lawsuits Against Meat Manufacturers"
        ]
    },
    "PLAIN-2650": {
        "original": "Turmeric Curcumin and Osteoarthritis",
        "expanded": [
            "Effects of Turmeric Extract on Osteoarthritis Symptoms",
            "Curcumin Supplements and Joint Pain Relief in Osteoarthritis Patients",
            "Therapeutic Benefits of Turmeric Curcumin in Managing Osteoarthritis Inflammation"
        ]
    },
    "PLAIN-2660": {
        "original": "How Long to Detox From Fish Before Pregnancy?",
        "expanded": [
            "How soon can I get pregnant after eating fish with mercury?",
            "What is the recommended waiting period before conception after consuming fish high in toxins?",
            "Is there a safe timeframe for detoxing from fish toxins before trying to conceive?"
        ]
    },
    "PLAIN-2670": {
        "original": "Is Caramel Color Carcinogenic?",
        "expanded": [
            "Does Caramel Food Coloring Pose a Cancer Risk?",
            "Is the Artificial Browning Agent in Caramel Linked to Cancer?",
            "What are the Health Implications of Consuming Caramel-Colored Foods?"
        ]
    },
    "PLAIN-2680": {
        "original": "Counteracting the Effects of Dioxins Through Diet",
        "expanded": [
            "Detoxifying the Body from Dioxin Exposure through Food Choices",
            "Nutritional Strategies for Minimizing Dioxin Toxicity",
            "Dietary Interventions to Reduce the Impact of Dioxins on Human Health"
        ]
    },
    "PLAIN-2690": {
        "original": "Chronic Headaches and Pork Tapeworms",
        "expanded": [
            "Relation between tapeworm infections and headache symptoms",
            "Pork-borne parasites causing chronic headache disorders",
            "Headache as a symptom of taeniasis, a pork tapeworm infection"
        ]
    },
    "PLAIN-2700": {
        "original": "Heart Disease Starts in Childhood",
        "expanded": [
            "Childhood Risk Factors for Cardiovascular Disease",
            "Early Signs and Symptoms of Heart Problems in Kids",
            "The Roots of Adult Heart Disease in Pediatric Health"
        ]
    },
    "PLAIN-2710": {
        "original": "Artificial Food Colors and ADHD",
        "expanded": [
            "Food additives and attention deficit hyperactivity disorder relationship",
            "Synthetic dyes in food products and their impact on children's behavior",
            "Do artificial coloring agents in processed foods contribute to hyperactive disorders in kids?"
        ]
    },
    "PLAIN-2720": {
        "original": "Keeping Your Hands Warm With Citrus",
        "expanded": [
            "Ways to Keep Your Hands Warm Naturally",
            "Using Citrus Fruits for Cold Hands Relief",
            "Natural Remedies for Cold Hands and Citrus Benefits"
        ]
    },
    "PLAIN-2730": {
        "original": "Anti-Angiogenesis: Cutting Off Tumor Supply Lines",
        "expanded": [
            "Inhibiting Tumor Growth by Restricting Blood Vessel Formation",
            "Therapeutic Strategies for Disrupting Cancer's Blood Supply",
            "Targeting Angiogenesis to Suffocate Tumor Development"
        ]
    },
    "PLAIN-2740": {
        "original": "Cancer Risk From CT Scan Radiation",
        "expanded": [
            "CT Scan Radiation Exposure Health Effects",
            "Radiation Induced Cancer From Computed Tomography",
            "Health Risks Associated with CT Scan Radiation Dose"
        ]
    },
    "PLAIN-2750": {
        "original": "Preventing the Common Cold with Probiotics?",
        "expanded": [
            "Can probiotics reduce the risk of upper respiratory tract infections?",
            "Do probiotics have immunomodulatory effects that can help combat viral infections like the common cold?",
            "What is the role of gut microbiota in preventing and treating viral respiratory infections, and can probiotics be used as a therapeutic strategy?"
        ]
    },
    "PLAIN-2760": {
        "original": "Eating Healthy on a Budget",
        "expanded": [
            "Affordable Nutrition Options",
            "Budget-Friendly Meal Planning Ideas",
            "Healthy Food on a Limited Budget Strategies"
        ]
    },
    "PLAIN-2770": {
        "original": "Flaxseeds & Breast Cancer Survival: Clinical Evidence",
        "expanded": [
            "Flaxseed consumption and breast cancer patient outcomes: A review of clinical trials",
            "Does flaxseed intake improve breast cancer survival rates: Examining the scientific evidence",
            "The role of flaxseed in reducing breast cancer mortality: A clinical investigation of existing research"
        ]
    },
    "PLAIN-2780": {
        "original": "Do Fruit & Nut Bars Cause Weight Gain?",
        "expanded": [
            "Are Fruit and Nut Bars a Contributing Factor to Obesity?",
            "Do Healthy Snack Bars like Fruit and Nut Ones Lead to Weight Increase?",
            "Can Regular Consumption of Fruit and Nut Bars Affect Body Weight?"
        ]
    },
    "PLAIN-2790": {
        "original": "Titanium Dioxide & Inflammatory Bowel Disease",
        "expanded": [
            "Titanium Dioxide exposure and IBD risk factors",
            "Effects of Titanium Dioxide nanoparticles on Gut Health and Inflammatory Bowel Disease",
            "Is Titanium Dioxide a potential trigger for Inflammatory Bowel Disease exacerbations"
        ]
    },
    "PLAIN-2800": {
        "original": "Prolonged Liver Function Enhancement From Broccoli",
        "expanded": [
            "Improving Liver Health with Sulforaphane-Rich Foods like Broccoli",
            "Long-Term Effects of Broccoli Consumption on Liver Function and Detoxification",
            "Broccoli-Derived Compounds and Their Role in Enhancing Hepatic Function and Protection"
        ]
    },
    "PLAIN-2810": {
        "original": "Apple Juice May Be Worse Than Sugar Water",
        "expanded": [
            "Is apple juice as unhealthy as sugar-sweetened beverages?",
            "What are the negative health effects of consuming apple juice regularly?",
            "How does the sugar content of apple juice compare to other sweet drinks?"
        ]
    },
    "PLAIN-2820": {
        "original": "Preventing Strokes with Diet",
        "expanded": [
            "Role of Nutrition in Reducing Stroke Risk",
            "Foods that Lower Blood Pressure and Prevent Strokes",
            "Dietary Changes to Minimize Cardiovascular Disease and Stroke"
        ]
    },
    "PLAIN-2830": {
        "original": "Neurobiology of Artificial Sweeteners",
        "expanded": [
            "Effects of Artificial Sweeteners on Brain Function and Neurotransmitters",
            "Neural Mechanisms and Physiological Response to Low-Calorie Sweeteners",
            "Artificial Sweeteners and their Impact on Gut-Brain Axis and Neuroplasticity"
        ]
    },
    "PLAIN-2840": {
        "original": "Benefits of Fenugreek Seeds",
        "expanded": [
            "What are the advantages of consuming Fenugreek Seeds?",
            "How do Fenugreek Seeds improve overall health and wellness?",
            "What are the nutritional benefits and uses of Fenugreek Seeds?"
        ]
    },
    "PLAIN-2850": {
        "original": "More Antibiotics In White Meat or Dark Meat?",
        "expanded": [
            "Do chickens have higher antibiotic residues in white meat versus dark meat?",
            "Which type of poultry meat has a higher concentration of antibiotic residues - breast or thigh?",
            "Is there a difference in antibiotic contamination between white and dark meat in commercially available poultry products?"
        ]
    },
    "PLAIN-2860": {
        "original": "BPA Plastic and Male Sexual Dysfunction",
        "expanded": [
            "Impact of BPA on reproductive health in men",
            "Relationship between bisphenol A exposure and erectile dysfunction",
            "BPA's effects on testosterone levels and sexual function in males"
        ]
    },
    "PLAIN-2870": {
        "original": "Filled Full of Lead",
        "expanded": [
            "Containing a Large Amount of Lead",
            "Loaded with Lead Ammunition",
            "Made with a High Percentage of Lead"
        ]
    },
    "PLAIN-2880": {
        "original": "The Answer to the Pritikin Puzzle",
        "expanded": [
            "Understanding the Pritikin Principle",
            "What is the Mystery Behind the Pritikin Puzzle Solved?",
            "Unraveling the Enigma of Nathan Pritikin's Famous Puzzle"
        ]
    },
    "PLAIN-2890": {
        "original": "To Snack or Not to Snack?",
        "expanded": [
            "Is Snacking Healthy or Harmful?",
            "Should I Munch Between Meals?",
            "The Benefits and Drawbacks of Frequent Snacking"
        ]
    },
    "PLAIN-2900": {
        "original": "Boosting Good Bacteria in the Colon Without Probiotics",
        "expanded": [
            "Alternatives to probiotics for gut health and bacterial balance",
            "Supporting beneficial gut microbiome growth without supplementation",
            "Natural ways to promote friendly bacteria in the colon and improve digestion"
        ]
    },
    "PLAIN-2910": {
        "original": "Optimal Phytosterol Dose",
        "expanded": [
            "Effective dosage of phytosterols for optimal health benefits",
            "Recommended daily intake of plant-based sterols for cholesterol reduction",
            "What is the ideal amount of phytosterol supplementation for cardiovascular health?"
        ]
    },
    "PLAIN-2920": {
        "original": "Human Neurotransmitters in Plants",
        "expanded": [
            "Plant-based Neuromolecules",
            "Phytochemical Analogues of Human Neurotransmitters",
            "Neurotransmitter-like Compounds in Botanical Systems"
        ]
    },
    "PLAIN-2930": {
        "original": "Kiwifruit for Irritable Bowel Syndrome",
        "expanded": [
            "Kiwi fruit and IBS symptoms relief",
            "Effect of kiwi consumption on Irritable Bowel Syndrome patients",
            "Can kiwifruit help manage irritable bowel syndrome?"
        ]
    },
    "PLAIN-2940": {
        "original": "Dietary Treatment of Crohn's Disease",
        "expanded": [
            "Nutrition therapy for Crohn's disease management",
            "Crohn's disease diet plan and meal planning strategies",
            "Food-based interventions for inflammatory bowel disease (IBD) including Crohn's disease"
        ]
    },
    "PLAIN-2950": {
        "original": "Unsafe at Any Feed",
        "expanded": [
            "Dangerous Feed Content Risks",
            "Feeds That Compromise User Safety",
            "Risky or Malicious Feed ITEMS"
        ]
    },
    "PLAIN-2960": {
        "original": "Pharmacists Versus Health Food Store Employees: Who Gives Better Advice?",
        "expanded": [
            "Comparing the Expertise of Pharmacists and Health Food Store Staff in Providing Health Guidance",
            "Which Professionals Offer More Accurate Health and Nutrition Advice: Pharmacists or Health Store Clerks?",
            "Evaluating the Credibility of Health Advice from Pharmacists versus Health Supplement Store Employees"
        ]
    },
    "PLAIN-2970": {
        "original": "Preventing Cataracts with Diet",
        "expanded": [
            "Nutrition and Cataract Prevention Strategies",
            "Foods that Reduce the Risk of Cataract Development",
            "Dietary Interventions for Cataract Prevention and Treatment"
        ]
    },
    "PLAIN-2981": {
        "original": "Cheese Mites and Maggots",
        "expanded": [
            "Insect Infestation in Dairy Products",
            "Food Contamination by Small Arthropods",
            "Microscopic Pests Affecting Cheese Quality"
        ]
    },
    "PLAIN-2991": {
        "original": "Cholesterol and Lower Back Pain",
        "expanded": [
            "Relationship between high cholesterol and back pain symptoms",
            "Lower back pain causes and the role of cholesterol levels",
            "Cholesterol management and its impact on reducing back pain"
        ]
    },
    "PLAIN-3001": {
        "original": "EPIC Findings on Lymphoma",
        "expanded": [
            "Research outcomes on lymphoma diagnosis and treatment from EPIC studies",
            "Lymphoma patient data analysis and discoveries using EPIC systems",
            "EPIC's role in advancing lymphoma research and clinical practice"
        ]
    },
    "PLAIN-3014": {
        "original": "Sometimes the Enzyme Myth Is True",
        "expanded": [
            "When does the enzyme myth hold true in reality?",
            "Cases where the enzyme myth is not entirely a myth",
            "Debunking the enzyme myth: exceptions and evidence"
        ]
    },
    "PLAIN-3026": {
        "original": "Vitamin C-Enriched Bacon",
        "expanded": [
            "Foods fortified with ascorbic acid",
            "Nutrient-enhanced pork products",
            "Bacon with antioxidant properties"
        ]
    },
    "PLAIN-3037": {
        "original": "Out of the Lab Onto the Track",
        "expanded": [
            "From Research to Real-World Applications",
            "Translating Scientific Discoveries into Practical Solutions",
            "Bridging the Gap between Laboratory Experiments and Real-Life Implementations"
        ]
    },
    "PLAIN-3053": {
        "original": "Dragon's Blood",
        "expanded": [
            "What is the legend of Dragon's Blood tree?",
            "Properties and uses of Dragon's Blood resin",
            "Is Dragon's Blood a natural medicine ingredient?"
        ]
    },
    "PLAIN-3063": {
        "original": "Better Than Goji Berries",
        "expanded": [
            "Alternatives to Goji Berries for Nutrition and Health Benefits",
            "Superfoods That Outperform Goji Berries in Antioxidant Properties",
            "Healthier Snack Options That Surpass Goji Berries in Nutritional Value"
        ]
    },
    "PLAIN-3074": {
        "original": "How to Help Prevent Abdominal Aortic Aneurysms",
        "expanded": [
            "What are the risk factors and symptoms of abdominal aortic aneurysm and how can it be prevented?",
            "What lifestyle changes and medical interventions can help reduce the likelihood of developing an abdominal aortic aneurysm?",
            "What are the strategies for early detection and prevention of abdominal aortic aneurysm, and how can it be managed to avoid rupture?"
        ]
    },
    "PLAIN-3085": {
        "original": "The Difficulty of Arriving at a Vitamin D Recommendation",
        "expanded": [
            "Challenges in establishing a universal vitamin D dosage guideline",
            "Factors influencing the complexity of vitamin D intake recommendations",
            "Overcoming obstacles to develop a standardized vitamin D supplementation plan"
        ]
    },
    "PLAIN-3097": {
        "original": "Amyloid and Apple Juice",
        "expanded": [
            "Amyloid protein and apple juice connection",
            "Role of amyloid in Alzheimer's disease and its relation to apple juice consumption",
            "Does apple juice contain any compounds that affect amyloid plaques?"
        ]
    },
    "PLAIN-3116": {
        "original": "Dietary Guidelines: From Dairies to Berries",
        "expanded": [
            "Nutrition Recommendations: Exploring Milk to Fruit Options",
            "Healthy Eating: Transitioning from Dairy Products to Berry-Rich Diets",
            "Food Choice Guidance: Shifting from Traditional Dairy to Berry-Centric Nutrition"
        ]
    },
    "PLAIN-3131": {
        "original": "Are Avocados Good for You?",
        "expanded": [
            "What are the health benefits of avocados?",
            "Do avocados provide any nutritional value?",
            "Are avocados a healthy addition to your diet?"
        ]
    },
    "PLAIN-3141": {
        "original": "Relieving Yourself of Excess Estrogen",
        "expanded": [
            "Natural Ways to Balance Estrogen Levels",
            "Symptoms and Treatment of Estrogen Dominance",
            "Detoxifying the Body of Excess Hormones"
        ]
    },
    "PLAIN-3151": {
        "original": "Too Much Iodine Can Be as Bad as Too Little",
        "expanded": [
            "The Risks of Excessive Iodine Intake",
            "The Dangers of Iodine Imbalance, from Deficiency to Overload",
            "How Too Much or Too Little Iodine Can Affect Health"
        ]
    },
    "PLAIN-3161": {
        "original": "Is Milk and Mucus a Myth?",
        "expanded": [
            "Do dairy products really increase mucus production in humans?",
            "What is the relationship between milk consumption and respiratory health?",
            "Is there scientific evidence to support the claim that milk causes excess mucus?"
        ]
    },
    "PLAIN-3171": {
        "original": "Convergence of Evidence",
        "expanded": [
            "Confirmation of Hypotheses",
            "Accumulation of Supporting Data",
            "Integration of Multiple Findings"
        ]
    },
    "PLAIN-3181": {
        "original": "Is Dragon Fruit Good For You?",
        "expanded": [
            "What are the health benefits of consuming dragon fruit?",
            "Does dragon fruit have any nutritional value or advantages?",
            "Is dragon fruit a healthy addition to a balanced diet?"
        ]
    },
    "PLAIN-3191": {
        "original": "Is Distilled Fish Oil Toxin-Free?",
        "expanded": [
            "Are there any toxins in distilled fish oil supplements?",
            "What are the purity standards for distilled fish oil to ensure it's safe for consumption?",
            "Can distilled fish oil be contaminated with pollutants and heavy metals?"
        ]
    },
    "PLAIN-3201": {
        "original": "Acne & Cancer Connection",
        "expanded": [
            "Link between skin breakouts and oncology",
            "Relationship between acne vulgaris and malignant tumors",
            "Cancer risk associated with severe acne disorders"
        ]
    },
    "PLAIN-3211": {
        "original": "Overdosing on Greens",
        "expanded": [
            "Toxic effects of excessive green vegetable consumption",
            "Green food addiction symptoms and treatment",
            "Negative impact of eating too many leafy greens"
        ]
    },
    "PLAIN-3221": {
        "original": "Dietary Theory of Alzheimer's",
        "expanded": [
            "Nutritional Factors in Alzheimer's Disease Development",
            "Alzheimer's Prevention through Diet and Nutrition",
            "The Role of Diet in Alzheimer's Pathophysiology"
        ]
    },
    "PLAIN-3231": {
        "original": "Meat & Multiple Myeloma",
        "expanded": [
            "Cancer of the bone marrow and red meat consumption",
            "Multiple Myeloma risk factors and meat-based diet",
            "Connection between processed meat and Multiple Myeloma development"
        ]
    },
    "PLAIN-3241": {
        "original": "Apthous Ulcer Mystery Solved",
        "expanded": [
            "Deciphering the Enigma of Aphthous Ulcers",
            "Unraveling the Cause of Recurrent Mouth Sores",
            "Breaking Down the Science Behind Canker Sore Formation"
        ]
    },
    "PLAIN-3251": {
        "original": "EPIC Study",
        "expanded": [
            "What is the European Prospective Investigation into Cancer and Nutrition study?",
            "Can you provide information on the EPIC clinical trial methodology?",
            "What are the key findings and results of the EPIC study on nutrition and health?"
        ]
    },
    "PLAIN-3261": {
        "original": "Update on Herbalife\u00ae",
        "expanded": [
            "Latest news about Herbalife nutrition company",
            "Recent developments in Herbalife products and services",
            "What's new with Herbalife stock and business updates"
        ]
    },
    "PLAIN-3271": {
        "original": "Saturated Fat & Cancer Progression",
        "expanded": [
            "Role of Saturated Fatty Acids in Tumor Development and Growth",
            "Relationship Between Dietary Saturated Fat Intake and Cancer Cell Proliferation",
            "Impact of Saturated Fat Consumption on Cancer Metastasis and Mortality Rates"
        ]
    },
    "PLAIN-3281": {
        "original": "Aluminum in Vaccines vs. Food",
        "expanded": [
            "Aluminum exposure from vaccination vs. dietary sources",
            "Comparing aluminum content in vaccines and food products for human consumption",
            "Safety of aluminum adjuvants in vaccines versus aluminum intake from food and beverages"
        ]
    },
    "PLAIN-3292": {
        "original": "Are Multivitamins Good For You?",
        "expanded": [
            "What are the benefits of taking daily multivitamins?",
            "Do multivitamins really make a difference in overall health?",
            "Are multivitamins a necessary supplement for a healthy diet?"
        ]
    },
    "PLAIN-3302": {
        "original": "Fish Fog",
        "expanded": [
            "Aquatic Mist",
            "Marine Weather Conditions",
            "Oceanic Atmosphere Phenomena"
        ]
    },
    "PLAIN-3312": {
        "original": "Sexually Transmitted Fish Toxin",
        "expanded": [
            "Marine Toxins transmitted through fish consumption",
            "Venomous fish and sexual health risks",
            "Fish-borne pathogens and human sexual transmission"
        ]
    },
    "PLAIN-3322": {
        "original": "Veggies vs. Cancer",
        "expanded": [
            "Do vegetables help prevent cancer?",
            "What is the relationship between plant-based diet and cancer risk reduction?",
            "Can a diet rich in fruits and vegetables lower cancer incidence?"
        ]
    },
    "PLAIN-3332": {
        "original": "Alcohol Risks vs. Benefits",
        "expanded": [
            "Effects of Moderate Drinking on Health vs. Addiction Concerns",
            "The Pros and Cons of Consuming Alcoholic Beverages for Heart Health",
            "Weighing the Negative Consequences of Excessive Alcohol Use against Potential Benefits"
        ]
    },
    "PLAIN-3342": {
        "original": "Is Coconut Milk Good For You?",
        "expanded": [
            "What are the health benefits of coconut milk?",
            "Is coconut milk a healthy dairy alternative?",
            "What are the nutritional advantages of consuming coconut milk?"
        ]
    },
    "PLAIN-3352": {
        "original": "Boosting Heart Nerve Control",
        "expanded": [
            "Enhancing Cardiovascular Neural Regulation",
            "Strengthening Vagus Nerve Function for Heart Health",
            "Improving Autonomic Nervous System Control of Heart Rate"
        ]
    },
    "PLAIN-3362": {
        "original": "Kuna Indian Secret",
        "expanded": [
            "Kuna people confidential traditions",
            "Secrets of Panama's Kuna Indians",
            "Hidden Kuna culture and traditions"
        ]
    },
    "PLAIN-3372": {
        "original": "The Healthiest Sweetener",
        "expanded": [
            "Natural Alternatives to Refined Sugars",
            "Low-Calorie Sweeteners for a Healthy Diet",
            "Best Sugar Substitutes for Weight Management"
        ]
    },
    "PLAIN-3382": {
        "original": "Are Artificial Colors Bad for You?",
        "expanded": [
            "Do Food Dyes Have Negative Health Effects?",
            "What Are the Risks Associated with Consuming Artificial Food Colorings?",
            "Can Synthetic Colors in Food Products Cause Harm to Human Health?"
        ]
    },
    "PLAIN-3392": {
        "original": "Healthiest Airplane Beverage",
        "expanded": [
            "What drinks on planes are good for you?",
            "Air travel beverages with nutritional benefits",
            "Low-calorie drinks available on commercial flights"
        ]
    },
    "PLAIN-3402": {
        "original": "Antioxidant Content of 300 Foods",
        "expanded": [
            "Nutrient Levels of Various Foods with High Antioxidant Properties",
            "Top 300 Foods Rich in Antioxidants and Their Comparative Analysis",
            "Antioxidant Capacity of Fresh and Processed Foods: A Comprehensive List of 300 Items"
        ]
    },
    "PLAIN-3412": {
        "original": "Plant vs. Cow Calcium",
        "expanded": [
            "Calcium sources: plant-based compared to cow-derived",
            "What are the differences in calcium absorption between plant and cow calcium?",
            "Comparative analysis of calcium content in plant products and cow milk"
        ]
    },
    "PLAIN-3422": {
        "original": "Vitamin Supplements Worth Taking",
        "expanded": [
            "Best Vitamins to Take for Optimal Health",
            "Essential Nutrient Supplements for Well-being",
            "Top-Rated Dietary Supplements for Overall Wellness"
        ]
    },
    "PLAIN-3432": {
        "original": "Healthy Chocolate Milkshakes",
        "expanded": [
            "Nutritious Beverages with Cocoa",
            "Recipes for Low-Fat Chocolate Drinks",
            "Wholesome Treats with Milk and Chocolate"
        ]
    },
    "PLAIN-3442": {
        "original": "The Healthiest Vegetables",
        "expanded": [
            "What are the most nutritious vegetables to eat?",
            "Top vegetables for a healthy diet and wellness",
            "Which vegetables are rich in antioxidants and vitamins?"
        ]
    },
    "PLAIN-3452": {
        "original": "Bowel Movement Frequency",
        "expanded": [
            "Frequency of Stool Passage",
            "Normal Range of Bowel Movements",
            "How Often Should I Have a Bowel Movement"
        ]
    },
    "PLAIN-3462": {
        "original": "Olive Oil and Artery Function",
        "expanded": [
            "Olive Oil's Impact on Cardiovascular Health",
            "Effects of Olive Oil Consumption on Arterial Stiffness",
            "Mediterranean Diet and Artery Function: The Role of Olive Oil"
        ]
    },
    "PLAIN-3472": {
        "original": "How Doctors Responded to Being Named a Leading Killer",
        "expanded": [
            "What was the reaction of medical professionals when they were identified as a major cause of death?",
            "How did physicians respond to being labeled as a top preventable cause of mortality?",
            "What has been the medical community's response to reports stating that they are a leading cause of preventable deaths?"
        ]
    }
}