{
    "PLAIN-2": {
        "original": "Do Cholesterol Statin Drugs Cause Breast Cancer?",
        "expanded": [
            "Are statin medications linked to increased breast cancer risk in women?",
            "Can statin drugs influence breast cancer cell growth and progression?",
            "What is the epidemiological evidence for a causal link between statin use and breast cancer incidence?"
        ]
    },
    "PLAIN-23": {
        "original": "How to Reduce Exposure to Alkylphenols Through Your Diet",
        "expanded": [
            "What are the common sources of alkylphenols in food?",
            "How do alkylphenols affect human health?",
            "What are some effective alternatives to alkylphenol-containing products?"
        ]
    },
    "PLAIN-68": {
        "original": "What is Actually in Chicken Nuggets?",
        "expanded": [
            "What are the main ingredients in chicken nuggets?",
            "Are chicken nuggets made from mechanically recovered chicken?",
            "Do chicken nuggets contain added preservatives or artificial flavorings?"
        ]
    },
    "PLAIN-56": {
        "original": "Foods for Glaucoma",
        "expanded": [
            "Which fruits are beneficial for glaucoma?",
            "How does omega-3 fatty acid intake relate to glaucoma?",
            "Can a low-sodium diet help manage glaucoma?"
        ]
    },
    "PLAIN-12": {
        "original": "Exploiting Autophagy to Live Longer",
        "expanded": [
            "Role of Autophagy in Cellular Longevity",
            "Therapeutic Strategies to Induce Autophagy for Longevity",
            "The Relationship Between Autophagy and Aging-Associated Diseases"
        ]
    },
    "PLAIN-44": {
        "original": "Who Should be Careful About Curcumin?",
        "expanded": [
            "What health conditions make curcumin contraindicated?",
            "Are pregnant or breastfeeding women advised to avoid curcumin?",
            "Can individuals taking certain medications safely consume curcumin?"
        ]
    },
    "PLAIN-78": {
        "original": "What Do Meat Purge and Cola Have in Common?",
        "expanded": [
            "What do meat purge and cola share in terms of their composition?",
            "Are there any cultural or historical connections between meat purge and cola?",
            "How do the production processes of meat purge and cola impact their similarity?"
        ]
    },
    "PLAIN-102": {
        "original": "Stopping Heart Disease in Childhood",
        "expanded": [
            "Early Detection of Heart Disease in Children",
            "The Role of Nutrition in Preventing Heart Disease in Children",
            "Lifestyle Changes to Reduce the Risk of Heart Disease in Children"
        ]
    },
    "PLAIN-33": {
        "original": "What\u2019s Driving America\u2019s Obesity Problem?",
        "expanded": [
            "What role do socioeconomic factors play in America's obesity epidemic?",
            "How does the food industry influence America's obesity problem?",
            "What is the relationship between sedentary lifestyles and America's obesity problem?"
        ]
    },
    "PLAIN-143": {
        "original": "Are Dental X-Rays Safe?",
        "expanded": [
            "What are the risks associated with dental X-rays?",
            "Are there alternatives to traditional dental X-rays?",
            "How can patients minimize their exposure to dental X-rays?"
        ]
    },
    "PLAIN-153": {
        "original": "How Should I Take Probiotics?",
        "expanded": [
            "What is the best way to incorporate probiotics into my daily routine?",
            "Are there any specific considerations I should keep in mind when taking probiotics?",
            "How do I choose the right probiotic supplement for my needs?"
        ]
    },
    "PLAIN-91": {
        "original": "Chronic Headaches and Pork Parasites",
        "expanded": [
            "Can pork parasites cause chronic headaches?",
            "How do pork-borne parasites contribute to chronic headaches?",
            "What is the scientific evidence linking pork parasites to chronic headaches?"
        ]
    },
    "PLAIN-123": {
        "original": "How Citrus Might Help Keep Your Hands Warm",
        "expanded": [
            "Can citrus fruits provide natural hand warming remedies?",
            "How does citrus intake impact blood circulation and hand temperature?",
            "Can essential oils from citrus fruits be used to create hand warming products?"
        ]
    },
    "PLAIN-112": {
        "original": "Food Dyes and ADHD",
        "expanded": [
            "Do artificial food dyes trigger ADHD symptoms?",
            "Can a diet free of artificial food dyes improve ADHD symptoms?",
            "What are the risks of artificial food dyes for children with ADHD?"
        ]
    },
    "PLAIN-175": {
        "original": "Diet and Cellulite",
        "expanded": [
            "How does a low-carb diet affect cellulite?",
            "Can a balanced diet rich in antioxidants help reduce cellulite?",
            "Do certain nutrients in food play a role in preventing cellulite?"
        ]
    },
    "PLAIN-186": {
        "original": "Best Treatment for Constipation",
        "expanded": [
            "Home Remedies for Constipation",
            "Prescription Medications for Severe Constipation",
            "Natural Supplements for Constipation Relief"
        ]
    },
    "PLAIN-133": {
        "original": "Starving Tumors of Their Blood Supply",
        "expanded": [
            "How do cancer cells form new blood vessels?",
            "What are the challenges in targeting tumor angiogenesis?",
            "What are the current therapeutic approaches to inhibit tumor angiogenesis?"
        ]
    },
    "PLAIN-217": {
        "original": "Plant-Based Diets for Psoriasis",
        "expanded": [
            "Effectiveness of Plant-Based Diets in Reducing Psoriasis Symptoms",
            "Plant-Based Foods That Can Help Manage Psoriasis",
            "Potential Mechanisms of Plant-Based Diets in Psoriasis Prevention"
        ]
    },
    "PLAIN-196": {
        "original": "Should We Avoid Titanium Dioxide?",
        "expanded": [
            "Is titanium dioxide harmful to human health?",
            "What are the environmental impacts of titanium dioxide production and use?",
            "Are there safer alternatives to titanium dioxide in consumer products?"
        ]
    },
    "PLAIN-165": {
        "original": "Breast Cancer & Alcohol: How Much is Safe?",
        "expanded": [
            "What is the recommended daily alcohol intake for women with a history of breast cancer?",
            "How does alcohol consumption affect breast cancer risk in women?",
            "Are there any safe alternatives to alcohol for women with breast cancer or at high risk of developing breast cancer?"
        ]
    },
    "PLAIN-207": {
        "original": "Avoiding Cooked Meat Carcinogens",
        "expanded": [
            "Risks of barbecue and grilling",
            "Cooking methods for reducing carcinogen formation",
            "Food safety guidelines for handling and storing meat"
        ]
    },
    "PLAIN-248": {
        "original": "Treating an Enlarged Prostate With Diet",
        "expanded": [
            "Can a specific diet plan help alleviate symptoms of an enlarged prostate?",
            "What foods should be avoided to reduce the risk of enlarged prostate?",
            "How does a plant-based diet help in managing an enlarged prostate?"
        ]
    },
    "PLAIN-227": {
        "original": "Increasing Muscle Strength with Fenugreek",
        "expanded": [
            "Benefits of Fenugreek for Muscle Growth",
            "How Fenugreek Supplements Affect Muscle Strength",
            "Combining Fenugreek with Other Nutrients for Optimal Muscle Strength"
        ]
    },
    "PLAIN-259": {
        "original": "Optimal Phytosterol Dose and Source",
        "expanded": [
            "What is the recommended daily intake of phytosterols for cholesterol reduction?",
            "How do different sources of phytosterols, such as plant-based foods and supplements, compare in terms of efficacy?",
            "What are the potential health benefits of phytosterols beyond cholesterol reduction, and how can they be maximized through optimal dosing and sourcing?"
        ]
    },
    "PLAIN-280": {
        "original": "Mercury Testing Recommended Before Pregnancy",
        "expanded": [
            "Mercury exposure risks for women of childbearing age",
            "Blood mercury levels and reproductive health",
            "Mercury testing as part of preconception care"
        ]
    },
    "PLAIN-270": {
        "original": "Is Caffeinated Tea Really Dehydrating?",
        "expanded": [
            "Does caffeine in tea lead to dehydration?",
            "What are the hydration effects of caffeinated tea compared to water?",
            "How does individual tolerance affect the dehydrating effects of caffeinated tea?"
        ]
    },
    "PLAIN-238": {
        "original": "How Chemically Contaminated Are We?",
        "expanded": [
            "What are the common sources of chemical contamination?",
            "How do chemicals accumulate in the human body?",
            "What are the health implications of chemical contamination?"
        ]
    },
    "PLAIN-332": {
        "original": "Can antioxidant-rich spices counteract the effects of a high-fat meal?",
        "expanded": [
            "Do antioxidant-rich spices reduce oxidative stress caused by high-fat meals?",
            "Can antioxidant-rich spices improve the body's insulin response to high-fat meals?",
            "Do antioxidant-rich spices affect lipid metabolism and weight management after a high-fat meal?"
        ]
    },
    "PLAIN-291": {
        "original": "Stool Size and Breast Cancer Risk",
        "expanded": [
            "Is there a correlation between stool size and breast cancer risk in postmenopausal women?",
            "Can changes in stool size be an early indicator of breast cancer risk?",
            "How does dietary fiber intake influence stool size and breast cancer risk?"
        ]
    },
    "PLAIN-307": {
        "original": "Vitamin D: Shedding some light on the new recommendations",
        "expanded": [
            "What are the latest guidelines for vitamin D intake?",
            "How do the new vitamin D recommendations impact public health policy?",
            "What are the potential risks and benefits of the new vitamin D recommendations?"
        ]
    },
    "PLAIN-358": {
        "original": "Didn't another study show carnitine was good for the heart?",
        "expanded": [
            "Is carnitine supplementation beneficial for heart health?",
            "What are the potential cardiovascular benefits of carnitine supplementation?",
            "How do the results of different studies on carnitine supplementation impact our understanding of its effects on heart health?"
        ]
    },
    "PLAIN-320": {
        "original": "Breast Cancer and Diet",
        "expanded": [
            "Does a plant-based diet reduce the risk of breast cancer?",
            "Can a high-fat diet increase the risk of breast cancer recurrence?",
            "What role do antioxidants play in breast cancer prevention through diet?"
        ]
    },
    "PLAIN-395": {
        "original": "What about pepper plus turmeric in V8 juice?",
        "expanded": [
            "Can I add pepper and turmeric to V8 juice for a health boost?",
            "How does the flavor of V8 juice change when you add pepper and turmeric?",
            "Are there any potential interactions or side effects of consuming pepper and turmeric with V8 juice?"
        ]
    },
    "PLAIN-344": {
        "original": "Dioxins Stored in Our Own Fat May Increase Diabetes Risk",
        "expanded": [
            "How do dioxins accumulate in human fat?",
            "What is the link between dioxin exposure and insulin resistance?",
            "Can reducing dioxin exposure lower diabetes risk?"
        ]
    },
    "PLAIN-418": {
        "original": "Fresh fruit versus frozen--which is better?",
        "expanded": [
            "Which one has more nutrients?",
            "What about convenience and shelf life?",
            "How do they compare in terms of cost and environmental impact?"
        ]
    },
    "PLAIN-383": {
        "original": "What do you think of Dr. Jenkins' take on paleolithic diets?",
        "expanded": [
            "What are the key principles of Dr. Jenkins' paleolithic diet?",
            "How does Dr. Jenkins' paleolithic diet differ from other low-carb diets?",
            "What are the scientific criticisms of Dr. Jenkins' paleolithic diet?"
        ]
    },
    "PLAIN-371": {
        "original": "Any update on the scary in vitro avocado data?",
        "expanded": [
            "Have there been any recent studies on the health risks of consuming avocados grown in vitro?",
            "What do scientists know about the potential toxic compounds in lab-grown avocados?",
            "Are in vitro avocado cultivars safe for human consumption, and what do regulatory agencies say about their use?"
        ]
    },
    "PLAIN-457": {
        "original": "How can you believe in any scientific study?",
        "expanded": [
            "What are the methods to critically evaluate scientific studies?",
            "How do scientific studies address the issue of reproducibility?",
            "What role do expert consensus and peer review play in scientific credibility?"
        ]
    },
    "PLAIN-430": {
        "original": "Are krill oil supplements better than fish oil capsules?",
        "expanded": [
            "What are the key differences between krill oil and fish oil supplements?",
            "Are krill oil supplements more effective for heart health than fish oil capsules?",
            "Do krill oil supplements have better anti-inflammatory effects than fish oil capsules?"
        ]
    },
    "PLAIN-407": {
        "original": "Is annatto food coloring safe?",
        "expanded": [
            "What are the potential health risks associated with annatto food coloring?",
            "How does the natural origin of annatto food coloring impact its safety?",
            "Are there any regulatory guidelines or certifications that ensure the safety of annatto food coloring?"
        ]
    },
    "PLAIN-488": {
        "original": "adenovirus 36",
        "expanded": [
            "adenovirus 36 obesity",
            "adenovirus 36 architecture",
            "adenovirus 36 infection symptoms"
        ]
    },
    "PLAIN-478": {
        "original": "accidents",
        "expanded": [
            "road accidents",
            "workplace accidents",
            "aviation accidents"
        ]
    },
    "PLAIN-468": {
        "original": "Is vitamin D3 (cholecalciferol) preferable to D2 (ergocalciferol)?",
        "expanded": [
            "What are the differences in absorption and bioavailability between vitamin D3 and D2?",
            "How do vitamin D3 and D2 compare in terms of clinical efficacy and safety?",
            "What are the natural sources and production methods behind vitamin D3 and D2?"
        ]
    },
    "PLAIN-499": {
        "original": "African-American",
        "expanded": [
            "History of African-American Culture",
            "African-American Identity and Representation",
            "African-American Experience and Social Justice"
        ]
    },
    "PLAIN-520": {
        "original": "Alli",
        "expanded": [
            "What is Alli?",
            "How does Alli work?",
            "Is Alli safe?"
        ]
    },
    "PLAIN-441": {
        "original": "Is apple cider vinegar good for you?",
        "expanded": [
            "What are the health benefits of apple cider vinegar?",
            "Are there any risks or side effects associated with consuming apple cider vinegar?",
            "How can I incorporate apple cider vinegar into my daily routine for maximum benefits?"
        ]
    },
    "PLAIN-541": {
        "original": "American Dental Association",
        "expanded": [
            "American Dental Association History",
            "American Dental Association Certification",
            "American Dental Association and Oral Health"
        ]
    },
    "PLAIN-571": {
        "original": "anisakis",
        "expanded": [
            "What is anisakis?",
            "How does anisakis affect humans?",
            "How can anisakis be prevented?"
        ]
    },
    "PLAIN-510": {
        "original": "airport scanners",
        "expanded": [
            "How do airport scanners detect threats?",
            "What kind of radiation do airport scanners emit?",
            "Can airport scanners detect metal and non-metal objects?"
        ]
    },
    "PLAIN-531": {
        "original": "alternative medicine",
        "expanded": [
            "complementary therapies",
            "natural healing methods",
            "integrative healthcare"
        ]
    },
    "PLAIN-593": {
        "original": "apnea",
        "expanded": [
            "symptoms of apnea",
            "causes of apnea",
            "treatment options for apnea"
        ]
    },
    "PLAIN-561": {
        "original": "aneurysm",
        "expanded": [
            "brain aneurysm symptoms",
            "types of aneurysms",
            "aneurysm treatment options"
        ]
    },
    "PLAIN-551": {
        "original": "amnesia",
        "expanded": [
            "causes of amnesia",
            "types of amnesia",
            "treatment for amnesia"
        ]
    },
    "PLAIN-583": {
        "original": "antinutrients",
        "expanded": [
            "What are antinutrients and their effects on human health?",
            "How do cooking and processing affect antinutrient levels in foods?",
            "What are some antinutrient-rich foods and their potential health implications?"
        ]
    },
    "PLAIN-603": {
        "original": "Arkansas",
        "expanded": [
            "History of Arkansas",
            "Geography of Arkansas",
            "Economy of Arkansas"
        ]
    },
    "PLAIN-660": {
        "original": "beans",
        "expanded": [
            "types of beans",
            "health benefits of beans",
            "cooking with beans"
        ]
    },
    "PLAIN-634": {
        "original": "avocados",
        "expanded": [
            "nutrition benefits",
            "recipe ideas",
            "growing and cultivation"
        ]
    },
    "PLAIN-671": {
        "original": "benzene",
        "expanded": [
            "properties of benzene",
            "benzene ring structure",
            "health risks of benzene exposure"
        ]
    },
    "PLAIN-623": {
        "original": "Atkins diet",
        "expanded": [
            "Low-carb weight loss plans",
            "Ketogenic diet vs. Atkins",
            "Atkins diet pros and cons"
        ]
    },
    "PLAIN-613": {
        "original": "ascorbic acid",
        "expanded": [
            "What are the benefits of ascorbic acid?",
            "How is ascorbic acid used in food preservation?",
            "What are the potential interactions of ascorbic acid with medications?"
        ]
    },
    "PLAIN-645": {
        "original": "bagels",
        "expanded": [
            "types of bagels",
            "bagel recipe",
            "bagel history"
        ]
    },
    "PLAIN-691": {
        "original": "bioavailability",
        "expanded": [
            "How do pharmaceutical companies improve bioavailability of drugs?",
            "What factors affect the bioavailability of nutrients in food?",
            "Can bioavailability be enhanced through nanotechnology?"
        ]
    },
    "PLAIN-681": {
        "original": "betel nuts",
        "expanded": [
            "health effects of betel nuts",
            "cultural significance of betel nuts",
            "economic impact of betel nut industry"
        ]
    },
    "PLAIN-731": {
        "original": "bone fractures",
        "expanded": [
            "causes of bone fractures",
            "treatment of bone fractures",
            "bone fracture prevention"
        ]
    },
    "PLAIN-741": {
        "original": "BPH",
        "expanded": [
            "Benign Prostatic Hyperplasia Symptoms",
            "BPH Diagnosis and Treatment Options",
            "BPH Causes and Risk Factors"
        ]
    },
    "PLAIN-701": {
        "original": "black raspberries",
        "expanded": [
            "characteristics of black raspberries",
            "growing black raspberries",
            "black raspberry recipes"
        ]
    },
    "PLAIN-721": {
        "original": "BMAA",
        "expanded": [
            "What is BMAA?",
            "Where is BMAA found?",
            "How does BMAA affect humans?"
        ]
    },
    "PLAIN-711": {
        "original": "blood clots",
        "expanded": [
            "causes of blood clots",
            "symptoms of blood clots",
            "treatment of blood clots"
        ]
    },
    "PLAIN-792": {
        "original": "cadaverine",
        "expanded": [
            "What is the role of cadaverine in human gut microbiome?",
            "How is cadaverine involved in the spoilage of food?",
            "What are the potential therapeutic applications of cadaverine?"
        ]
    },
    "PLAIN-771": {
        "original": "bronchiolitis obliterans",
        "expanded": [
            "symptoms of bronchiolitis obliterans",
            "causes of bronchiolitis obliterans",
            "treatment options for bronchiolitis obliterans"
        ]
    },
    "PLAIN-751": {
        "original": "BRCA genes",
        "expanded": [
            "What are BRCA genes and their functions?",
            "How do BRCA mutations increase cancer risk?",
            "What are the implications of BRCA genetic testing?"
        ]
    },
    "PLAIN-761": {
        "original": "breast pain",
        "expanded": [
            "\"hormonal breast tenderness\"",
            "\"breastfeeding nipple soreness\"",
            "\"breast cancer symptoms\""
        ]
    },
    "PLAIN-806": {
        "original": "caloric restriction",
        "expanded": [
            "effects of caloric restriction on aging",
            "caloric restriction and weight loss",
            "mechanisms of caloric restriction"
        ]
    },
    "PLAIN-827": {
        "original": "carcinogens",
        "expanded": [
            "What are common examples of carcinogens?",
            "How do carcinogens cause cancer?",
            "How can carcinogens be detected and monitored?"
        ]
    },
    "PLAIN-817": {
        "original": "canker sores",
        "expanded": [
            "causes of canker sores",
            "treatment for canker sores",
            "canker sores vs. cold sores"
        ]
    },
    "PLAIN-782": {
        "original": "Bush administration",
        "expanded": [
            "Bush presidency policies",
            "George W. Bush biography",
            "Environmental policies under Bush"
        ]
    },
    "PLAIN-838": {
        "original": "carrageenan",
        "expanded": [
            "What is carrageenan used for?",
            "Is carrageenan safe to consume?",
            "How is carrageenan produced and sourced?"
        ]
    },
    "PLAIN-872": {
        "original": "chanterelle mushrooms",
        "expanded": [
            "Identification of chanterelle mushrooms",
            "Culinary uses of chanterelle mushrooms",
            "Health benefits of chanterelle mushrooms"
        ]
    },
    "PLAIN-902": {
        "original": "chlorophyll",
        "expanded": [
            "What is the role of chlorophyll in plants?",
            "How does chlorophyll relate to the color of plants?",
            "What are the applications of chlorophyll beyond photosynthesis?"
        ]
    },
    "PLAIN-850": {
        "original": "cauliflower",
        "expanded": [
            "cauliflower recipes",
            "cauliflower nutrition",
            "cauliflower growing"
        ]
    },
    "PLAIN-892": {
        "original": "chickpeas",
        "expanded": [
            "health benefits of chickpeas",
            "chickpea recipes",
            "types of chickpeas"
        ]
    },
    "PLAIN-882": {
        "original": "Chernobyl",
        "expanded": [
            "Chernobyl Disaster",
            "Chernobyl Nuclear Power Plant",
            "Chernobyl HBO Miniseries"
        ]
    },
    "PLAIN-913": {
        "original": "cinnamon",
        "expanded": [
            "what is cinnamon used for",
            "health benefits of cinnamon",
            "types of cinnamon"
        ]
    },
    "PLAIN-934": {
        "original": "coffee",
        "expanded": [
            "coffee beans",
            "coffee culture",
            "coffee brewing methods"
        ]
    },
    "PLAIN-946": {
        "original": "coma",
        "expanded": [
            "What is the medical definition of coma?",
            "Can people recover from a coma?",
            "How do coma patients receive care and support?"
        ]
    },
    "PLAIN-966": {
        "original": "cortisol",
        "expanded": [
            "cortisol levels",
            "cortisol and sleep",
            "cortisol and exercise"
        ]
    },
    "PLAIN-997": {
        "original": "Czechoslovakia",
        "expanded": [
            "History of Czechoslovakia",
            "Cultural heritage of Czechoslovakia",
            "Economy of Czechoslovakia"
        ]
    },
    "PLAIN-977": {
        "original": "crib death",
        "expanded": [
            "SIDS prevention",
            "Crib safety regulations",
            "SIDS research and diagnosis"
        ]
    },
    "PLAIN-924": {
        "original": "cocaine",
        "expanded": [
            "effects of cocaine",
            "cocaine addiction treatment",
            "history of cocaine"
        ]
    },
    "PLAIN-1018": {
        "original": "DHA",
        "expanded": [
            "What is DHA in nutrition?",
            "DHA in pregnancy and infant development",
            "DHA benefits for heart health"
        ]
    },
    "PLAIN-1008": {
        "original": "deafness",
        "expanded": [
            "Causes of deafness",
            "Deaf culture and community",
            "Technology and assistive devices"
        ]
    },
    "PLAIN-956": {
        "original": "cooking methods",
        "expanded": [
            "different cooking techniques",
            "cooking for specific diets",
            "cultural influences on cooking methods"
        ]
    },
    "PLAIN-1028": {
        "original": "dietary scoring",
        "expanded": [
            "What is the purpose of dietary scoring?",
            "How do dietary scoring systems work?",
            "What are the benefits of using dietary scoring in nutrition research?"
        ]
    },
    "PLAIN-1039": {
        "original": "domoic acid",
        "expanded": [
            "What are the effects of domoic acid on marine life?",
            "How is domoic acid detected and monitored in seafood?",
            "What are the ecological implications of domoic acid production by phytoplankton?"
        ]
    },
    "PLAIN-1066": {
        "original": "Dr. Walter Willett",
        "expanded": [
            "Who is Dr. Walter Willett?",
            "What are Dr. Walter Willett's major contributions?",
            "What are Dr. Walter Willett's views on nutrition and health?"
        ]
    },
    "PLAIN-1088": {
        "original": "ECMO",
        "expanded": [
            "What is ECMO used for?",
            "How does ECMO work?",
            "What are the risks and benefits of ECMO?"
        ]
    },
    "PLAIN-987": {
        "original": "cumin",
        "expanded": [
            "What are the health benefits of cumin?",
            "How do I incorporate cumin into my recipes?",
            "What are some cultural and historical uses of cumin?"
        ]
    },
    "PLAIN-1050": {
        "original": "Dr. Dean Ornish",
        "expanded": [
            "What is Dr. Dean Ornish's approach to healthcare?",
            "What are Dr. Dean Ornish's contributions to the field of cardiology?",
            "What are Dr. Dean Ornish's views on nutrition and health?"
        ]
    },
    "PLAIN-1109": {
        "original": "endocrine disruptors",
        "expanded": [
            "effects of endocrine disruptors",
            "sources of endocrine disruptors",
            "regulation of endocrine disruptors"
        ]
    },
    "PLAIN-1119": {
        "original": "energy drinks",
        "expanded": [
            "what are energy drinks",
            "energy drink side effects",
            "energy drink benefits"
        ]
    },
    "PLAIN-1098": {
        "original": "eggnog",
        "expanded": [
            "What is the history of eggnog?",
            "How do you make eggnog from scratch?",
            "What are some popular eggnog flavor variations?"
        ]
    },
    "PLAIN-1151": {
        "original": "factory farming practices",
        "expanded": [
            "environmental impact of factory farming",
            "animal welfare in factory farming",
            "economic implications of factory farming"
        ]
    },
    "PLAIN-1130": {
        "original": "ergothioneine",
        "expanded": [
            "What is the role of ergothioneine in antioxidant defenses?",
            "What are the potential health benefits of consuming ergothioneine-rich foods?",
            "How does ergothioneine interact with the human body's natural detoxification processes?"
        ]
    },
    "PLAIN-1141": {
        "original": "Evidence-based medicine",
        "expanded": [
            "What is the history of evidence-based medicine?",
            "What are the key principles of evidence-based medicine?",
            "How does evidence-based medicine impact patient care?"
        ]
    },
    "PLAIN-1172": {
        "original": "fenugreek",
        "expanded": [
            "health benefits of fenugreek",
            "fenugreek in cooking",
            "growing fenugreek at home"
        ]
    },
    "PLAIN-1214": {
        "original": "Fosamax",
        "expanded": [
            "What is Fosamax used for?",
            "What are the side effects of Fosamax?",
            "How does Fosamax work?"
        ]
    },
    "PLAIN-1183": {
        "original": "Finland",
        "expanded": [
            "Geography of Finland",
            "Finnish Culture and History",
            "Economy and Innovation in Finland"
        ]
    },
    "PLAIN-1161": {
        "original": "fava beans",
        "expanded": [
            "what are the health benefits of fava beans",
            "how do I cook fava beans",
            "what are some recipe ideas using fava beans"
        ]
    },
    "PLAIN-1203": {
        "original": "folic acid",
        "expanded": [
            "benefits of folic acid",
            "food sources of folic acid",
            "folic acid deficiency"
        ]
    },
    "PLAIN-1193": {
        "original": "flax oil",
        "expanded": [
            "benefits of flax oil",
            "cooking with flax oil",
            "flax oil vs fish oil"
        ]
    },
    "PLAIN-1236": {
        "original": "galactosemia",
        "expanded": [
            "What is galactosemia?",
            "Causes and risk factors of galactosemia",
            "Dietary management of galactosemia"
        ]
    },
    "PLAIN-1275": {
        "original": "goji berries",
        "expanded": [
            "What are the health benefits of goji berries?",
            "How to incorporate goji berries into your daily diet?",
            "Are goji berries a good source of antioxidants?"
        ]
    },
    "PLAIN-1262": {
        "original": "Global Burden of Disease Study",
        "expanded": [
            "Disease burden measurement methods",
            "Global health trends and disparities",
            "Epidemiological applications of the study"
        ]
    },
    "PLAIN-1249": {
        "original": "genetic manipulation",
        "expanded": [
            "genetic engineering",
            "genome editing",
            "gene therapy"
        ]
    },
    "PLAIN-1225": {
        "original": "fructose",
        "expanded": [
            "health effects of fructose",
            "fructose in food products",
            "fructose vs glucose"
        ]
    },
    "PLAIN-1299": {
        "original": "growth promoters",
        "expanded": [
            "Natural growth promoters in agriculture",
            "Hormone-based growth promoters in animal husbandry",
            "Human growth promoters in medicine"
        ]
    },
    "PLAIN-1320": {
        "original": "Harvard Physicians\u2019 Study II",
        "expanded": [
            "What is the objective of the Harvard Physicians' Health Study II?",
            "What were the key findings of the Harvard Physicians' Health Study II?",
            "Who participated in the Harvard Physicians' Health Study II?"
        ]
    },
    "PLAIN-1331": {
        "original": "hearing",
        "expanded": [
            "What is the process of hearing?",
            "How does hearing loss affect daily life?",
            "What are the different types of hearing disorders?"
        ]
    },
    "PLAIN-1288": {
        "original": "grapes",
        "expanded": [
            "health benefits",
            "wine production",
            "fruit consumption"
        ]
    },
    "PLAIN-1342": {
        "original": "heme iron",
        "expanded": [
            "Functions of heme iron",
            "Dietary sources of heme iron",
            "Heme iron deficiency"
        ]
    },
    "PLAIN-1374": {
        "original": "hormonal dysfunction",
        "expanded": [
            "hormone imbalance symptoms",
            "hormonal imbalance causes",
            "hormonal imbalance treatment options"
        ]
    },
    "PLAIN-1309": {
        "original": "halibut",
        "expanded": [
            "types of halibut",
            "cooking halibut",
            "health benefits of halibut"
        ]
    },
    "PLAIN-1387": {
        "original": "hyperactivity",
        "expanded": [
            "childhood hyperactivity",
            "adult hyperactivity symptoms",
            "hyperactivity disorders"
        ]
    },
    "PLAIN-1398": {
        "original": "IGF-1",
        "expanded": [
            "IGF-1 function",
            "IGF-1 production",
            "IGF-1 levels and disease risk"
        ]
    },
    "PLAIN-1353": {
        "original": "hernia",
        "expanded": [
            "symptoms of hernia",
            "types of hernia",
            "hernia surgery recovery"
        ]
    },
    "PLAIN-1363": {
        "original": "Hiroshima",
        "expanded": [
            "Atomic Bombing of Hiroshima",
            "Hiroshima Peace Memorial Park",
            "Hiroshima Prefecture"
        ]
    },
    "PLAIN-1441": {
        "original": "Japan",
        "expanded": [
            "Japanese Culture",
            "Travel to Japan",
            "Japan's Economy"
        ]
    },
    "PLAIN-1409": {
        "original": "industrial toxins",
        "expanded": [
            "environmental impact of industrial toxins",
            "health effects of industrial toxins",
            "regulation of industrial toxins"
        ]
    },
    "PLAIN-1419": {
        "original": "insects",
        "expanded": [
            "types of insects",
            "insect anatomy",
            "insect importance"
        ]
    },
    "PLAIN-1485": {
        "original": "lard",
        "expanded": [
            "cooking with lard",
            "health benefits of lard",
            "history of lard production"
        ]
    },
    "PLAIN-1429": {
        "original": "Iowa Women\u2019s Health Study",
        "expanded": [
            "What is the Iowa Women's Health Study's research focus?",
            "What are the study's findings on dietary habits and health outcomes?",
            "What is the significance of the Iowa Women's Health Study in the context of women's health research?"
        ]
    },
    "PLAIN-1473": {
        "original": "kohlrabi",
        "expanded": [
            "what is kohlrabi?",
            "how to cook kohlrabi",
            "kohlrabi vs cabbage"
        ]
    },
    "PLAIN-1453": {
        "original": "junk food",
        "expanded": [
            "effects of junk food on health",
            "popular types of junk food",
            "alternatives to junk food"
        ]
    },
    "PLAIN-1463": {
        "original": "kidney beans",
        "expanded": [
            "nutrition benefits",
            "cooking methods",
            "cultural significance"
        ]
    },
    "PLAIN-1537": {
        "original": "low-carb diets",
        "expanded": [
            "weight loss on low-carb diets",
            "health benefits of low-carb diets",
            "coping with social pressures on low-carb diets"
        ]
    },
    "PLAIN-1506": {
        "original": "leucine",
        "expanded": [
            "What is the structure of leucine?",
            "What are the food sources of leucine?",
            "What are the benefits of leucine supplementation?"
        ]
    },
    "PLAIN-1527": {
        "original": "liver disease",
        "expanded": [
            "Causes and risk factors",
            "Symptoms and diagnosis",
            "Treatment and management"
        ]
    },
    "PLAIN-1496": {
        "original": "leeks",
        "expanded": [
            "cooking with leeks",
            "leek nutrition",
            "growing leeks"
        ]
    },
    "PLAIN-1516": {
        "original": "Lindane",
        "expanded": [
            "What is Lindane used for?",
            "What are the side effects of Lindane?",
            "What alternatives are available to Lindane?"
        ]
    },
    "PLAIN-1579": {
        "original": "mastitis",
        "expanded": [
            "symptoms of mastitis",
            "causes of mastitis",
            "treatment of mastitis"
        ]
    },
    "PLAIN-1568": {
        "original": "maple syrup",
        "expanded": [
            "what is maple syrup made of?",
            "where does maple syrup come from?",
            "how is maple syrup graded?"
        ]
    },
    "PLAIN-1547": {
        "original": "lyme disease",
        "expanded": [
            "symptoms of lyme disease",
            "lyme disease diagnosis",
            "preventing lyme disease"
        ]
    },
    "PLAIN-1557": {
        "original": "magnesium",
        "expanded": [
            "benefits of magnesium",
            "magnesium deficiency",
            "magnesium in food"
        ]
    },
    "PLAIN-1635": {
        "original": "milk",
        "expanded": [
            "types of milk",
            "milk nutrition",
            "milk recipes"
        ]
    },
    "PLAIN-1590": {
        "original": "medical ethics",
        "expanded": [
            "moral principles in healthcare",
            "confidentiality and patient privacy",
            "euthanasia and end-of-life care"
        ]
    },
    "PLAIN-1611": {
        "original": "mesquite",
        "expanded": [
            "types of mesquite trees",
            "mesquite as a food source",
            "mesquite wood uses"
        ]
    },
    "PLAIN-1601": {
        "original": "memory",
        "expanded": [
            "human memory",
            "computer memory",
            "memory in psychology"
        ]
    },
    "PLAIN-1667": {
        "original": "muscle health",
        "expanded": [
            "maintaining muscle mass",
            "muscle damage and repair",
            "muscle disorders and diseases"
        ]
    },
    "PLAIN-1645": {
        "original": "molasses",
        "expanded": [
            "molasses uses",
            "health benefits of molasses",
            "making molasses at home"
        ]
    },
    "PLAIN-1621": {
        "original": "Mevacor",
        "expanded": [
            "What is Mevacor used for?",
            "What are the side effects of Mevacor?",
            "How does Mevacor compare to other statins?"
        ]
    },
    "PLAIN-1656": {
        "original": "mouth cancer",
        "expanded": [
            "symptoms of mouth cancer",
            "causes of mouth cancer",
            "treatment options for mouth cancer"
        ]
    },
    "PLAIN-1679": {
        "original": "myelopathy",
        "expanded": [
            "spinal cord compression",
            "chronic inflammation",
            "occupational risk factors"
        ]
    },
    "PLAIN-1721": {
        "original": "NIH-AARP study",
        "expanded": [
            "Diet and nutrition in the NIH-AARP study",
            "Cancer risks and mortality in the NIH-AARP study",
            "Methodology and participant demographics in the NIH-AARP study"
        ]
    },
    "PLAIN-1690": {
        "original": "National Academy of Sciences",
        "expanded": [
            "History of the National Academy of Sciences",
            "Role of the National Academy of Sciences in Science Policy",
            "Members and Awards of the National Academy of Sciences"
        ]
    },
    "PLAIN-1700": {
        "original": "Native Americans",
        "expanded": [
            "History of Native Americans",
            "Native American Culture",
            "Native American Rights"
        ]
    },
    "PLAIN-1752": {
        "original": "okra",
        "expanded": [
            "okra recipes",
            "health benefits of okra",
            "okra farming and cultivation"
        ]
    },
    "PLAIN-1710": {
        "original": "neurocysticercosis",
        "expanded": [
            "causes of neurocysticercosis",
            "symptoms of neurocysticercosis",
            "treatment options for neurocysticercosis"
        ]
    },
    "PLAIN-1772": {
        "original": "organotins",
        "expanded": [
            "What are the environmental impacts of organotins?",
            "What are the industrial applications of organotins?",
            "How do organotins affect human health?"
        ]
    },
    "PLAIN-1731": {
        "original": "norovirus",
        "expanded": [
            "What causes norovirus infection?",
            "How do you diagnose norovirus infection?",
            "What are the treatment options for norovirus infection?"
        ]
    },
    "PLAIN-1762": {
        "original": "oral intraepithelial neoplasia",
        "expanded": [
            "What are the risk factors for oral intraepithelial neoplasia?",
            "How does oral intraepithelial neoplasia relate to oral squamous cell carcinoma?",
            "What are the clinical and histopathological features of oral intraepithelial neoplasia?"
        ]
    },
    "PLAIN-1741": {
        "original": "nuts",
        "expanded": [
            "health benefits",
            "types of nuts",
            "nut allergies"
        ]
    },
    "PLAIN-1784": {
        "original": "oxen meat",
        "expanded": [
            "nutritional benefits of oxen meat",
            "cooking methods for oxen meat",
            "sustainable farming practices for oxen"
        ]
    },
    "PLAIN-1827": {
        "original": "Peoria",
        "expanded": [
            "Peoria Illinois",
            "Peoria culture",
            "Peoria history"
        ]
    },
    "PLAIN-1794": {
        "original": "Panama",
        "expanded": [
            "Geography of Panama",
            "History of Panama",
            "Economy of Panama"
        ]
    },
    "PLAIN-1805": {
        "original": "Parkinson's disease",
        "expanded": [
            "Causes and Risk Factors of Parkinson's disease",
            "Symptoms and Diagnosis of Parkinson's disease",
            "Treatment and Management of Parkinson's disease"
        ]
    },
    "PLAIN-1817": {
        "original": "peanut butter",
        "expanded": [
            "natural peanut butter",
            "peanut butter allergy",
            "peanut butter recipes"
        ]
    },
    "PLAIN-1837": {
        "original": "pesticides",
        "expanded": [
            "environmental impact of pesticides",
            "safe use of pesticides",
            "alternative pest management strategies"
        ]
    },
    "PLAIN-1867": {
        "original": "pineapples",
        "expanded": [
            "growing pineapples",
            "pineapple nutrition",
            "pineapple culinary uses"
        ]
    },
    "PLAIN-1847": {
        "original": "philippines",
        "expanded": [
            "philippine culture",
            "philippines tourism",
            "philippines history"
        ]
    },
    "PLAIN-1857": {
        "original": "phytic acid",
        "expanded": [
            "What is phytic acid?",
            "Phytic acid and its effects on nutrient absorption",
            "Phytic acid as an antioxidant and its potential therapeutic applications"
        ]
    },
    "PLAIN-1877": {
        "original": "plant-based diet",
        "expanded": [
            "benefits of a plant-based diet",
            "types of plant-based diets",
            "plant-based diet for beginners"
        ]
    },
    "PLAIN-1919": {
        "original": "poultry workers",
        "expanded": [
            "poultry farm laborers",
            "chicken processing plant employees",
            "poultry industry occupational health"
        ]
    },
    "PLAIN-1929": {
        "original": "prenatal vitamins",
        "expanded": [
            "What are the benefits of taking prenatal vitamins?",
            "When should I start taking prenatal vitamins?",
            "Which ingredients should I look for in prenatal vitamins?"
        ]
    },
    "PLAIN-1940": {
        "original": "prolactin",
        "expanded": [
            "What is the function of prolactin in lactation?",
            "How does hyperprolactinemia affect reproduction?",
            "What are the psychological implications of prolactin dysregulation?"
        ]
    },
    "PLAIN-1950": {
        "original": "prunes",
        "expanded": [
            "prune benefits",
            "prune recipe",
            "prune nutrition"
        ]
    },
    "PLAIN-1887": {
        "original": "poisonous plants",
        "expanded": [
            "common poisonous plants in gardens",
            "identifying poisonous plants in the wild",
            "treating poisoning from plants"
        ]
    },
    "PLAIN-1909": {
        "original": "pork",
        "expanded": [
            "pork recipes",
            "pork nutrition",
            "pork farming"
        ]
    },
    "PLAIN-1897": {
        "original": "polypropylene plastic",
        "expanded": [
            "properties of polypropylene plastic",
            "uses of polypropylene plastic",
            "recycling polypropylene plastic"
        ]
    },
    "PLAIN-2009": {
        "original": "rhabdomyolysis",
        "expanded": [
            "Causes of rhabdomyolysis",
            "Symptoms and diagnosis of rhabdomyolysis",
            "Treatment and management of rhabdomyolysis"
        ]
    },
    "PLAIN-1962": {
        "original": "pumpkin",
        "expanded": [
            "recipes",
            "nutrition",
            "decoration"
        ]
    },
    "PLAIN-2030": {
        "original": "Rutin",
        "expanded": [
            "What is rutin's chemical structure?",
            "What are the health benefits of rutin?",
            "Where can rutin be found in food?"
        ]
    },
    "PLAIN-1995": {
        "original": "red tea",
        "expanded": [
            "what is red tea",
            "benefits of red tea",
            "how to make red tea"
        ]
    },
    "PLAIN-1983": {
        "original": "rapamycin",
        "expanded": [
            "What is rapamycin used for?",
            "How does rapamycin work?",
            "What are the side effects of rapamycin?"
        ]
    },
    "PLAIN-2040": {
        "original": "salmon",
        "expanded": [
            "salmon nutrition",
            "types of salmon",
            "salmon fishing"
        ]
    },
    "PLAIN-1972": {
        "original": "quinine",
        "expanded": [
            "history of quinine",
            "quinine side effects",
            "quinine uses"
        ]
    },
    "PLAIN-2019": {
        "original": "rickets",
        "expanded": [
            "causes of rickets",
            "symptoms of rickets",
            "treatment of rickets"
        ]
    },
    "PLAIN-2071": {
        "original": "serotonin",
        "expanded": [
            "What is the role of serotonin in neurotransmission?",
            "How does serotonin affect mood and behavior?",
            "What are the therapeutic applications of serotonin-targeting medications?"
        ]
    },
    "PLAIN-2051": {
        "original": "saturated fat",
        "expanded": [
            "health effects of saturated fat",
            "food sources of saturated fat",
            "alternatives to saturated fat"
        ]
    },
    "PLAIN-2081": {
        "original": "shelf life",
        "expanded": [
            "food spoilage",
            "product expiration",
            "inventory management"
        ]
    },
    "PLAIN-2113": {
        "original": "soil health",
        "expanded": [
            "Importance of soil health in agriculture",
            "Soil health indicators and testing",
            "Soil health implications for climate change"
        ]
    },
    "PLAIN-2061": {
        "original": "seafood",
        "expanded": [
            "types of seafood",
            "seafood nutrition",
            "seafood recipes"
        ]
    },
    "PLAIN-2102": {
        "original": "smoking",
        "expanded": [
            "effects of smoking",
            "quitting smoking",
            "history of smoking"
        ]
    },
    "PLAIN-2092": {
        "original": "sirtuins",
        "expanded": [
            "What are sirtuins and their functions in cellular metabolism?",
            "How do sirtuins contribute to longevity and age-related diseases?",
            "What is the relationship between sirtuins and cancer development?"
        ]
    },
    "PLAIN-2124": {
        "original": "spearmint",
        "expanded": [
            "herbal tea flavors",
            "garden herbs",
            "natural skincare ingredients"
        ]
    },
    "PLAIN-2134": {
        "original": "Splenda",
        "expanded": [
            "Artificial Sweeteners",
            "Sugar Substitute",
            "Low-Calorie Diet"
        ]
    },
    "PLAIN-2145": {
        "original": "St. John's wort",
        "expanded": [
            "What are the medicinal uses of St. John's Wort?",
            "What are the potential interactions and side effects of St. John's Wort?",
            "How does St. John's Wort grow and what are its cultural significance?"
        ]
    },
    "PLAIN-2167": {
        "original": "subsidies",
        "expanded": [
            "government assistance programs",
            "incentive for businesses",
            "impact on international trade"
        ]
    },
    "PLAIN-2156": {
        "original": "stevia",
        "expanded": [
            "what is stevia?",
            "stevia vs sugar",
            "stevia recipes"
        ]
    },
    "PLAIN-2197": {
        "original": "sweeteners",
        "expanded": [
            "natural sweeteners",
            "artificial sweeteners side effects",
            "sugar substitutes in baking"
        ]
    },
    "PLAIN-2187": {
        "original": "suppositories",
        "expanded": [
            "What are suppositories used for?",
            "How do suppositories work?",
            "What are the benefits of using suppositories?"
        ]
    },
    "PLAIN-2177": {
        "original": "sulfur",
        "expanded": [
            "properties of sulfur",
            "uses of sulfur in medicine",
            "sulfur in environmental issues"
        ]
    },
    "PLAIN-2230": {
        "original": "thiamine",
        "expanded": [
            "What are the benefits of thiamine?",
            "How does thiamine deficiency affect the body?",
            "What are the dietary sources of thiamine?"
        ]
    },
    "PLAIN-2220": {
        "original": "tempeh",
        "expanded": [
            "fermentation process",
            "nutritional benefits",
            "vegan cuisine"
        ]
    },
    "PLAIN-2209": {
        "original": "taro",
        "expanded": [
            "types of taro",
            "health benefits of taro",
            "preparing taro recipes"
        ]
    },
    "PLAIN-2271": {
        "original": "Tufts",
        "expanded": [
            "University Location",
            "Notable Research",
            "Student Life"
        ]
    },
    "PLAIN-2250": {
        "original": "tongue worm",
        "expanded": [
            "parasitic infection",
            "oral health",
            "parasitic diseases"
        ]
    },
    "PLAIN-2240": {
        "original": "titanium dioxide",
        "expanded": [
            "uses of titanium dioxide",
            "dangers of titanium dioxide",
            "production of titanium dioxide"
        ]
    },
    "PLAIN-2291": {
        "original": "ultra-processed foods",
        "expanded": [
            "health risks associated with ultra-processed foods",
            "definition and classification of ultra-processed foods",
            "role of ultra-processed foods in modern diets"
        ]
    },
    "PLAIN-2281": {
        "original": "turnips",
        "expanded": [
            "cooking turnips",
            "turnip nutrition",
            "growing turnips"
        ]
    },
    "PLAIN-2261": {
        "original": "trans fats",
        "expanded": [
            "health effects of trans fats",
            "food sources of trans fats",
            "regulation of trans fats"
        ]
    },
    "PLAIN-2321": {
        "original": "veggie chicken",
        "expanded": [
            "vegetarian chicken alternatives",
            "chicken-free vegetarian recipes",
            "plant-based chicken nuggets"
        ]
    },
    "PLAIN-2343": {
        "original": "vitamin K",
        "expanded": [
            "What is the role of vitamin K in blood clotting?",
            "How does vitamin K affect bone health?",
            "What are the consequences of a vitamin K deficiency?"
        ]
    },
    "PLAIN-2311": {
        "original": "veal",
        "expanded": [
            "culinary uses",
            "animal welfare concerns",
            "nutritional value"
        ]
    },
    "PLAIN-2332": {
        "original": "viral infections",
        "expanded": [
            "causes of viral infections",
            "symptoms of viral infections",
            "treatment of viral infections"
        ]
    },
    "PLAIN-2301": {
        "original": "uterine health",
        "expanded": [
            "uterine cancer prevention",
            "uterine fibroid treatment",
            "uterine prolapse symptoms"
        ]
    },
    "PLAIN-2375": {
        "original": "whiting",
        "expanded": [
            "Types of Whiting Fish",
            "Whiting in Cooking",
            "Whiting in Art and Culture"
        ]
    },
    "PLAIN-2364": {
        "original": "weight gain",
        "expanded": [
            "weight gain causes",
            "weight gain solutions",
            "weight gain in women"
        ]
    },
    "PLAIN-2354": {
        "original": "walnut oil",
        "expanded": [
            "health benefits of walnut oil",
            "cooking with walnut oil",
            "production and harvesting of walnut oil"
        ]
    },
    "PLAIN-2430": {
        "original": "Preventing Brain Loss with B Vitamins?",
        "expanded": [
            "Can B Vitamins slow down cognitive decline?",
            "How do B Vitamins support brain health?",
            "Can B Vitamin supplements prevent age-related brain atrophy?"
        ]
    },
    "PLAIN-2396": {
        "original": "Yale",
        "expanded": [
            "Yale University",
            "Ivy League",
            "Yale College"
        ]
    },
    "PLAIN-2440": {
        "original": "More Than an Apple a Day: Combating Common Diseases",
        "expanded": [
            "Nutrition's Role in Prevention",
            "The Power of Early Detection and Screening",
            "The Importance of Community-Based Initiatives"
        ]
    },
    "PLAIN-2386": {
        "original": "worms",
        "expanded": [
            "Types of worms",
            "Worms in ecosystems",
            "Worms in human society"
        ]
    },
    "PLAIN-2408": {
        "original": "Zoloft",
        "expanded": [
            "What are the benefits of taking Zoloft?",
            "What are the potential side effects of Zoloft?",
            "How does Zoloft work in the brain?"
        ]
    },
    "PLAIN-2460": {
        "original": "Diabetes as a Disease of Fat Toxicity",
        "expanded": [
            "Role of fatty acids in diabetes development",
            "Impact of obesity on pancreatic function in diabetes",
            "Therapeutic approaches targeting fat metabolism in diabetes management"
        ]
    },
    "PLAIN-2470": {
        "original": "Is Milk Good for Our Bones?",
        "expanded": [
            "What are the nutrients in milk that benefit bone health?",
            "How does milk consumption impact bone density in different age groups?",
            "Are there any potential drawbacks to consuming milk for bone health?"
        ]
    },
    "PLAIN-2450": {
        "original": "Are Organic Foods Safer?",
        "expanded": [
            "Are organic foods free from pesticides?",
            "Do organic foods have higher nutritional value?",
            "What are the risks associated with conventional food production?"
        ]
    },
    "PLAIN-2500": {
        "original": "The Saturated Fat Studies: Buttering Up the Public",
        "expanded": [
            "What are the controversies surrounding saturated fat research?",
            "How have the saturated fat studies influenced public health policy?",
            "What are the implications of the saturated fat studies for food industry marketing?"
        ]
    },
    "PLAIN-2510": {
        "original": "Coffee and Artery Function",
        "expanded": [
            "How does coffee consumption affect blood flow?",
            "What is the impact of caffeine on artery health?",
            "Can coffee reduce the risk of cardiovascular disease?"
        ]
    },
    "PLAIN-2480": {
        "original": "Preventing Ulcerative Colitis with Diet",
        "expanded": [
            "Foods to Avoid in Ulcerative Colitis Diet",
            "Nutrients for Ulcerative Colitis Prevention",
            "Gut Bacteria and Ulcerative Colitis Prevention"
        ]
    },
    "PLAIN-2490": {
        "original": "The Actual Benefit of Diet vs. Drugs",
        "expanded": [
            "Comparing Long-term Effects of Diet and Drugs on Health Outcomes",
            "The Role of Lifestyle Changes in Treating Chronic Conditions",
            "The Cost-Effectiveness of Dietary Interventions vs. Drug Therapies"
        ]
    },
    "PLAIN-2550": {
        "original": "Barriers to Heart Disease Prevention",
        "expanded": [
            "Socioeconomic factors contributing to heart disease prevention barriers",
            "Lack of awareness and education as a barrier to heart disease prevention",
            "Healthcare system and policy barriers to heart disease prevention"
        ]
    },
    "PLAIN-2540": {
        "original": "Does Cholesterol Size Matter?",
        "expanded": [
            "What is the impact of LDL cholesterol particle size on cardiovascular disease risk?",
            "How does HDL cholesterol size affect its functionality and cardioprotective properties?",
            "Can cholesterol particle size be influenced by dietary and lifestyle factors, and what are the implications for cardiovascular health?"
        ]
    },
    "PLAIN-2570": {
        "original": "Diabetics Should Take Their Pulses",
        "expanded": [
            "Importance of Pulse Monitoring for Diabetics",
            "How Pulse Rate Affects Diabetes Management",
            "When to Take Pulse Readings as a Diabetic"
        ]
    },
    "PLAIN-2560": {
        "original": "Childhood Constipation and Cow\u2019s Milk",
        "expanded": [
            "Is cow's milk a primary cause of constipation in children?",
            "How does lactose intolerance relate to childhood constipation and cow's milk?",
            "Are there any alternative milk options that can help alleviate childhood constipation?"
        ]
    },
    "PLAIN-2520": {
        "original": "Caloric Restriction vs. Plant-Based Diets",
        "expanded": [
            "Which dietary approach is more effective for weight loss?",
            "How do caloric restriction and plant-based diets impact chronic disease risk?",
            "What are the potential long-term effects of caloric restriction versus plant-based diets on overall health?"
        ]
    },
    "PLAIN-2590": {
        "original": "Do Vegetarians Get Enough Protein?",
        "expanded": [
            "What are the best plant-based sources of protein for vegetarians?",
            "Do vegetarians need to combine protein sources to get all essential amino acids?",
            "How can vegetarians ensure they're getting enough protein on a restrictive diet, such as vegan or gluten-free?"
        ]
    },
    "PLAIN-2600": {
        "original": "Eggs and Arterial Function",
        "expanded": [
            "Effect of Egg Consumption on Cardiovascular Health",
            "Nutrients in Eggs and Their Role in Maintaining Healthy Arteries",
            "Impact of Egg Yolk Cholesterol on Arterial Stiffness"
        ]
    },
    "PLAIN-2530": {
        "original": "Infectobesity: Adenovirus 36 and Childhood Obesity",
        "expanded": [
            "How does Adenovirus 36 contribute to childhood obesity?",
            "What is the epidemiological link between Adenovirus 36 infections and obesity in children?",
            "Can Adenovirus 36 serve as a biomarker for childhood obesity risk?"
        ]
    },
    "PLAIN-2640": {
        "original": "Chicken Salmonella Thanks to Meat Industry Lawsuit",
        "expanded": [
            "What are the food safety regulations in the meat industry that contributed to the Salmonella outbreak?",
            "How does the meat industry's lack of transparency contribute to the spread of Salmonella in chicken products?",
            "What role do consumer awareness and education play in preventing Salmonella outbreaks from contaminated chicken products?"
        ]
    },
    "PLAIN-2610": {
        "original": "Treating Asthma With Plants vs. Supplements?",
        "expanded": [
            "Natural Remedies for Asthma Control",
            "Comparative Efficacy of Botanicals and Supplements",
            "Safety Concerns and Interactions with Conventional Medications"
        ]
    },
    "PLAIN-2620": {
        "original": "Phytates for the Treatment of Cancer",
        "expanded": [
            "Anti-tumor effects of phytates",
            "Phytate-based cancer therapies and their mechanisms",
            "Phytate supplementation and cancer prevention"
        ]
    },
    "PLAIN-2580": {
        "original": "Academy of Nutrition and Dietetics Conflicts of Interest",
        "expanded": [
            "Financial Ties Between AND and Food Industry",
            "Influence of Sponsorships on AND's Nutrition Guidelines",
            "AND's Stance on Industry-Funded Research and Education"
        ]
    },
    "PLAIN-2670": {
        "original": "Is Caramel Color Carcinogenic?",
        "expanded": [
            "What are the potential health risks associated with caramel color?",
            "How does the production process of caramel color impact its safety?",
            "What are the regulatory frameworks governing caramel color in food products?"
        ]
    },
    "PLAIN-2680": {
        "original": "Counteracting the Effects of Dioxins Through Diet",
        "expanded": [
            "Foods rich in antioxidants to counteract dioxin effects",
            "Cruciferous vegetables in dioxin detoxification",
            "Probiotics and gut health in dioxin exposure"
        ]
    },
    "PLAIN-2630": {
        "original": "Alkylphenol Endocrine Disruptors and Allergies",
        "expanded": [
            "Effect of Alkylphenol on Immune System",
            "Mechanisms of Alkylphenol-Induced Allergic Reactions",
            "Exposure Sources and Health Risks of Alkylphenol Endocrine Disruptors"
        ]
    },
    "PLAIN-2700": {
        "original": "Heart Disease Starts in Childhood",
        "expanded": [
            "Early signs of heart disease in children",
            "How lifestyle habits in childhood impact heart health later in life",
            "Screening and prevention strategies for heart disease in pediatric populations"
        ]
    },
    "PLAIN-2650": {
        "original": "Turmeric Curcumin and Osteoarthritis",
        "expanded": [
            "Effects of Turmeric Curcumin on Osteoarthritis Symptoms",
            "Curcumin's Role in Joint Health and Osteoarthritis Prevention",
            "Comparison of Turmeric Curcumin and Conventional Treatments for Osteoarthritis"
        ]
    },
    "PLAIN-2660": {
        "original": "How Long to Detox From Fish Before Pregnancy?",
        "expanded": [
            "How does fish consumption impact fetal development during pregnancy?",
            "What are the safe fish to eat during pregnancy, and how long should I wait before conception?",
            "What are the mercury levels in different types of fish, and how long does it take to eliminate them from the body?"
        ]
    },
    "PLAIN-2740": {
        "original": "Cancer Risk From CT Scan Radiation",
        "expanded": [
            "How much radiation is emitted by a CT scan?",
            "What is the cancer risk associated with low-dose radiation exposure?",
            "How can the cancer risk from CT scans be minimized?"
        ]
    },
    "PLAIN-2690": {
        "original": "Chronic Headaches and Pork Tapeworms",
        "expanded": [
            "Can pork tapeworms cause chronic headaches in humans?",
            "How do pork tapeworms infect humans and lead to chronic headaches?",
            "What are the treatment options for chronic headaches caused by pork tapeworm infections?"
        ]
    },
    "PLAIN-2730": {
        "original": "Anti-Angiogenesis: Cutting Off Tumor Supply Lines",
        "expanded": [
            "How do anti-angiogenic therapies inhibit tumor growth?",
            "What are the different approaches to anti-angiogenic therapy?",
            "What are the potential challenges and limitations of anti-angiogenic therapy?"
        ]
    },
    "PLAIN-2710": {
        "original": "Artificial Food Colors and ADHD",
        "expanded": [
            "Do artificial food colors exacerbate ADHD symptoms in children?",
            "How do artificial food colors affect attention span in individuals with ADHD?",
            "Can a diet free from artificial food colors help manage ADHD symptoms?"
        ]
    },
    "PLAIN-2760": {
        "original": "Eating Healthy on a Budget",
        "expanded": [
            "Affordable meal planning for a healthy diet",
            "Food shopping on a tight budget",
            "Access to healthy food for low-income communities"
        ]
    },
    "PLAIN-2780": {
        "original": "Do Fruit & Nut Bars Cause Weight Gain?",
        "expanded": [
            "Are Fruit & Nut Bars a Healthy Snack Option?",
            "How Do Fruit & Nut Bars Affect Calorie Intake?",
            "Can Fruit & Nut Bars Be Part of a Weight Loss Diet?"
        ]
    },
    "PLAIN-2790": {
        "original": "Titanium Dioxide & Inflammatory Bowel Disease",
        "expanded": [
            "Is Titanium Dioxide a contributing factor to Inflammatory Bowel Disease?",
            "How does Titanium Dioxide exposure affect the gut microbiome in Inflammatory Bowel Disease patients?",
            "Can Titanium Dioxide be used as a therapeutic agent to treat Inflammatory Bowel Disease?"
        ]
    },
    "PLAIN-2800": {
        "original": "Prolonged Liver Function Enhancement From Broccoli",
        "expanded": [
            "Long-term Effects of Broccoli on Liver Health",
            "Broccoli's Antioxidant Properties and Liver Protection",
            "Nutrient-Rich Broccoli and Liver Detoxification"
        ]
    },
    "PLAIN-2720": {
        "original": "Keeping Your Hands Warm With Citrus",
        "expanded": [
            "How to Stay Warm with Natural Remedies",
            "Citrus-Based Hand Creams for Cold Weather",
            "Using Citrus Zest to Boost Circulation"
        ]
    },
    "PLAIN-2750": {
        "original": "Preventing the Common Cold with Probiotics?",
        "expanded": [
            "Can probiotics boost immunity against common cold viruses?",
            "How do probiotics affect the gut microbiome to prevent common cold infections?",
            "What is the evidence for probiotics as a preventative measure against the common cold in different populations?"
        ]
    },
    "PLAIN-2770": {
        "original": "Flaxseeds & Breast Cancer Survival: Clinical Evidence",
        "expanded": [
            "Can flaxseeds reduce the risk of breast cancer recurrence?",
            "What is the relationship between flaxseed lignans and breast cancer survival rates?",
            "Can flaxseed oil supplements improve breast cancer treatment outcomes?"
        ]
    },
    "PLAIN-2810": {
        "original": "Apple Juice May Be Worse Than Sugar Water",
        "expanded": [
            "Is apple juice a healthy alternative to sugary drinks?",
            "What are the negative health effects of consuming apple juice regularly?",
            "How does the nutritional content of apple juice compare to sugar water?"
        ]
    },
    "PLAIN-2850": {
        "original": "More Antibiotics In White Meat or Dark Meat?",
        "expanded": [
            "Which type of meat has higher antibiotic residues?",
            "Does cooking method affect antibiotic residue levels?",
            "How do farming practices impact antibiotic use in meat production?"
        ]
    },
    "PLAIN-2860": {
        "original": "BPA Plastic and Male Sexual Dysfunction",
        "expanded": [
            "How does BPA exposure affect testosterone levels in men?",
            "What are the effects of BPA on male reproductive health?",
            "Can BPA-free alternatives reduce the risk of male sexual dysfunction?"
        ]
    },
    "PLAIN-2830": {
        "original": "Neurobiology of Artificial Sweeteners",
        "expanded": [
            "How do artificial sweeteners affect brain chemistry?",
            "What are the neural mechanisms underlying artificial sweetener consumption?",
            "How do artificial sweeteners impact cognitive function and mood?"
        ]
    },
    "PLAIN-2820": {
        "original": "Preventing Strokes with Diet",
        "expanded": [
            "Foods that Reduce Stroke Risk",
            "Nutrient Deficiencies and Stroke Prevention",
            "Dietary Patterns for Stroke Prevention"
        ]
    },
    "PLAIN-2840": {
        "original": "Benefits of Fenugreek Seeds",
        "expanded": [
            "What are the nutritional benefits of consuming fenugreek seeds?",
            "How do fenugreek seeds support hair and skin health?",
            "What role do fenugreek seeds play in traditional medicine and folklore?"
        ]
    },
    "PLAIN-2880": {
        "original": "The Answer to the Pritikin Puzzle",
        "expanded": [
            "What is the mathematical principle behind the Pritikin Puzzle?",
            "How does the Pritikin Puzzle relate to real-world decision-making?",
            "What are the philosophical implications of the Pritikin Puzzle?"
        ]
    },
    "PLAIN-2870": {
        "original": "Filled Full of Lead",
        "expanded": [
            "What does it mean to be filled with lead?",
            "Filled full of lead in a figurative sense",
            "Historical uses of lead"
        ]
    },
    "PLAIN-2930": {
        "original": "Kiwifruit for Irritable Bowel Syndrome",
        "expanded": [
            "Can kiwifruit help alleviate IBS symptoms?",
            "How does kiwifruit fiber content impact IBS?",
            "Are there specific kiwifruit varieties beneficial for IBS relief?"
        ]
    },
    "PLAIN-2890": {
        "original": "To Snack or Not to Snack?",
        "expanded": [
            "What are the benefits of snacking?",
            "How can I make healthy snacking choices?",
            "What are the drawbacks of frequent snacking?"
        ]
    },
    "PLAIN-2900": {
        "original": "Boosting Good Bacteria in the Colon Without Probiotics",
        "expanded": [
            "Alternative Strategies for Gut Health",
            "Colon-Specific Gut Health",
            "Natural Gut Health Supplements"
        ]
    },
    "PLAIN-2910": {
        "original": "Optimal Phytosterol Dose",
        "expanded": [
            "What is the optimal phytosterol dose for cholesterol reduction?",
            "How does the dosage of phytosterols impact their bioavailability?",
            "What are the potential side effects of high-dose phytosterol supplementation?"
        ]
    },
    "PLAIN-2920": {
        "original": "Human Neurotransmitters in Plants",
        "expanded": [
            "Do plants have a nervous system similar to humans?",
            "What is the evolutionary significance of neurotransmitters in plants?",
            "Can plant-derived compounds affect human neurotransmitter systems?"
        ]
    },
    "PLAIN-2940": {
        "original": "Dietary Treatment of Crohn's Disease",
        "expanded": [
            "What are the best foods to eat with Crohn's disease?",
            "How does dietary intervention affect Crohn's disease management?",
            "Are there specific diets that can induce remission in Crohn's disease?"
        ]
    },
    "PLAIN-2960": {
        "original": "Pharmacists Versus Health Food Store Employees: Who Gives Better Advice?",
        "expanded": [
            "What are the educational backgrounds of pharmacists versus health food store employees?",
            "What are the potential biases of pharmacists versus health food store employees when giving advice?",
            "What are the differences in the types of products recommended by pharmacists versus health food store employees?"
        ]
    },
    "PLAIN-2981": {
        "original": "Cheese Mites and Maggots",
        "expanded": [
            "Harmful effects of cheese mites",
            "Cheese production and pest control",
            "Ecological role of cheese mites and maggots"
        ]
    },
    "PLAIN-2950": {
        "original": "Unsafe at Any Feed",
        "expanded": [
            "Risks associated with modern food production",
            "The dark side of the food industry",
            "The intersection of food safety and public health"
        ]
    },
    "PLAIN-3001": {
        "original": "EPIC Findings on Lymphoma",
        "expanded": [
            "EPIC study results on lymphoma diagnosis",
            "Role of EPIC in lymphoma treatment strategies",
            "Impact of EPIC on lymphoma patient outcomes"
        ]
    },
    "PLAIN-2991": {
        "original": "Cholesterol and Lower Back Pain",
        "expanded": [
            "Can high cholesterol cause lower back pain?",
            "How does diet affect cholesterol and lower back pain?",
            "What role does inflammation play in cholesterol and lower back pain?"
        ]
    },
    "PLAIN-2970": {
        "original": "Preventing Cataracts with Diet",
        "expanded": [
            "Foods rich in antioxidants for cataract prevention",
            "Omega-3 fatty acids and cataract risk reduction",
            "Vitamin deficiencies and cataract risk"
        ]
    },
    "PLAIN-3014": {
        "original": "Sometimes the Enzyme Myth Is True",
        "expanded": [
            "What are common misconceptions about enzymes?",
            "When do enzymes really matter in biological processes?",
            "What are the implications of overemphasizing the enzyme myth?"
        ]
    },
    "PLAIN-3026": {
        "original": "Vitamin C-Enriched Bacon",
        "expanded": [
            "Health benefits of Vitamin C in meat products",
            "Fortification methods for Vitamin C in bacon",
            "Regulatory frameworks for enriched meat products"
        ]
    },
    "PLAIN-3063": {
        "original": "Better Than Goji Berries",
        "expanded": [
            "Alternative Superfoods to Goji Berries",
            "Nutritional Comparison of Goji Berries to Other Fruits",
            "Health Benefits of Goji Berries vs. Other Superfoods"
        ]
    },
    "PLAIN-3037": {
        "original": "Out of the Lab Onto the Track",
        "expanded": [
            "How do scientific discoveries transition from laboratory settings to real-world applications?",
            "What role do researchers play in bringing innovative ideas from the laboratory to the market?",
            "How do technological advancements in racing cars influence the development of consumer vehicles?"
        ]
    },
    "PLAIN-3053": {
        "original": "Dragon's Blood",
        "expanded": [
            "Medicinal properties of Dragon's Blood",
            "Cultural significance of Dragon's Blood",
            "Commercial uses of Dragon's Blood"
        ]
    },
    "PLAIN-3074": {
        "original": "How to Help Prevent Abdominal Aortic Aneurysms",
        "expanded": [
            "What are the risk factors for abdominal aortic aneurysms?",
            "How does a healthy lifestyle contribute to preventing abdominal aortic aneurysms?",
            "What medical interventions can help prevent abdominal aortic aneurysms?"
        ]
    },
    "PLAIN-3116": {
        "original": "Dietary Guidelines: From Dairies to Berries",
        "expanded": [
            "Importance of Dairy in a Balanced Diet",
            "Benefits of Plant-Based Alternatives",
            "Healthy Snacking with Dairy and Berries"
        ]
    },
    "PLAIN-3097": {
        "original": "Amyloid and Apple Juice",
        "expanded": [
            "Health effects of amyloid proteins",
            "Apple juice processing and contamination",
            "Alternative beverages and amyloid risk reduction"
        ]
    },
    "PLAIN-3085": {
        "original": "The Difficulty of Arriving at a Vitamin D Recommendation",
        "expanded": [
            "Challenges of setting vitamin D intake guidelines",
            "Debates surrounding optimal vitamin D status",
            "Balancing benefits and risks of vitamin D supplementation"
        ]
    },
    "PLAIN-3151": {
        "original": "Too Much Iodine Can Be as Bad as Too Little",
        "expanded": [
            "What are the risks of excessive iodine intake?",
            "How does iodine deficiency affect the body?",
            "What is the optimal iodine intake for good health?"
        ]
    },
    "PLAIN-3181": {
        "original": "Is Dragon Fruit Good For You?",
        "expanded": [
            "What are the health benefits of consuming dragon fruit?",
            "How does dragon fruit support digestive health?",
            "Can dragon fruit help with weight management?"
        ]
    },
    "PLAIN-3131": {
        "original": "Are Avocados Good for You?",
        "expanded": [
            "What are the health benefits of avocados?",
            "Are avocados high in calories?",
            "Can avocados be part of a balanced diet?"
        ]
    },
    "PLAIN-3141": {
        "original": "Relieving Yourself of Excess Estrogen",
        "expanded": [
            "Natural Ways to Balance Estrogen Levels",
            "Estrogen Dominance and Its Impact on Health",
            "Supplements and Vitamins for Estrogen Detox"
        ]
    },
    "PLAIN-3171": {
        "original": "Convergence of Evidence",
        "expanded": [
            "Multi-disciplinary approaches in evidence convergence",
            "Statistical methods for evidence convergence assessment",
            "Cognitive biases and the convergence of evidence"
        ]
    },
    "PLAIN-3191": {
        "original": "Is Distilled Fish Oil Toxin-Free?",
        "expanded": [
            "What are the purification methods used to ensure toxin-free distilled fish oil?",
            "Are there any certifications or regulations that guarantee the quality of distilled fish oil?",
            "How can consumers verify the toxin-free status of distilled fish oil products?"
        ]
    },
    "PLAIN-3201": {
        "original": "Acne & Cancer Connection",
        "expanded": [
            "Is acne a risk factor for cancer?",
            "Do cancer treatments cause acne?",
            "Can acne medications increase cancer risk?"
        ]
    },
    "PLAIN-3211": {
        "original": "Overdosing on Greens",
        "expanded": [
            "What happens when you eat too many leafy greens?",
            "Can a green smoothie a day cause negative health effects?",
            "How much spinach is too much spinach?"
        ]
    },
    "PLAIN-3241": {
        "original": "Apthous Ulcer Mystery Solved",
        "expanded": [
            "Causes of Apthous Ulcer",
            "Is Apthous Ulcer related to Autoimmune Disorders",
            "Breakthroughs in Apthous Ulcer Treatment"
        ]
    },
    "PLAIN-3231": {
        "original": "Meat & Multiple Myeloma",
        "expanded": [
            "Meat consumption and Multiple Myeloma risk",
            "Meatborne carcinogens and Multiple Myeloma",
            "Nutrition and Multiple Myeloma prevention"
        ]
    },
    "PLAIN-3161": {
        "original": "Is Milk and Mucus a Myth?",
        "expanded": [
            "Does dairy consumption increase mucus production?",
            "What's the science behind the myth of milk and mucus?",
            "Can a dairy-free diet help alleviate respiratory issues?"
        ]
    },
    "PLAIN-3261": {
        "original": "Update on Herbalife\u00ae",
        "expanded": [
            "What are the latest developments in Herbalife's product offerings?",
            "How has Herbalife's business strategy changed over time?",
            "What are the health benefits and scientific backing behind Herbalife's products?"
        ]
    },
    "PLAIN-3271": {
        "original": "Saturated Fat & Cancer Progression",
        "expanded": [
            "How does dietary saturated fat intake impact cancer growth and proliferation?",
            "What are the key mechanisms by which saturated fat influences cancer cell signaling and metabolism?",
            "Can reducing saturated fat intake through dietary interventions slow or reverse cancer progression?"
        ]
    },
    "PLAIN-3221": {
        "original": "Dietary Theory of Alzheimer's",
        "expanded": [
            "Can diet prevent Alzheimer's disease?",
            "How does nutrition affect Alzheimer's progression?",
            "What is the relationship between gut health and Alzheimer's?"
        ]
    },
    "PLAIN-3281": {
        "original": "Aluminum in Vaccines vs. Food",
        "expanded": [
            "Safety of Aluminum in Vaccines Compared to Food Consumption",
            "Impact of Cooking and Processing on Aluminum Content in Food",
            "Bioavailability and Absorption of Aluminum from Vaccines and Food"
        ]
    },
    "PLAIN-3251": {
        "original": "EPIC Study",
        "expanded": [
            "How does the EPIC study contribute to our understanding of chronic disease prevention?",
            "What are the methodological innovations of the EPIC study that have advanced the field of epidemiology?",
            "How has the EPIC study influenced nutrition and public health policy in Europe and beyond?"
        ]
    },
    "PLAIN-3302": {
        "original": "Fish Fog",
        "expanded": [
            "What is the connection between fish and fog?",
            "Can fish navigate through fog?",
            "Are there any fish that thrive in fog-prone environments?"
        ]
    },
    "PLAIN-3312": {
        "original": "Sexually Transmitted Fish Toxin",
        "expanded": [
            "Fish Poisoning from Contaminated Water",
            "Toxins in Seafood and Human Health",
            "Fish Parasites and Disease Transmission"
        ]
    },
    "PLAIN-3292": {
        "original": "Are Multivitamins Good For You?",
        "expanded": [
            "What are the benefits of taking multivitamins daily?",
            "Can multivitamins make up for a poor diet?",
            "What are the potential risks associated with taking multivitamins?"
        ]
    },
    "PLAIN-3352": {
        "original": "Boosting Heart Nerve Control",
        "expanded": [
            "Exercise for Heart Nerve Function",
            "Nerve Stimulation for Heart Health",
            "Natural Remedies for Heart Nerve Balance"
        ]
    },
    "PLAIN-3362": {
        "original": "Kuna Indian Secret",
        "expanded": [
            "Kuna people's cultural secrets",
            "Historical secrets of the Kuna uprising",
            "Secret knowledge of Kuna shamanism"
        ]
    },
    "PLAIN-3322": {
        "original": "Veggies vs. Cancer",
        "expanded": [
            "Can a diet rich in vegetables reduce the risk of cancer?",
            "Which specific vegetables have anti-cancer properties?",
            "How does the cooking and preparation of vegetables impact their anti-cancer effects?"
        ]
    },
    "PLAIN-3342": {
        "original": "Is Coconut Milk Good For You?",
        "expanded": [
            "What are the nutritional benefits of coconut milk?",
            "Are there any potential health risks associated with consuming coconut milk?",
            "How can coconut milk be incorporated into a healthy diet?"
        ]
    },
    "PLAIN-3392": {
        "original": "Healthiest Airplane Beverage",
        "expanded": [
            "Best Drink to Stay Hydrated on a Flight",
            "Low-Calorie Airplane Drinks for Weight Loss",
            "Airplane Drinks to Boost Immunity"
        ]
    },
    "PLAIN-3332": {
        "original": "Alcohol Risks vs. Benefits",
        "expanded": [
            "What are the health risks associated with excessive alcohol consumption?",
            "How does moderate alcohol consumption impact cardiovascular health?",
            "What are the potential benefits of moderate alcohol consumption for cognitive function and mental health?"
        ]
    },
    "PLAIN-3382": {
        "original": "Are Artificial Colors Bad for You?",
        "expanded": [
            "Do artificial colors affect children's behavior?",
            "How do artificial colors interact with the human body?",
            "Are natural alternatives to artificial colors effective and accessible?"
        ]
    },
    "PLAIN-3412": {
        "original": "Plant vs. Cow Calcium",
        "expanded": [
            "Calcium absorption from plant-based diets",
            "Cow milk calcium and bone health",
            "Environmental impact of calcium sources"
        ]
    },
    "PLAIN-3372": {
        "original": "The Healthiest Sweetener",
        "expanded": [
            "Natural vs Artificial Sweeteners",
            "Low-Calorie Sweeteners for Weight Management",
            "Sweeteners for Specific Dietary Needs"
        ]
    },
    "PLAIN-3422": {
        "original": "Vitamin Supplements Worth Taking",
        "expanded": [
            "Essential Vitamins for Overall Health",
            "Vitamins for Specific Health Concerns",
            "Natural Sources vs. Supplements"
        ]
    },
    "PLAIN-3402": {
        "original": "Antioxidant Content of 300 Foods",
        "expanded": [
            "Comparison of Antioxidant Levels across Food Groups",
            "Top Antioxidant-Rich Foods and Their Health Benefits",
            "Methodologies for Measuring Antioxidant Content in Food Samples"
        ]
    },
    "PLAIN-3462": {
        "original": "Olive Oil and Artery Function",
        "expanded": [
            "Effects of Olive Oil on Artery Wall Flexibility",
            "The Role of Olive Oil in Reducing Arterial Plaque",
            "How Olive Oil May Help Lower Blood Pressure"
        ]
    },
    "PLAIN-3452": {
        "original": "Bowel Movement Frequency",
        "expanded": [
            "Normal Bowel Movement Frequency",
            "Bowel Movement Frequency and Digestive Health",
            "Factors Affecting Bowel Movement Frequency"
        ]
    },
    "PLAIN-3432": {
        "original": "Healthy Chocolate Milkshakes",
        "expanded": [
            "Low-Calorie Chocolate Milkshake Recipes",
            "Benefits of Dark Chocolate in Milkshakes",
            "Vegan and Dairy-Free Chocolate Milkshake Options"
        ]
    },
    "PLAIN-3442": {
        "original": "The Healthiest Vegetables",
        "expanded": [
            "Vegetables rich in antioxidants",
            "Cruciferous vegetables for cancer prevention",
            "Dark leafy greens for brain health"
        ]
    },
    "PLAIN-3472": {
        "original": "How Doctors Responded to Being Named a Leading Killer",
        "expanded": [
            "How did doctors react to being blamed for medical errors?",
            "What steps have doctors taken to reduce medical errors and improve patient safety?",
            "How has the medical community's response to being named a leading killer impacted patient care and health outcomes?"
        ]
    }
}