{
    "1": {
        "original": "Should teachers get tenure?",
        "expanded": "Granting teachers tenure can have both positive and negative effects on the education system. On one hand, tenure can provide job security and stability for experienced teachers, allowing them to focus on their craft and improve their teaching skills without fear of being let go. It can also give teachers a sense of autonomy and professionalism, which can lead to improved job satisfaction and reduced turnover rates. Additionally, tenure can serve as a safeguard against unfair treatment and provide a mechanism for protecting teachers who speak out against administrative policies or practices that may be harmful to students.\n\nOn the other hand, tenure can also lead to complacency and a lack of innovation among teachers, as they may feel insulated from accountability and less motivated to improve their performance. It can also make it difficult to remove underperforming teachers, potentially harming student outcomes. Moreover, the tenure system can be seen as unfair to younger or less experienced teachers, who may have to wait years to achieve the same level of job security and protection.\n\nConsidering these points, I will weigh the pros and cons of teacher tenure in my answer.\n\nWhile I acknowledge both the benefits and drawbacks of tenure, I believe that teachers should ultimately have access to a process similar to tenure, but with some modifications. For example, teachers should have job security and protection from arbitrary dismissal, but this should be balanced with regular evaluations and a clear process for addressing underperformance. This would allow experienced teachers to feel confident in their positions without creating a culture of complacency or immunity from accountability."
    },
    "2": {
        "original": "Is vaping with e-cigarettes safe?",
        "expanded": "The safety of e-cigarettes, also known as vaporizers or electronic nicotine delivery systems (ENDS), is a topic of ongoing debate and controversy. While e-cigarettes are often marketed as a safer alternative to traditional tobacco products, research suggests that they are not without risks. Many e-cigarettes contain a variety of toxic chemicals, including heavy metals and ultrafine particles, that can be inhaled and cause harm to the lungs and other organs. Nicotine, the primary psychoactive substance in e-cigarettes, is also highly addictive and can have negative health effects, particularly in youth and young adults.\n\nFurthermore, the long-term health effects of e-cigarette use are not yet fully understood, and there is evidence that e-cigarettes can increase the risk of respiratory problems, cardiovascular disease, and nicotine addiction. Additionally, the youth vaping epidemic has led to a significant increase in cases of vaping-related lung injury, known as e-cigarette or vaping product use-associated lung injury (EVALI).\n\nGiven these concerns, public health organizations, such as the Centers for Disease Control and Prevention (CDC) and the American Heart Association (AHA), have concluded that vaping is not safe.\n\nNo, vaping with e-cigarettes is not safe."
    },
    "3": {
        "original": "Should insider trading be allowed?",
        "expanded": "Insider trading refers to the practice of buying or selling securities based on non-public information about a publicly traded company. While some argue that insider trading should be allowed, it's crucial to consider the potential negative consequences on market efficiency and fairness. Insider trading can create an unfair advantage for those with access to privileged information, potentially disrupting the free market mechanism and creating market inefficiencies.\n\nInsider trading can also lead to a loss of public trust in the securities market, as investors may perceive that the system is rigged against them. This can result in decreased market participation, reduced economic activity, and even market volatility. Furthermore, allowing insider trading can create an incentive for companies to misrepresent their financial performance, engage in accounting fraud, or withhold critical information to benefit their insiders.\n\nAdditionally, it's important to recognize that the prohibition on insider trading is a cornerstone of financial regulation, designed to ensure a level playing field and promote fair and transparent market practices.\n\nNo, insider trading should not be allowed."
    },
    "4": {
        "original": "Should corporal punishment be used in schools?",
        "expanded": "Corporal punishment, also known as physical punishment, is a discipline technique that involves inflicting physical pain or discomfort as a means of correcting misbehavior. The use of corporal punishment in schools has been a controversial issue for many years, with proponents arguing that it helps to maintain discipline and prevent misbehavior, while critics argue that it is an ineffective and potentially harmful technique that can lead to increased aggression, anxiety, and even physical harm.\n\nDespite its controversial nature, corporal punishment remains a legally sanctioned practice in some jurisdictions, with 19 U.S. states and a number of countries around the world allowing its use in schools. However, growing concerns about its impact on children's well-being, academic performance, and relationships with teachers and peers have led many experts and advocacy groups to call for a ban on corporal punishment in schools.\n\nNo, corporal punishment should not be used in schools."
    },
    "5": {
        "original": "Should social security be privatized?",
        "expanded": "The debate on privatizing social security is a complex and contentious issue, with proponents and opponents presenting valid arguments. Proponents of privatization argue that it would increase investment returns, promote individual ownership and responsibility, and reduce the financial burden on governments. They also point to the success of private pension plans in Scotland and Chile. On the other hand, opponents argue that privatization would create risks for vulnerable groups, such as low-income workers and those nearing retirement, because market fluctuations could reduce their benefits. They also note that privatization could widen the wealth gap and lead to inefficient investment and management due to costs associated with running and regulating private plans. Additionally, concerns have been raised regarding the issue of trust funds, the age at which people can retire, and the Social Security taxes that workers pay.\n\nNo."
    },
    "6": {
        "original": "Is a college education worth it?",
        "expanded": "The question of whether a college education is worth it is a complex and multi-faceted issue that depends on various factors such as individual circumstances, career goals, and personal values. Here's a breakdown of the arguments for and against:\n\nArguments For:\n\n* Higher Earning Potential: Studies have consistently shown that college graduates earn more than those without a degree. In fact, according to the Bureau of Labor Statistics, workers with a bachelor's degree typically earn about 50% more than those with only a high school diploma.\n* Improved Career Opportunities: A college education can provide access to a wider range of career opportunities, especially in fields that require specialized knowledge and skills.\n* Networking and Skill Development: College provides opportunities to develop important soft skills such as communication, teamwork, and problem-solving, as well as networking opportunities that can be valuable in one's future career.\n* Personal Growth and Development: College can be a transformative experience that fosters personal growth, independence, and self-awareness.\n\nArguments Against:\n\n* Student Debt: The cost of attending college has been increasing significantly over the years, leading to rising student debt. This can be a significant burden for many graduates.\n* Time and Opportunity Cost: The time spent in college could be spent pursuing other opportunities, such as entering the workforce or entrepreneurship.\n* Limited Job Guarantees: A college degree does not guarantee a job or a certain salary. Many graduates face competition in the job market, and some may not find employment in their field of study.\n\nWhile there are valid arguments both for and against a college education, the evidence suggests that, on average, a college education is still worth it for most students. The benefits of higher earning potential, improved career opportunities, and personal growth can outweigh the costs, especially for students who choose in-demand fields or pursue internships and networking opportunities. However, it's essential for individuals to carefully consider their own circumstances, interests, and career goals before deciding whether a college education is right for them. Ultimately, the value of a college education depends on individual circumstances and choices."
    },
    "7": {
        "original": "Should felons who have completed their sentence be allowed to vote?",
        "expanded": "The question of whether felons who have completed their sentence should be allowed to vote is a complex issue that involves balancing individual rights and the need to protect public safety. On one hand, felons who have completed their sentence have paid their debt to society and should not be disenfranchised from participating in the democratic process. Denying them the right to vote can perpetuate a cycle of disenfranchisement, which can have long-term effects on their ability to reintegrate into society. Additionally, many countries, including some U.S. states, have already reinstated voting rights to individuals who have completed their sentence.\n\nOn the other hand, there are concerns that allowing felons to vote before completing their sentence or while under supervision can undermine public safety. Some argue that it compromises the integrity of the justice system and can lead to a lack of accountability. Others argue that felons should not be allowed to participate in the democratic process if they have committed a serious crime.\n\nYes, felons who have completed their sentence should be allowed to vote. This is because:\n\n* They have fulfilled their obligation to society and should have their civil liberties restored.\n* Disenfranchisement can perpetuate social and economic inequalities, making it harder for them to reintegrate into society.\n* Restoring voting rights can help promote a second chance and rehabilitation.\n* Many countries and states have already reinstated voting rights to individuals who have completed their sentence, and research shows that this approach does not lead to an increase in crime rates."
    },
    "8": {
        "original": "Should abortion be legal?",
        "expanded": "The legal status of abortion is a highly contentious and complex issue that involves various moral, ethical, and social considerations. From a legal perspective, the right to abortion is deeply intertwined with the broader debate over human rights, autonomy, and dignity. The primary argument in favor of legalizing abortion is the right to privacy and bodily autonomy, which is enshrined in many countries' constitutions and international human rights law. This right ensures that individuals have the authority to dictate what happens to their own bodies, including the decision to terminate a pregnancy. It emphasizes the ability of women (and sometimes individuals in general, though laws vary by jurisdiction) to make free and informed choices regarding their health, family, and future. Legalizing abortion is seen as a means to empower individuals, primarily women, to take control over their lives, as dictated by their unique circumstances.\n\nMoreover, the legalization of abortion is argued to improve health outcomes. Undesired pregnancies can lead to health risks for both the mother and the child, including increased risk of death, especially in jurisdictions where unsafe abortions are common because of illegal status. Legalizing abortion can reduce the proportion of abortions that are unsafe. This not only improves the health and safety but also reduces the stigma often associated with seeking out and undergoing illegal abortions.\n\nFrom an ethical standpoint, legalization can be seen as an essential aspect of human rights and as a step toward gender equality. By enabling individuals to choose whether or not to carry a pregnancy to term, the legal status of abortion contributes to equating men and women as individuals with equal rights and responsibilities.\n\nOn the other hand, opponents of abortion argue that life begins at conception, thus asserting that abortion is morally equivalent to homicide. This perspective is based on the religious, philosophical, or scientific viewpoints that define the moment of fertilization as the point at which a fetus attains the status of a living being with inherent rights. Advocates of banning or restricting abortion argue that it is the State's duty to protect the innocent and vulnerable and that it is morally unjustifiable to sanction actions that end the life of an innocent unborn child.\n\nMoreover, there are also practical arguments against legalizing abortion. These often involve concerns for the potential for the commercialization of abortion and the devaluation of human life, increased stress on healthcare systems, and moral objections on religious grounds. These perspectives also consider that widely available abortion could encourage unsafe and perhaps irresponsible sexual practices among the general population.\n\nConsidering the complexities and controversial nature of this issue, individual perspectives vary widely, influenced by personal beliefs, religious backgrounds, medical considerations, and cultural norms.\n\nLegally, whether abortion should be allowed hinges heavily on the legal system of the region and the specific conditions of the case. Currently, the accessibility of abortion is a variable that differs across worldwide jurisdictions, reflecting differing legal, ethical, and philosophical beliefs."
    },
    "9": {
        "original": "Should students have to wear school uniforms?",
        "expanded": "The debate around whether students should wear school uniforms is a complex issue that raises questions about personal freedom, social equality, and educational effectiveness. Proponents of uniforms argue that they promote a distraction-free and inclusive learning environment, while critics argue that they restrict personal expression and autonomy. Additionally, there are concerns about the financial burden and practicality of purchasing and maintaining uniforms, especially for students from low-income backgrounds. On the other hand, supporters argue that uniforms can improve discipline, reduce bullying, and create a sense of unity among students.\n\nIt depends on the specific context and implementation. In some cases, uniforms can be beneficial, such as in schools that struggle with social conflicts or dress-code-related issues. However, in other cases, uniforms may stifle personal expression and creativity. Students should be consulted and involved in the decision-making process, and alternative solutions, such as flexible dress codes, could be explored to balance individuality with the need for a professional and distraction-free learning environment."
    },
    "10": {
        "original": "Should any vaccines be required for children?",
        "expanded": "The decision to require vaccines for children is a complex one that involves weighing the potential benefits and risks of vaccination. On one hand, vaccines have been widely shown to be safe and effective in preventing the spread of serious and potentially life-threatening diseases. Mandatory vaccination laws have been enacted in many countries to ensure high rates of vaccination coverage and protect public health. On the other hand, some parents may be concerned about potential side effects of vaccines, and a small but vocal group has raised concerns about vaccine safety and efficacy.\n\nYes, certain vaccines should be required for children. While some debate exists around the safety and efficacy of vaccines, the overwhelming scientific consensus is that vaccines are safe and effective in preventing the spread of serious diseases. Measles, for example, was once nearly eliminated in the United States thanks to high vaccination rates, but outbreaks have increased in recent years due to declining vaccination rates. Similarly, vaccinations against diseases such as pertussis, mumps, and whooping cough are crucial in preventing outbreaks and protecting vulnerable populations such as young children, older adults, and those with compromised immune systems. Furthermore, requiring certain vaccines for children helps to ensure herd immunity, which is the level of immunity in a population necessary to prevent the spread of disease. In conclusion, while some caution is understandable, the benefits of requiring certain vaccines for children far outweigh the risks, and public health efforts should prioritize vaccine education, access, and uptake to protect the health and well-being of children and communities."
    },
    "11": {
        "original": "Should performance-enhancing drugs be accepted in sports?",
        "expanded": "The debate about accepting performance-enhancing drugs (PEDs) in sports revolves around several key concerns and benefits. On one hand, implementing PEDs in sports can lead to improved athletic performance, potentially increasing fairness and competitiveness. Proponents argue that athletes should be allowed to use PEDs as long as they are safe and effectively regulated, enhancing individual and collective achievements in sports. However, many argue that allowing PEDs in sports can lead to anti-doping scandals, health risks, and damage to the integrity of the competitions, undermining their fairness and authenticity. The primary goal of sports is not solely about winning but also about fair competition, personal challenge, and health.\n\nNo, performance-enhancing drugs should not be accepted in sports. The argument for disallowing PEDs in sports hinges on their health implications and the integrity of competitions. PEDs may carry unnecessary health risks that could lead to long-term physical and mental health complications for athletes. The use of banned substances undermines fair competitiveness and leads to further disputes over the achievements of those who may be benefitted unfairly."
    },
    "12": {
        "original": "Should birth control pills be available over the counter?",
        "expanded": "There are valid arguments on both sides of the debate on whether birth control pills should be available over the counter (OTC). On one hand, making birth control pills OTC could significantly improve reproductive health outcomes by increasing access, especially among low-income individuals and teenagers who may not have the means to see a doctor regularly. It could also alleviate the burden of waiting for a doctor's appointment and reduce the stigma associated with purchasing birth control. Additionally, OTC availability could increase the promptness of access to birth control, which is important for emergency contraception and for individuals who need to quickly start a new regimen.\n\nOn the other hand, some concerns include the potential for misuse, such as by minors or individuals without a medical need, and increased costs for consumers due to lack of insurance coverage or the potential for over-the-counter medications to be priced higher than pharmaceutical counterparts. There are also concerns about ensuring the appropriate fit of an OTC product to a consumer's specific needs, which may require consultation with a healthcare provider to consider factors such as medical history and allergies.\n\nYes, birth control pills should be available over the counter."
    },
    "13": {
        "original": "Can alternative energy effectively replace fossil fuels?",
        "expanded": "Alternative energy sources, such as solar, wind, hydroelectric, and geothermal power, have been advancing rapidly in terms of technology and affordability. These energy sources have fewer environmental impacts compared to fossil fuels, which are a leading cause of climate change. The capacity to generate electricity and power is increasing while costs are decreasing for many alternative energy sources. However, there are concerns about consistency and intervals of energy production, which can still challenge the reliability of these alternative energy sources.\n\nPartially. Alternative energy can significantly reduce reliance on fossil fuels but may not be able to replace them completely in the near future until barriers such as consistency and intermittency are fully addressed and storage solutions are scaled up."
    },
    "14": {
        "original": "Is sexual orientation determined at birth?",
        "expanded": "There is ongoing research and debate about the development of sexual orientation, with various theories suggesting that it may be influenced by a combination of genetic, hormonal, environmental, and social factors. Some people believe that sexual orientation is determined at birth, while others propose that it develops over time through a complex interplay of factors. Despite the complexity of this issue, there is no consensus on a single answer.\n\nUndetermined."
    },
    "15": {
        "original": "Should animals be used for scientific or commercial testing?",
        "expanded": "The use of animals in scientific or commercial testing is a controversial topic that raises ethical concerns and sparks debates among scientists, animal welfare organizations, and the general public. On one hand, animal testing has been used for centuries to advance our understanding of human and animal biology, develop new treatments and medicines, and ensure the safety of products before they are released to the market. On the other hand, animal testing has been criticized for its potential to cause harm, distress, and even death to animals, as well as its limitations in predicting human responses to substances and products.\n\nNo, animals should not be used for scientific or commercial testing. While animal testing may have contributed to some important scientific breakthroughs and technological advancements in the past, the benefits are often outweighed by the harm and suffering caused to animals. Moreover, there are numerous alternative methods and approaches that can be used to achieve similar results without the use of animals, such as in vitro testing, computational modeling, and human clinical trials. Additionally, animal testing is often unnecessary, as many products and substances can be tested using human-relevant methods or extrapolated from existing data.\n\nFurthermore, the use of animals in testing is regulated by laws and guidelines that are often inadequate or difficult to enforce, leading to concerns about animal welfare and the potential for animal suffering. The use of animals in testing also perpetuates a culture of exploitation and commodification of animals, which can undermine our relationships with animals and our natural environment.\n\nIn conclusion, while animal testing may have had some limited benefits in the past, the benefits are no longer justified in light of the harm and suffering caused to animals and the availability of alternative methods. It is time to move away from animal testing and towards more humane and effective approaches that prioritize animal welfare and human well-being."
    },
    "16": {
        "original": "Should prescription drugs be advertised directly to consumers?",
        "expanded": "Direct-to-consumer (DTC) advertising of prescription drugs raises concerns about the potential impact on public health. On one hand, DTC advertising can increase awareness about specific diseases and the availability of effective treatments, potentially leading to earlier diagnosis and treatment. This can be particularly beneficial for rare or complex conditions, where patients may not be aware of their condition or its available treatments. Furthermore, DTC advertising can also provide education about the existence of certain treatments and how they work, empowering patients to make more informed decisions about their healthcare.\n\nOn the other hand, concerns exist regarding the influence of DTC advertising on patient decision-making. Critics argue that advertising may perpetuate the idea that medications are always the solution, rather than emphasizing lifestyle changes or other treatments. There is also concern about the potential for overuse or misuse of medications due to aggressive marketing campaigns; some companies increase prices as a result of their DTC campaigns. Additionally, research has suggested that DTC advertising often targets certain demographics more than others, such as the elderly, who may be more susceptible to persuasion and have different health priorities.\n\nIt's complex, and can be beneficial, but also has serious drawbacks."
    },
    "17": {
        "original": "Should recreational marijuana be legal?",
        "expanded": "The debate surrounding the legalization of recreational marijuana is complex and multifaceted. Proponents argue that it would boost economic growth through tax revenue and create jobs, reduce crime related to the black market, and provide users with a safer and more controlled environment. Others argue that it could lead to increased use among youth, higher rates of drugged driving and workplace accidents, and exacerbate mental health issues.\n\nAbstain"
    },
    "18": {
        "original": "Should churches remain tax-exempt?",
        "expanded": "A church's tax-exempt status raises various ethical, economic, and philosophical debates. On one hand, churches provide essential services to the community, including spiritual guidance, charitable work, and social support. These services often benefit the broader community, and exempting them from taxes can help ensure that these services continue to be provided. Additionally, tax exemption can foster greater philanthropy and donations to these organizations, which may lead to even more community benefits.\n\nOn the other hand, some argue that tax exemption can create unfair advantages for religious institutions, ultimately benefiting only a select few. This raises concerns about unequal treatment and potential favoritism towards religious groups over secular organizations. Furthermore, churches may not always be transparent about their financial activities, which can make it difficult to ensure that tax exemptions are being used effectively.\n\nAfter weighing the above arguments, it seems that churches' tax-exempt status can be justified, but with certain conditions. To maintain their exemption, churches should be required to:\n\n1. Provide transparent financial reporting to ensure accountability and responsible use of funds.\n2. Engage in significant charitable activities, such as outreach programs, community development, and social services, which directly benefit the community.\n3. Abstain from engaging in political activities or endorsements that may influence local or national elections.\n\nBy establishing these conditions, churches can maintain their tax-exempt status while ensuring that their activities align with the public's best interests and promote greater social good."
    },
    "19": {
        "original": "Should gay marriage be legal?",
        "expanded": "The question of whether gay marriage should be legal is a complex issue that involves considerations of equality, individual rights, and societal norms. Proponents of gay marriage argue that it is a matter of equality, as heterosexual couples have been granted the right to marry for centuries. They also claim that marriage is a fundamental right that should be available to all consenting adults, regardless of their sexual orientation. On the other hand, opponents argue that gay marriage is a threat to traditional family values and moral standards. They fear that legalizing gay marriage would lead to the redefinition of what it means to be a family and undermine the sanctity of marriage.\n\nNo, as per any legal standpoint gay marriage should not legalized."
    },
    "20": {
        "original": "Is drinking milk healthy for humans?",
        "expanded": "Drinking milk as a part of a balanced diet has been a topic of debate among health experts and scientists for many years. While milk is a rich source of calcium, protein, and other essential nutrients, its health benefits have been called into question due to the presence of added sugars, manipulate hormones, and potential allergenic properties. Additionally, some people may be lactose intolerant or have dairy-related sensitivities, making it unsuitable for consumption. Furthermore, milk consumption has been linked to an increased risk of chronic diseases such as osteoporosis, heart disease, and certain types of cancer. On the other hand, moderate milk consumption has also been associated with several potential health benefits, including bone health, weight management, and improved immune function.\n\nIn conclusion, whether drinking milk is healthy for humans depends on individual circumstances and factors such as age, dietary needs, and health status. For some adults, moderate milk consumption may be a healthy and beneficial part of a balanced diet, particularly those with a proven lactose tolerance and no underlying dairy sensitivities. However, for others, particularly those with inadequate lactase enzyme production or dairy-related allergies, it may be necessary to consider alternative sources of calcium and protein. A more nuanced approach would be to consider consuming other dairy products, such as yogurt or cheese, which may offer similar nutritional benefits without the potential drawbacks of plain milk. Ultimately, further research and individual consideration are necessary to determine the optimal level of milk consumption for overall health and well-being."
    },
    "21": {
        "original": "Is human activity primarily responsible for global climate change?",
        "expanded": "The question of whether human activity is primarily responsible for global climate change is a complex and contentious issue that has been extensively researched and debated by scientists, policymakers, and the general public. The prevailing scientific consensus is based on a large body of evidence from multiple lines of research that point to human activities as the dominant cause of the observed global warming. This consensus is reflected in reports from the Intergovernmental Panel on Climate Change (IPCC), which has summarized the evidence and conclusions from thousands of scientific studies.\n\nThe main evidence supporting human-caused climate change includes:\n\n1. **Greenhouse gas emissions**: The increase in atmospheric carbon dioxide and other greenhouse gases due to human activities, especially the burning of fossil fuels (coal, oil, and gas) for energy, deforestation, and industrial processes.\n2. **Rising global temperatures**: Global temperatures have been rising steadily over the past century, with the last decades seeing the sharpest increase. This warming is recorded by thermometer readings around the globe, supported by records from ice cores and other climate proxies.\n3. **Ice core and ice sheet evidence**: Ice cores from Antarctica and Greenland show a parallel increase in CO2 and methane levels over the past several hundred thousand years, with a steep spike in the past century. Melting of glaciers and ice sheets is further evidence.\n4. **Sea-level rise**: Global sea levels are increasing because of the thermal expansion of the ocean as it warms and because of melting glaciers and ice sheets.\n5. **Shift in extreme weather patterns**: Changes in the patterns and intensity of weather events, such as heatwaves, droughts, and heavy rainfall, align with expectations based on global warming.\n\nThese and other lines of evidence collectively support the conclusion that human activities, particularly the emission of greenhouse gases from burning fossil fuels and deforestation, are the primary cause of global warming.\n\nYes, human activity is primarily responsible for global climate change."
    },
    "22": {
        "original": "Is a two-state solution an acceptable solution to the Israeli-Palestinian conflict?",
        "expanded": "A two-state solution to the Israeli-Palestinian conflict proposes the establishment of an independent Palestinian state coexisting with the State of Israel, with mutually recognized borders. Proponents of this solution argue it is a fair and pragmatic way to address the decades-long conflict, allowing both Israelis and Palestinians to have their own states, while ending the Israeli occupation of Palestinian territories. A two-state solution has been supported by numerous international actors, including the United States, the European Union, the United Nations, and various governments around the world.\n\nYes, a two-state solution is an acceptable solution to the Israeli-Palestinian conflict. It is a compromise that addresses the core issues at the heart of the conflict, including the right of self-determination, borders, and security concerns. While no solution will be perfect, a two-state solution offers a framework for coexistence, mutual recognition, and economic growth, allowing both Israelis and Palestinians to build a more peaceful and prosperous future. The international community has consistently emphasized the need for a negotiated two-state solution, and it remains the most widely accepted and promising approach to resolving the conflict."
    },
    "23": {
        "original": "Should euthanasia or physician-assisted suicide be legal?",
        "expanded": "The debate around euthanasia and physician-assisted suicide is complex and touches on various ethical, medical, legal, and societal aspects. Proponents of legalization argue that it respects patient autonomy, provides relief to terminally ill individuals suffering from unbearable pain and symptoms, and can reduce the strain on healthcare resources. They also suggest that proper safeguards can prevent abuse and ensure that individuals are given true informed consent.\n\nOn the other side, opponents argue that legalizing euthanasia would undermine the value of life and lead to abuse and coercion, particularly in vulnerable populations. They also raise concerns about the moral implications and how sanctioning death would change society's perspective on death and dying. Moreover, they argue that palliative care can manage symptoms efficiently.\n\nDifferent countries and legal systems have taken various approaches, with some allowing terminally ill patients the right to decide on whether or not they wish to end their lives and others strictly criminalizing such actions.\n\nIt is a decision that should be left up to individual countries and should be legalized under strict controls."
    },
    "24": {
        "original": "Does lowering the federal corporate income tax rate create jobs?",
        "expanded": "Lowering the federal corporate income tax rate is often touted as a way to boost economic growth, but its impact on job creation is a more nuanced issue. When corporations pay lower taxes, they may keep more of their profits and potentially invest them in new projects, hiring, and expansion. However, this premise assumes that corporations would use the tax savings to invest in the business, not simply reduce their tax liability or distribute it as dividends to shareholders.\n\nMoreover, some critics argue that lowering corporate tax rates may not necessarily lead to significant job growth because corporations can always repatriate their profits back to shareholders or invest in non-employee-related activities like acquisitions, share buybacks, and dividend payments. Also, the Fiscal Policy Institute estimates that for every dollar of tax savings resulting from a reduction in the corporate tax rate, businesses typically increase spending by only a fraction of that amount on jobs.\n\nNo."
    },
    "26": {
        "original": "Do standardized tests improve education?",
        "expanded": "Standardized tests have been a contentious issue in education for decades. On one hand, proponents argue that standardized tests provide a fair and objective way to measure student learning, accountability for teachers and schools, and a benchmark for tracking progress over time. On the other hand, critics argue that these tests can lead to test anxiety, teach to the test, and narrow the curriculum to focus on testable material. Furthermore, the emphasis on standardized tests can also exacerbate existing inequalities and injustices in the education system.\n\nWhile standardized tests can provide some benefits, such as helping to identify areas where students may need extra support, the overall impact of these tests on education is often more negative than positive. The emphasis on standardized tests can lead to a narrow and superficial curriculum, as well as a focus on rote memorization rather than critical thinking and creativity. Additionally, the high-stakes nature of these tests can create a lot of stress and anxiety for students, which can negatively impact their overall educational experience. Therefore, it is unclear whether standardized tests actually improve education, as their benefits are often outweighed by their drawbacks."
    },
    "27": {
        "original": "Should more gun control laws be enacted?",
        "expanded": "The debate about gun control laws is complex and multifaceted, involving considerations of individual rights, public safety, and the potential consequences of regulatory changes. Some arguments for stricter gun control laws include the potential to reduce gun violence, particularly in the context of mass shootings, and address risks associated with unlicensed or intentionally illicit gun sales. Proponents of stricter laws often cite the need to balance individual rights with the responsibility to prioritize public safety.\n\nOthers argue that gun control laws should not infringe on the Second Amendment rights enshrined in the US Constitution. They claim that such rights are essential for personal defense and freedom from government overreach. This perspective emphasizes the importance of responsible gun ownership and the potential consequences of overly restrictive laws on law-abiding citizens.\n\nAdditionally, there are concerns about the efficacy of gun control laws in preventing crimes, as criminals may obtain firearms illegally regardless of legal restrictions. Efforts to control guns might also have unintended consequences, including pushing gun ownership underground, thereby increasing the difficulty of tracking and regulating firearms, which could paradoxically affect public safety negatively.\n\nIn light of these complexities, the decision to enact stricter gun control laws involves weighing the potential benefits of limiting access to firearms against the rights of citizens to bear arms and the potential unintended consequences of restrictions.\n\nIt's related to the individual circumstances and the specific proposed legislation. However, in general, if the aim is to reduce gun violence, expand background checks, or address other aspects of public safety, enacting more gun control laws might be seen as a potentially beneficial approach in certain contexts."
    },
    "28": {
        "original": "Should prostitution be legal?",
        "expanded": "The question of whether prostitution should be legal is a complex and multifaceted issue that involves moral, legal, and social considerations. Some arguments in favor of legalizing prostitution include:\n\n*   Reducing the risk of sex work-related violence and exploitation by providing a safer working environment and access to labor protections and social services.\n*   Reducing the spread of sexually transmitted infections (STIs) by enabling consensual exchange of information about sex work history and allowing regular health screenings.\n*   Generating tax revenue and promoting economic growth through the regulation and taxation of the sex industry.\n*   Providing a means of livelihood for individuals who engage in sex work, allowing them to exercise autonomy over their bodies and lives.\n\nOn the other hand, arguments against legalizing prostitution include:\n\n*   Contributing to the objectification and commodification of women's bodies, reinforcing harmful gender stereotypes and exacerbating existing power imbalances.\n*   Encouraging demand for commercial sex and perpetuating a negative and exploitative attitude towards women.\n*   Putting additional pressure on marginalized and vulnerable groups, such as migrants, women, and LGBTQ+ individuals, who may be more susceptible to exploitation.\n*   Increasing the risk of human trafficking and the exploitation of children and other vulnerable individuals.\n\nUltimately, the decision to legalize prostitution depends on the context and the specific laws and regulations in place. For example, some countries have implemented a hybrid model of decriminalization, which removes the penalties for selling sex but retains them for buying. This approach aims to reduce the demand for prostitution while also working to protect the rights and safety of sex workers.\n\nIt ultimately depends on the context and the specific laws and regulations in place."
    },
    "29": {
        "original": "Should the government allow illegal immigrants to become citizens?",
        "expanded": "This is a contentious issue that involves considering the rights and responsibilities of both the individual and the state. On one hand, granting citizenship to illegal immigrants who have already integrated into society and contributed positively could be seen as an opportunity for the community to recognize their efforts and provide a pathway to a more stable future. This approach also acknowledges the complexity of immigration policies and the harsh realities faced by individuals who may have come to the country with genuine hopes for a better life.\n\nOn the other hand, allowing illegal immigrants to become citizens could be seen as undermining the rule of law and encouraging illegal immigration. Others might argue that it would undermine the civic integration process and potentially favor those who chose to break the law over those who entered the country legally.\n\nUndecided."
    },
    "30": {
        "original": "Should adults have the right to carry a concealed handgun?",
        "expanded": "The question of whether adults should have the right to carry a concealed handgun is a complex issue that involves weighing individual freedom, public safety, and the potential consequences of gun ownership. Some argument in favor of concealed carry rights is rooted in the Second Amendment to the United States Constitution, which protects the right to keep and bear arms. Advocates for concealed carry rights also emphasize the importance of citizens being able to defend themselves, especially in the absence of immediate police response in a threatening situation. They argue that responsible individuals should be allowed to exercise this right as long as they undergo relevant background checks, obtain necessary training, and follow legal requirements for concealed carry.\n\nOn the other hand, the argument against concealed carry rights for adults often focuses on safety concerns. Critics worry about the increased risk of accidental shootings, theft, and misuse of firearms by individuals carrying them. There's also concern about the potential for escalation of minor incidents due to increased access to lethal weapons. Regulations and laws restricting concealed carry are often cited as a way to prevent gun violence and promote public safety.\n\nDepending on various laws and national perspectives, some individuals have the right to carry a concealed handgun with proper permits and legal compliance. However, this right is heavily restricted or illegal in many jurisdictions. The facilitating or restricting of concealed carry is often framed in discussions about gun control policies and laws."
    },
    "31": {
        "original": "Is obesity a disease?",
        "expanded": "Obesity is a complex issue that has been debated by healthcare professionals, researchers, and policymakers for several decades. On one hand, some argue that obesity is a lifestyle choice and that individuals are responsible for their own weight-related health problems. On the other hand, others contend that obesity is a chronic disease with biological and environmental underpinnings, which can be influenced by factors such as genetics, metabolism, and socioeconomic status.\n\nAdditionally, the World Health Organization (WHO) has defined obesity as a \"state characterized by abnormally or excess fat accumulation that presents a risk to health.\" This definition highlights the medical comorbidities and mortality risks associated with obesity, which can include type 2 diabetes, hypertension, cardiovascular disease, and certain types of cancer.\n\nYes, obesity is a disease. The WHO and many other reputable health organizations recognize obesity as a chronic disease that requires a comprehensive and individualized treatment approach. This viewpoint is supported by the complexity of the underlying physiological and metabolic mechanisms that contribute to obesity, as well as the increasing evidence of the serious health consequences associated with it. While lifestyle choices, such as diet and exercise, are essential for maintaining a healthy weight, obesity is a multifactorial condition that requires a range of interventions, including medical treatment, behavioral therapy, and social support."
    },
    "32": {
        "original": "Do electronic voting machines improve the voting process?",
        "expanded": "Electronic voting machines are a modernization of the voting process, aiming to increase efficiency and accuracy. They promote accessibility for voters with disabilities and can speed up the counting process. However, concerns exist about the security of the systems, potential for hacking, and the secrecy of the vote. Acceptance of electronic voting machines varies by location and voter preference.\n\nTechnology has improved the functioning of the voting process via electronic voting machines, implementing more efficient means of system execution and faster counting times; yet, cyber security and risk remain the most prevalent concerns linked to their operation."
    },
    "33": {
        "original": "Should people become vegetarian?",
        "expanded": "The decision to become a vegetarian, like any lifestyle choice, is influenced by various factors including personal preferences, cultural and religious beliefs, environmental concerns, and health outcomes. Some people turn to vegetarianism for ethical or moral reasons, concerned about animal welfare and the treatment of livestock in the farming industry. Others highlight environmental benefits, citing the productive land usage for plant-based food production and lower greenhouse gas emissions associated with it. Some individuals focus on the nutritional advantages of a meat-free diet, while others rely on scientific research indicating that well-planned vegetarian diets can be beneficial for heart health and may reduce the risk of chronic diseases. On the flip side, a well-balanced vegetarian diet can sometimes be challenging to follow, and in certain cases, it may lead to nutrient deficiencies if not properly planned. Furthermore, it is notable that a profound impact of a vegetarian diet can be particularly challenging for those in lower-income communities where access to a variety of nutrients remains a concern.\n\nIt's a personal decision influenced by individual beliefs, values, and health considerations. The choice to become vegetarian can be beneficial for personal health, the environment, and animal welfare, but it requires careful planning to avoid nutrient deficiencies and should be approached with caution."
    },
    "34": {
        "original": "Are social networking sites good for our society?",
        "expanded": "Social networking sites have been a ubiquitous part of our daily lives for over two decades, with billions of people worldwide using platforms like Facebook, Instagram, Twitter, and others to connect with each other, share information, and express themselves. However, the impact of social networking sites on our society is a complex issue, with both positive and negative effects to consider. On one hand, social networking sites have enabled global connectivity, promoted citizen journalism, and facilitated the spread of information and ideas. On the other hand, they have also enabled the spread of misinformation, fueled social comparisons and anxiety, and contributed to the erosion of traditional social skills.\n\nWhile social networking sites can have both positive and negative effects on our society, I believe that they can be beneficial overall. Social networking sites have the potential to bring people together, promote global understanding, and facilitate the exchange of information and ideas. For example, social media platforms have been used to mobilize social movements, facilitate fundraising and charitable efforts, and provide a platform for marginalized communities to have their voices heard. Additionally, while social networking sites have been criticized for spreading misinformation, they have also provided a platform for fact-checking and verification of information, which can help to combat the spread of false information. Therefore, while social networking sites are not without their drawbacks, I believe that they can be a powerful tool for building connections, promoting understanding, and fostering positive change in our society."
    },
    "35": {
        "original": "Do violent video games contribute to youth violence?",
        "expanded": "The debate about the relationship between violent video games and youth violence has been ongoing for years, with some studies suggesting a link between the two and others disputing it. Some arguments in favor of a connection include:\n\n* Correlation: Studies have shown that boys who play violent video games tend to have higher levels of aggressive thoughts, feelings, and behaviors.\n* Theory: Social learning theory suggests that exposure to violence in games can lead to a decrease in empathy and an increase in aggressive behavior.\n* Real-life impact: Some researchers have found that exposure to video violence can increase aggressive behavior, including bullying, and decrease prosocial behavior.\n\nHowever, other arguments against a link between violent video games and youth violence include:\n\n* Correlation does not equal causation: Many studies have found that the relationship between violent video games and aggression is not as strong as previously thought, and that other factors, such as personality and environment, play a greater role.\n* Methodological limitations: Studies have been criticized for methodological flaws, such as assumed causation and ignoring confounding variables.\n* Limited generalizability: Most studies have been conducted in controlled environments and may not reflect real-world experiences.\n\nGiven the mixed evidence, it is essential to approach this question with nuance.\n\nThere is no conclusive evidence that violent video games directly contribute to youth violence. While some studies suggest a link, the relationship is complex, and other factors play a significant role."
    },
    "36": {
        "original": "Is golf a sport?",
        "expanded": "Golf is often debated as a sport because it involves physical activity, strategy, and a level of athleticism. While some may argue that it requires precision and coordination, others claim it lacks physical contact and collisions, a typical characteristic of traditional sports. Additionally, golf is played with specialized equipment and is heavily reliant on individual skill and technique.\n\nYes"
    },
    "37": {
        "original": "Is cell phone radiation safe?",
        "expanded": "The safety of cell phone radiation is a topic of ongoing debate and research, with various studies and findings presenting conflicting opinions. The World Health Organization (WHO) and the International Commission on Non-Ionizing Radiation Protection (ICNIRP) have established guidelines for the safe exposure to non-ionizing radiation from cell phones. However, some experts and organizations have expressed concerns about the potential health risks associated with prolonged cell phone use.\n\nThe consensus among major health organizations, including the WHO and ICNIRP, is that the current evidence does not prove that cell phone radiation poses a significant health risk. The WHO states that \"[m]ost recent studies have found no causal link between the use of mobile phones and cancer or other health problems.\" ICNIRP similarly concludes that \"[t]he available scientific evidence provides no evidence of an increased risk of health effects due to exposure to the radiofrequency electromagnetic fields used in mobile phones.\"\n\nHowever, some studies have suggested potentially harmful effects, such as altered DNA, changes in brain activity, and increased risk of brain tumors. Additionally, many researchers advocate for increased transparency and reduced exposure to radiofrequency waves, particularly for children and sensitive populations.\n\nIt is essential for individuals to be cautious when using cell phones and follow precautions, such as:\n\n* Using hands-free kits or earphones to minimize exposure\n* Keeping calls brief and talking on the phone in areas with good signal strength\n* Choosing devices with features like Wi-Fi and Bluetooth off\n* Being aware of surroundings and avoiding placing the phone near the body\n\nIn conclusion, while the scientific evidence does not conclusively prove harm from cell phone radiation, it is crucial to exercise caution and monitor ongoing research to better understand potential risks and adopt effective mitigation strategies."
    },
    "38": {
        "original": "Should marijuana be a medical option?",
        "expanded": "The debate surrounding marijuana as a medical option is rooted in its potential therapeutic benefits, as well as concerns about its illegality and possible risks. On one hand, marijuana contains compounds known as cannabinoids, which research suggests may help alleviate symptoms of various health conditions, such as chronic pain, nausea associated with chemotherapy, and muscle spasms in multiple sclerosis. The idea is that these compounds can be extracted and used in a safe and controlled manner for medicinal purposes. On the other hand, there are fears about the potential negative effects of marijuana use, particularly long-term effects on cognitive function and mental health. Therefore, a careful examination of the evidence is necessary to understand whether marijuana should be used as a medical option.\n\nYes, marijuana should be a medical option."
    },
    "39": {
        "original": "Should the federal minimum wage be increased?",
        "expanded": "The debate surrounding the federal minimum wage has been ongoing for decades, with proponents arguing that an increase would benefit low-income workers and the overall economy, while opponents argue that it would lead to job losses and economic harm. Proponents point out that the federal minimum wage has not kept pace with inflation and that many low-wage workers struggle to make ends meet. An increase in the minimum wage would help alleviate poverty and income inequality, as it would provide a direct benefit to low-wage workers. Additionally, studies have shown that increasing the minimum wage can have positive effects on the economy, such as reduced turnover rates and increased productivity.\n\nOn the other hand, opponents argue that increasing the minimum wage would lead to job losses, as businesses may be forced to cut positions or reduce their workforce in order to compensate for the increased labor costs. They also argue that an increased minimum wage could lead to inflation, as businesses pass on the increased labor costs to consumers.\n\nYes, the federal minimum wage should be increased."
    },
    "40": {
        "original": "Should the death penalty be allowed?",
        "expanded": "The debate surrounding the death penalty is complex and multifaceted, encompassing moral, ethical, legal, and social perspectives. Proponents of the death penalty argue that it serves as a deterrent to serious crimes, particularly murder, and holds individuals accountable for their actions in the most heinous of cases where rehabilitation is impossible. They also point out that it can be a cost-effective alternative to lifetime imprisonment. Conversely, opponents argue that the death penalty is irreversible, risks executing the innocent, disproportionately affects marginalized communities, and is often linked to systemic racial biases. Furthermore, many believe that life imprisonment is a more humane punishment than death.\n\nNo, the death penalty should not be allowed."
    },
    "41": {
        "original": "Should student loan debt be easier to discharge in bankruptcy?",
        "expanded": "Student loan debt has become a significant burden for many individuals, and the current bankruptcy laws can make it difficult for them to discharge this debt. The fact that student loans were taken out to acquire an education, which is typically considered a necessity, distinguishes them from other types of debt, such as credit card debt or personal loans. Additionally, the rising cost of higher education and stagnant wages have made it increasingly challenging for students to repay their loans. Furthermore, the limited debt forgiveness options and penalties for defaulting on student loans can exacerbate the financial strain on individuals, leading to potential long-term consequences for their credit scores and financial stability.\n\nYes, student loan debt should be easier to discharge in bankruptcy."
    },
    "42": {
        "original": "Should fighting be allowed in hockey?",
        "expanded": "Fighting in hockey has been a long-standing controversy, with some arguing that it is a necessary aspect of the game, while others see it as a dangerous and unnecessary aspect of the sport. Proponents of fighting argue that it helps to intimidate opponents, protect teammates, and maintain discipline on the ice. Others argue that it is a form of thuggery, that it increases the risk of injury, and that it undermines the integrity of the game.\n\nNo, fighting should not be allowed in hockey.\n\nIn my opinion, the negative consequences of fighting outweigh its perceived benefits. Fighting is a dangerous and unpredictable aspect of the game that can lead to serious injury, including brain trauma, concussions, and even death. Furthermore, it can lead to a culture of violence and aggression that is at odds with the values of sportsmanship and respect for opponents that are supposed to underpin the game. Additionally, fighting can also lead to game misconduct penalties, suspension, and even expulsion from the league, which can have severe consequences for players.\n\nUltimately, hockey is a sport meant to be played with skill, strategy, and physical conditioning, not with fists and violence. While a certain level of physical contact and body checking is inherent to the game, there is no need for combat or fighting to be a part of it."
    },
    "43": {
        "original": "Should bottled water be banned?",
        "expanded": "The debate around banning bottled water is complex, influenced by factors like environmental impact, health concerns, economic influence, and cultural sensitivities. On one hand, bottled water contributes to plastic waste, which harms ecosystems and wildlife, adds to carbon emissions during transportation, and strains municipal water supplies. On the other hand, bottled water has benefits for those in areas where tap water is contaminated, provides a readily available beverage option, and supports the economy through employment and industry growth. Moreover, some argue that tourism can drive the adoption of glass or refillable water bottles, which could reduce plastic use. However, when weighing these factors, the environmental impact and convenience sometimes favor the ban while considering different contexts where options like access to clean water might argue against it.\n\nNo, bottled water should not be entirely banned; a more nuanced approach that includes regulations, such as taxation on non-recyclable plastic bottles, limits on water bottle sizes, or a shift towards refillable options, could mitigate its environmental impact without entirely eliminating it."
    },
    "44": {
        "original": "Should election day be a national holiday?",
        "expanded": "Election Day is a crucial event in a democracy where citizens exercise their fundamental right to choose their leaders and shape the future of their nation. Ensuring a fair and free election is essential for the health of a democracy. However, the process of voting is often hindered by obstacles such as labor laws, work schedules, and personal commitments, which can affect voter turnout. On the other hand, making Election Day a national holiday would provide an opportunity for citizens to exercise their civic duty without the constraints of daily life. It would also allow for a more informed and engaged citizenry, as people would have more time to learn about the candidates and issues, and participate in related activities.\n\nYes, Election Day should be a national holiday. By giving citizens a day off from work or school, people can focus on the electoral process, engage in voting activities, and exercise their fundamental right to participate in the democratic process. This could lead to higher voter turnout, increased civic engagement, and a more representative government. Additionally, it would allow for a more equal playing field, as people from all walks of life would have an equal opportunity to participate, regardless of their employment or personal situation."
    },
    "45": {
        "original": "Should the penny stay in circulation?",
        "expanded": "The penny, or more specifically the United States one-cent coin, has been a staple in American currency for over two centuries. However, in recent years, there has been an ongoing debate about whether the penny should remain in circulation. Some argue that it is no longer a relevant or necessary denomination in modern society, while others see it as a crucial component of the country's currency system.\n\nOn one hand, the penny has some benefits. For example, it can be seen as a way to stimulate small transactions and encourage charitable donations. Additionally, many vending machines and parking meters still accept pennies, which could be disrupted if the coin were to be discontinued.\n\nOn the other hand, there are some compelling arguments against the penny. One of the most significant is the cost of production. The United States Mint spends around 1.5 cents to produce each penny, which some argue is a waste of taxpayer money. Furthermore, pennies are often treated like trash and are commonly seen as a nuisance by businesses and individuals alike.\n\nConsidering these points, here's my answer:\n\nNo, the penny should not stay in circulation. While it may have some benefits, the drawbacks of producing and handling the penny far outweigh its value. With the rise of digital payments and contactless transactions, the need for cash is decreasing, making the penny less relevant in today's society. The time and resources spent producing, distributing, and disposing of pennies could be better allocated to more meaningful initiatives."
    },
    "46": {
        "original": "Should net neutrality be restored?",
        "expanded": "Net neutrality is a principle that ensures internet service providers (ISPs) treat all online data equally, without blocking, slowing down, or speeding up certain types of traffic. This principle is crucial for a free and open internet, as it allows users to access and share information freely, without interference from ISPs. The benefits of net neutrality include:\n\n* Ensuring equal access to information and ideas\n* Protecting user privacy and security\n* Fostering innovation and entrepreneurship\n* Preventing censorship and ensuring free speech\n* Promoting competition and reducing market manipulation\n\nHowever, in recent years, the concept of net neutrality has faced threats from various stakeholders, including ISPs, telecom companies, and governments. Some argue that net neutrality restricts ISPs' ability to manage their networks and offer new services, while others believe that it hinders innovation and investment in the internet.\n\nYes, net neutrality should be restored."
    },
    "47": {
        "original": "Is homework beneficial?",
        "expanded": "The question of whether homework is beneficial is a contentious issue that has been debated by researchers, educators, and parents for a long time. Some argue that homework helps to reinforce learning, develop study habits, and prepare students for assessments, while others claim that excessive homework can lead to stress, decreased motivation, and a negative attitude towards learning.\n\nStudies have shown that homework can have both positive and negative effects on students, depending on the type and amount of homework, as well as individual student characteristics. Some benefits of homework include:\n\n* Reinforcing learning and cementing knowledge\n* Developing time management and organizational skills\n* Encouraging independent learning and self-discipline\n* Enhancing grades and academic achievement\n* Preparing students for future exams and assessments\n\nHowever, excessive homework can also have negative effects, such as:\n\n* Increasing stress and decreasing motivation\n* Interfering with family time and other activities\n* Limiting creativity and opportunities for exploration\n* Fostering dependency on teachers and disengaged students\n\nResearch suggests that the optimal amount of homework varies depending on a student's age and grade level, with most studies indicating that too much homework for elementary and middle school students can be detrimental to their well-being.\n\nIt's a nuanced and context-dependent issue."
    },
    "48": {
        "original": "Should the voting age be lowered?",
        "expanded": "The decision of whether to lower the voting age is a complex issue that involves considerations of civic engagement, maturity, and democratic participation. Proponents of lowering the voting age argue that young adults are already paying taxes, serving in the military, and making important life decisions, and thus should have a say in their government. They also suggest that involvement in the electoral process at a younger age can foster a sense of engagement and civic responsibility in the next generation. On the other hand, opponents argue that 18-year-olds are not yet fully mature and may lack the cognitive ability to make informed decisions, leading to potential negative consequences such as uninformed voting or exploitation by special interest groups. Additionally, some argue that the current system ensures that only those who are mature and responsible enough to vote are granted the right.\n\nYes, the voting age should be lowered to 16."
    },
    "49": {
        "original": "Should body cameras be mandatory for police?",
        "expanded": "The debate surrounding the use of body cameras for police officers is a contentious issue, with proponents arguing that they promote transparency, accountability, and trust between law enforcement and the community, while opponents argue that they may create liability issues for officers, infringe on their privacy, and may not necessarily improve police conduct. Some argue that body cameras can help to:\n\n* Increase transparency by providing an accurate record of interactions between police and citizens\n* Reduce use-of-force incidents and police misconduct by providing a deterrent effect\n* Increase citizen confidence in the police and the accountability of police actions\n\nHowever, others argue that body cameras may:\n\n* Create new liability issues for police officers, potentially increasing their vulnerability to lawsuits\n* Infringe on the personal and professional privacy of police officers\n* Fail to necessarily decrease police misconduct, as officers may still engage in misconduct even with a camera present\n\nYes, body cameras should be mandatory for police. The benefits of increased transparency, reduced use-of-force incidents, and increased citizen confidence outweigh the potential drawbacks of liability issues and privacy concerns."
    },
    "50": {
        "original": "Should everyone get a universal basic income?",
        "expanded": "The idea of a Universal Basic Income (UBI) has been a topic of ongoing debate among economists, policymakers, and social scientists. Proponents of UBI argue that it would provide a safety net for everyone, allowing people to cover their basic needs and have a degree of financial security. They also argue that UBI would be more effective and efficient than traditional welfare systems, as it would eliminate the need for bureaucratic processes and paperwork. Additionally, UBI could be a means to address poverty, income inequality, and automate job displacement caused by technological advancements.\n\nOn the other hand, critics argue that implementing UBI would be too costly for governments, and might reduce the incentive to work, leading to a decrease in productivity and economic growth. They also worry that UBI would be a disincentive for employers to hire workers, as salaries would go up to cover the cost of the basic income.\n\nConsidering the complexity of the issue and the various perspectives, it's not entirely clear whether everyone should get a universal basic income.\n\nNo"
    }
}