{
    "1": {
        "original": "Should teachers get tenure?",
        "expanded": "The debate surrounding teacher tenure is a contentious one, with opinions sharply divided on whether it is a necessary protection for educators or a hindrance to accountability in the classroom. On one hand, proponents of tenure argue that it provides a necessary safeguard against arbitrary dismissals and allows teachers to feel secure in their positions, enabling them to take risks and innovate in their teaching practices. This, in turn, can lead to better student outcomes and a more engaging learning environment. Furthermore, tenure can help to attract and retain top teaching talent, as it offers a sense of job security and stability that is often lacking in other professions.\n\nOn the other hand, critics of tenure argue that it makes it too difficult to remove underperforming teachers from the classroom, thereby perpetuating a culture of mediocrity and undermining the quality of education. They contend that the process of granting tenure can be overly subjective and politicized, with teachers being awarded tenure based on factors such as seniority rather than merit. Moreover, the difficulty of firing tenured teachers can lead to a lack of accountability, as they may feel insulated from the consequences of their actions.\n\nUltimately, whether or not teachers should get tenure is a complex question that requires a nuanced and balanced approach. While tenure can provide important protections and benefits, it must be balanced against the need for accountability and excellence in teaching. One possible solution is to implement a more rigorous and evidence-based evaluation process for teachers, one that takes into account multiple factors such as student performance, peer review, and parental feedback. By doing so, we can ensure that teachers are held to high standards while also providing them with the security and autonomy they need to thrive in the classroom."
    },
    "2": {
        "original": "Is vaping with e-cigarettes safe?",
        "expanded": "The safety of vaping with e-cigarettes is a topic of ongoing debate and research. While they were initially marketed as a safer alternative to traditional tobacco cigarettes, the truth is that e-cigarettes pose their own set of risks. One major concern is the presence of harmful chemicals in e-liquids, including heavy metals, formaldehyde, and acrolein, which can cause respiratory problems and other health issues when inhaled. Furthermore, many e-liquids contain nicotine, which is highly addictive and can have negative effects on brain development, particularly in youth and young adults.\n\nAnother issue is the risk of e-cigarette or vaping product use-associated lung injury (EVALI), a mysterious and sometimes deadly condition that has been linked to vaping. The exact cause of EVALI is still unknown, but it is believed to be connected to the use of certain e-liquid additives, such as vitamin E acetate. Additionally, the health impacts of secondhand vapor exposure are not yet fully understood, and there may be risks to people around vapers, particularly in enclosed spaces.\n\nIt's also worth noting that the regulation of e-cigarette manufacturing and sales is still in its early stages, which means that the quality and safety of products can vary widely. Some e-cigarettes have been known to overheat or explode, causing injuries and fires. In light of these concerns, it's difficult to conclude that vaping with e-cigarettes is entirely safe. While they may be a better option than traditional cigarettes for some people, they should be approached with caution and used with careful consideration of the potential risks."
    },
    "3": {
        "original": "Should insider trading be allowed?",
        "expanded": "The question of whether insider trading should be allowed is a complex and contentious issue. On one hand, proponents of allowing insider trading argue that it can increase market efficiency by allowing those with access to non-public information to act on it, thereby incorporating that information into market prices more quickly. This, in turn, can lead to more accurate pricing and better allocation of resources. Additionally, some argue that insider trading is a natural consequence of the free market, and that attempts to restrict it are an overreach of government authority.\n\nOn the other hand, opponents of insider trading argue that it is fundamentally unfair and undermines the integrity of the market. When insiders trade on non-public information, they are essentially cheating, using their access to information that is not available to others to make profits at the expense of those who do not have that access. This can lead to a loss of trust in the market and a reluctance to invest, as those who do not have access to insider information may feel that the game is rigged against them. Furthermore, allowing insider trading can create an unequal playing field, where those with access to powerful connections or inside information have an unfair advantage over others.\n\nUltimately, it is the latter argument that carries more weight. Insider trading is a violation of the principle of fairness that underlies the free market. It is not acceptable to allow some individuals to profit at the expense of others simply because of their access to information. Moreover, the potential costs of allowing insider trading, including decreased trust and confidence in the market, outweigh any potential benefits. Therefore, insider trading should not be allowed, and efforts should be made to detect and punish those who engage in it."
    },
    "4": {
        "original": "Should corporal punishment be used in schools?",
        "expanded": "The debate about whether corporal punishment should be used in schools is a longstanding and contentious one. While some argue that it is an effective means of discipline and can help maintain order in the classroom, others contend that it is a harmful and outdated practice that can have serious negative consequences for students.\n\nOn the one hand, proponents of corporal punishment argue that it can be an effective deterrent to bad behavior, particularly in cases where verbal warnings and other forms of discipline are not effective. They also argue that it can help to establish respect for authority and promote a sense of discipline and responsibility among students.\n\nHowever, there are several compelling arguments against the use of corporal punishment in schools. For one, it can cause physical harm and emotional distress to students, which can have long-lasting effects on their well-being and academic performance. Additionally, corporal punishment can disproportionately affect certain groups of students, such as those with disabilities or those from minority backgrounds, which can exacerbate existing inequalities.\n\nMoreover, research has shown that corporal punishment is not an effective means of disciplining students in the long term. It can actually increase misbehavior and lead to more aggressive behavior, as well as create a negative and punitive school climate. Furthermore, it can undermine the relationship between teachers and students, making it more difficult to build trust and create a positive learning environment.\n\nIn contrast, alternative forms of discipline, such as restorative justice and positive behavioral supports, have been shown to be more effective in promoting positive behavior and improving student outcomes. These approaches focus on teaching students skills and values, rather than simply punishing them for misbehaving.\n\nIn conclusion, while the debate about corporal punishment in schools is complex and multifaceted, the weight of evidence suggests that it is not an effective or appropriate means of discipline. Instead, schools should focus on promoting positive behavior and creating a safe and supportive learning environment, using alternative approaches that prioritize student well-being and respect."
    },
    "5": {
        "original": "Should social security be privatized?",
        "expanded": "The question of whether social security should be privatized is a contentious issue that has sparked intense debate among policymakers, economists, and the general public. Proponents of privatization argue that it would increase efficiency, encourage personal responsibility, and provide individuals with more control over their retirement savings. Under a privatized system, workers would be allowed to invest their social security contributions in individual accounts, which would earn interest and potentially yield higher returns than the current pay-as-you-go system. This, in turn, could lead to higher retirement benefits and a more sustainable program.\n\nOn the other hand, opponents of privatization contend that it would exacerbate income inequality, increase the risk of poverty among vulnerable populations, and undermine the social safety net that social security provides. They argue that the current system, despite its flaws, has been effective in reducing poverty among seniors and providing a guaranteed income stream. Furthermore, privatization would require a significant transition period, during which the government would need to honor existing commitments to current beneficiaries, adding trillions of dollars to the national debt.\n\nMoreover, the experience of other countries that have implemented privatization, such as Chile and the United Kingdom, has been mixed, with some individuals facing reduced benefits and increased costs. In light of these concerns, it is crucial to carefully weigh the potential benefits and risks of privatization before making any drastic changes to the social security system. A more viable solution may be to implement reforms that improve the program's solvency, such as increasing the payroll tax cap, gradually raising the retirement age, or means-testing benefits, while preserving the core principles of social security."
    },
    "6": {
        "original": "Is a college education worth it?",
        "expanded": "The age-old debate about whether a college education is worth the investment continues to simmer. On one hand, the cost of attending college has skyrocketed in recent years, leaving many students and their families with significant debt burdens. Furthermore, the job market has become increasingly competitive, and some argue that a college degree no longer guarantees a successful career. On the other hand, studies have consistently shown that individuals with a college education tend to earn significantly higher salaries, have better job security, and enjoy improved career prospects compared to those without a degree. Additionally, a college education provides valuable skills such as critical thinking, problem-solving, and communication, which are highly prized by employers across various industries. Perhaps most importantly, a college education can open doors to new opportunities, foster a sense of personal growth, and provide a foundation for lifelong learning. While the financial costs of attending college should not be minimized, the benefits of a college education far outweigh the drawbacks for most individuals. Ultimately, a college education remains a valuable and worthwhile investment in one's future."
    },
    "7": {
        "original": "Should felons who have completed their sentence be allowed to vote?",
        "expanded": "Restoring voting rights to felons who have completed their sentence is a matter of fundamental fairness and a crucial step towards rehabilitation and reintegration into society. Once an individual has served their time and paid their debt to society, they should be able to exercise their democratic right to vote, just like any other citizen. Denying them this right is a form of perpetual punishment that serves no purpose other than to further marginalize and stigmatize those who have made mistakes. By allowing felons to vote, we recognize their humanity and acknowledge that they are capable of change and growth.\n\nMoreover, the act of voting is a vital component of civic engagement and participation in the democratic process. By denying felons the right to vote, we are not only disenfranchising individuals but also undermining the health of our democracy. In a society that prides itself on its commitment to justice and equality, it is essential that we provide opportunities for redemption and forgiveness, rather than perpetuating policies that exclude and discriminate.\n\nUltimately, the ability to vote is a fundamental right that should be protected and extended to all citizens, regardless of their past mistakes. By restoring voting rights to felons who have completed their sentence, we can work towards a more just and inclusive society that values the humanity and dignity of all individuals."
    },
    "8": {
        "original": "Should abortion be legal?",
        "expanded": "The debate surrounding the legality of abortion is a contentious and deeply personal issue, with valid arguments on both sides. However, when considering the complex moral, ethical, and practical implications, it becomes clear that abortion should be legal.\n\nFirst and foremost, a woman's autonomy over her own body and reproductive choices is a fundamental human right. The ability to make decisions about her own health, well-being, and future should not be dictated by the state or external authorities. By legalizing abortion, women are empowered to take control of their own lives, making choices that are best for themselves and their families.\n\nFurthermore, restricting access to safe and legal abortions does not eliminate the practice, but rather drives it underground. This can lead to dangerous and often deadly consequences, as women may be forced to resort to unsafe and illegal abortions. Legalizing abortion ensures that women have access to safe and regulated medical care, reducing the risk of maternal mortality and morbidity.\n\nAdditionally, legal abortion can have a positive impact on society as a whole. By reducing the number of unwanted pregnancies and births, the strain on social services and resources is alleviated, and the cycle of poverty can be broken. Legal abortion also acknowledges the reality of unintended pregnancies and provides a necessary safety net for women who may find themselves in crisis situations.\n\nUltimately, the decision to have an abortion is a complex and deeply personal one, influenced by a multitude of factors. By legalizing abortion, we acknowledge the autonomy and dignity of women, while also promoting a safer, more compassionate, and more equitable society."
    },
    "9": {
        "original": "Should students have to wear school uniforms?",
        "expanded": "The debate surrounding school uniforms has been ongoing for years, with proponents arguing that they promote a sense of community and professionalism, while detractors claim that they stifle individuality and creativity. In my opinion, students should have to wear school uniforms for several compelling reasons. Firstly, uniforms eliminate the pressure to wear trendy or expensive clothing, which can be a significant burden for students from low-income backgrounds. By wearing the same attire, students from different socio-economic backgrounds are on an equal footing, promoting a sense of inclusivity and reducing social conflicts. Additionally, uniforms help to minimize distractions and disruptions in the classroom, allowing students to focus on their academic pursuits rather than their peers' fashion choices. Moreover, uniforms instill discipline and responsibility, teaching students the importance of adhering to rules and respecting authority figures. Finally, uniforms can help to improve student safety by making it easier to identify non-students on school premises. While some argue that uniforms restrict personal expression, most schools offer some flexibility in terms of accessories or personal items that can be worn, allowing students to still express their individuality within reason. Overall, the benefits of school uniforms far outweigh the drawbacks, and I firmly believe that they should be a requirement for all students."
    },
    "10": {
        "original": "Should any vaccines be required for children?",
        "expanded": "While the decision to vaccinate one's children is a personal choice, it is essential to consider the greater good of public health and safety. In this regard, requiring certain vaccines for children is a necessary measure to protect not only the individual child but also the community at large. \n\nVaccines have been instrumental in eliminating or significantly reducing the incidence of debilitating and potentially life-threatening diseases such as smallpox, polio, and measles. By ensuring that a significant majority of the population is immunized, vaccines create herd immunity, which is particularly crucial for individuals who cannot receive vaccines due to medical conditions, such as immunocompromised children and the elderly. \n\nRequiring vaccines for children also has economic benefits, as it reduces the financial burden on families and the healthcare system associated with treating vaccine-preventable diseases. Furthermore, it also helps prevent the closure of schools, businesses, and other institutions during outbreaks, thereby minimizing disruptions to social and economic life.\n\nMost importantly, vaccines have undergone rigorous testing and have been proven to be safe and effective. While some may raise concerns about potential side effects, the overwhelming scientific consensus is that vaccines are a crucial tool in preventing the spread of infectious diseases. \n\nIn conclusion, requiring certain vaccines for children is a necessary step to protect public health, prevent the spread of preventable diseases, and promote the well-being of the community."
    },
    "11": {
        "original": "Should performance-enhancing drugs be accepted in sports?",
        "expanded": "The debate over whether performance-enhancing drugs should be accepted in sports has been ongoing for years, with proponents arguing that it levels the playing field and allows athletes to reach their full potential, while critics contend that it undermines the integrity of the game and creates health risks for participants. While some argue that strict drug testing and regulation can mitigate the negative consequences, the fact remains that the use of performance-enhancing drugs permits athletes to unfairly gain an advantage over their competitors, creating an uneven playing field. \n\nMoreover, the use of these drugs can have serious health consequences, including cardiovascular problems, liver damage, and addiction. Furthermore, accepting performance-enhancing drugs in sports would create a culture of doping, where athletes feel pressured to use drugs to stay competitive, potentially leading to a loss of faith in the legitimacy of sports. \n\nInstead, it is essential to maintain the current stance of prohibiting performance-enhancing drugs in sports, focusing on promoting a culture of fair play, sportsmanship, and athlete welfare. This will ensure that athletes are competing on a level playing field, and their achievements are a testament to their hard work, dedication, and natural ability, rather than a result of artificial enhancements. Ultimately, the integrity of sports and the well-being of athletes demand that performance-enhancing drugs remain banned from the world of competitive sports."
    },
    "12": {
        "original": "Should birth control pills be available over the counter?",
        "expanded": "The debate surrounding the availability of birth control pills over the counter (OTC) has sparked intense discussion among healthcare professionals, policymakers, and women's rights advocates. Proponents of OTC birth control pills argue that making them easily accessible would reduce unintended pregnancies, improve reproductive health, and empower women to take control of their reproductive lives. On the other hand, opponents contend that birth control pills require careful medical supervision due to potential health risks, medication interactions, and side effects, which could be compromised if they become readily available without a prescription.\n\nDespite these concerns, many experts argue that the benefits of OTC birth control pills outweigh the drawbacks. For instance, studies have shown that women are highly capable of self-diagnosing and self-managing their reproductive health. In fact, many countries, including Mexico, India, and several European nations, already allow women to purchase birth control pills OTC without significant negative consequences. Additionally, a study published in the Journal of the American Medical Association found that OTC access to birth control pills did not increase the risk of side effects or adverse events.\n\nMoreover, making birth control pills OTC could have a significant impact on public health. According to the Centers for Disease Control and Prevention, nearly half of all pregnancies in the United States are unintended, and lack of access to contraception is a major contributor to this problem. By providing OTC access to birth control pills, women who may face barriers to healthcare, such as rural or low-income women, could have a safer and more reliable means of preventing pregnancy.\n\nUltimately, the key to ensuring safe and responsible use of OTC birth control pills lies in proper education and labeling. Pharmacies could provide comprehensive instructions and warnings, and manufacturers could develop packaging that clearly outlines potential risks and side effects. With appropriate safeguards in place, making birth control pills available OTC could be a vital step towards improving women's reproductive health and autonomy."
    },
    "13": {
        "original": "Can alternative energy effectively replace fossil fuels?",
        "expanded": "The prospect of alternative energy replacing fossil fuels is a promising and necessary pursuit. As the world grapples with the challenges of climate change, air pollution, and depleting natural resources, exploring viable alternatives to fossil fuels has become an imperative. Fortunately, alternative energy sources such as solar, wind, hydro, geothermal, and biomass have made significant strides in recent years, offering a ray of hope in our quest for a more sustainable future.\n\nOne of the primary advantages of alternative energy is its potential to reduce greenhouse gas emissions and mitigate the impact of climate change. Unlike fossil fuels, which emit harmful pollutants and carbon dioxide, alternative energy sources are generally clean and environmentally friendly. Moreover, many alternative energy sources are renewable, meaning they can be replenished naturally and are virtually unlimited in supply. This stands in stark contrast to fossil fuels, which are finite and will eventually run out.\n\nWhile there are still challenges to overcome, alternative energy has made tremendous progress in terms of cost and efficiency. The cost of solar panels and wind turbines, for instance, has plummeted in recent years, making them more competitive with fossil fuels. Moreover, advancements in energy storage technology have helped to alleviate concerns about intermittency, allowing alternative energy sources to provide a reliable and consistent supply of power.\n\nOf course, there are still significant hurdles to overcome before alternative energy can fully replace fossil fuels. Infrastructure needs to be developed and scaled up, and policy frameworks need to be put in place to support the transition. Nevertheless, the trend is clear: alternative energy is becoming increasingly viable and cost-effective, and it has the potential to play a dominant role in the global energy mix.\n\nIn conclusion, alternative energy can effectively replace fossil fuels, and it is imperative that we continue to invest in and develop these sources to ensure a sustainable and environmentally conscious future. By doing so, we can reduce our reliance on finite resources, mitigate the impact of climate change, and create a healthier planet for generations to come."
    },
    "14": {
        "original": "Is sexual orientation determined at birth?",
        "expanded": "The question of whether sexual orientation is determined at birth is a complex and debated topic among scientists, researchers, and the LGBTQ+ community. While there is no consensus on a single factor that determines sexual orientation, research suggests that it is shaped by a combination of genetic, hormonal, and environmental influences.\n\nStudies have found that sexual orientation is likely to have a biological component, with genes playing a significant role. For example, twin and family studies have shown that there is a higher concordance of sexual orientation among identical twins than fraternal twins, suggesting a possible genetic link. Additionally, certain genetic markers have been associated with sexual orientation, although the relationship is not yet fully understood.\n\nHormonal factors, particularly prenatal exposure to androgens and estrogens, have also been implicated in shaping sexual orientation. Research has shown that exposure to these hormones during critical periods of fetal development can influence the formation of sexual orientation. However, it is essential to note that the relationship between hormones and sexual orientation is complex and not fully understood.\n\nEnvironmental and social factors, such as upbringing, cultural norms, and personal experiences, also play a role in shaping an individual's sexual orientation. It is crucial to recognize that sexual orientation is a complex trait that is influenced by a multitude of factors, and it is unlikely that there is a single \" gay gene\" or a single determining factor.\n\nIn conclusion, while there is evidence to suggest that sexual orientation may have a biological component, it is not accurately stated that sexual orientation is solely determined at birth. Instead, it is likely that sexual orientation is shaped by a dynamic interplay of genetic, hormonal, and environmental factors that interact and influence an individual's development over time."
    },
    "15": {
        "original": "Should animals be used for scientific or commercial testing?",
        "expanded": "The use of animals for scientific or commercial testing is a highly debated topic, with valid arguments on both sides. On one hand, animal testing has contributed significantly to various medical breakthroughs and advancements in fields such as medicine, cosmetics, and pharmaceuticals. For instance, animal testing has helped develop life-saving vaccines, treatments for diseases, and even cosmetic products that are safe for human use. Additionally, testing on animals allows scientists to observe and understand the effects of certain substances on living organisms, which can be crucial in predicting potential risks to humans.\n\nOn the other hand, animal testing raises serious ethical concerns. Millions of animals, including primates, dogs, and rodents, are subjected to painful and distressing experiments every year, often without adequate anesthesia or care. Many of these animals suffer from psychological trauma, physical harm, and even death as a result of testing. Furthermore, with the advancement of technology, alternative methods such as in vitro testing, computer simulations, and human clinical trials can provide equally reliable results without causing harm to animals.\n\nIn light of these arguments, it is essential to adopt a balanced approach. While animal testing may be necessary in certain circumstances, it should be strictly regulated and only used as a last resort. The scientific community must prioritize exploring alternative methods and working towards reducing, refining, and replacing animal testing wherever possible. Ultimately, the use of animals for scientific or commercial testing must be weighed against the moral obligation to protect and respect the welfare of animals. By adopting a compassionate and evidence-based approach, we can ensure that scientific progress is made without compromising our values and principles."
    },
    "16": {
        "original": "Should prescription drugs be advertised directly to consumers?",
        "expanded": "The debate about direct-to-consumer (DTC) advertising of prescription drugs has been ongoing for years, with advocates on both sides presenting strong arguments. On one hand, proponents of DTC advertising argue that it educates patients about available treatment options, increases awareness about specific health conditions, and empowers them to take a more active role in their healthcare. By allowing pharmaceutical companies to directly market their products to consumers, DTC advertising can help bridge the information gap between patients and healthcare providers, ultimately leading to better health outcomes.\n\nOn the other hand, critics argue that DTC advertising can be misleading, persuading patients to request drugs they may not need, and driving up healthcare costs. They claim that pharmaceutical companies prioritize profits over patient well-being, and that the ads often fail to provide a balanced view of the drug's risks and benefits. Furthermore, some argue that DTC advertising can create unrealistic expectations and pressure doctors to prescribe unnecessary medications, undermining their professional judgment.\n\nWhile DTC advertising can be beneficial in certain contexts, it is crucial to implement stricter regulations to ensure that ads are accurate, transparent, and balanced. The Food and Drug Administration (FDA) should closely monitor and regulate DTC advertising to prevent misleading claims and ensure that patients receive reliable information. Ultimately, the benefits of DTC advertising can be realized only if it is done responsibly and with the patient's best interests in mind. By finding a balance between promoting awareness and protecting consumers, we can harness the potential of DTC advertising to improve healthcare outcomes while minimizing its risks."
    },
    "17": {
        "original": "Should recreational marijuana be legal?",
        "expanded": "The debate surrounding the legalization of recreational marijuana has been ongoing for decades, with valid arguments both for and against it. While some argue that legalizing recreational marijuana would lead to increased drug use and related social problems, others believe it could generate significant revenue, reduce crime, and promote personal freedom. \n\nOn the one hand, legalizing recreational marijuana could lead to increased drug use, particularly among minors, and potentially negatively impact mental and physical health. Opponents of legalization also argue that it would send the wrong message to children and contribute to a culture of drug use. Furthermore, there are concerns about the potential for marijuana-impaired driving and workplace accidents.\n\nOn the other hand, legalizing recreational marijuana could have significant economic benefits. In states where it is already legal, such as Colorado and Oregon, it has generated hundreds of millions of dollars in tax revenue, which can be used to fund important public programs. Additionally, legalizing marijuana could lead to a reduction in crime, as illegal drug cartels would no longer be involved in its production and distribution. Furthermore, many argue that legalizing marijuana is a matter of personal freedom, allowing adults to make their own choices about their recreational activities.\n\nUltimately, whether or not recreational marijuana should be legal is a complex issue that requires careful consideration of the potential benefits and drawbacks. While there are valid concerns about the potential negative impacts, the potential economic and social benefits of legalization make a strong case for reconsidering the current laws surrounding recreational marijuana use."
    },
    "18": {
        "original": "Should churches remain tax-exempt?",
        "expanded": "The question of whether churches should remain tax-exempt is a contentious one, with valid arguments on both sides. On the one hand, tax exemption allows religious organizations to dedicate more resources to their core mission of serving their communities, promoting spiritual growth, and providing social services. Many churches use their tax-exempt status to support vital programs, such as food banks, homeless shelters, and youth education initiatives. Without the burden of taxes, these organizations can allocate more funds towards these endeavors, ultimately benefiting society as a whole.\n\nOn the other hand, some argue that tax exemption constitutes an unfair subsidy, as churches are not required to contribute to the public coffers like other organizations. This reasoning suggests that churches should be treated like any other business, subject to taxation and regulation. Moreover, the lack of taxation can lead to a lack of accountability, as churches are not required to disclose their financial information or undergo rigorous audits.\n\nHowever, it is essential to recognize that churches are not solely religious entities; they often serve as community hubs, providing essential services that the government might not be able to replicate. By maintaining their tax-exempt status, churches can continue to play a vital role in supporting the most vulnerable members of society. Ultimately, a nuanced approach is necessary, where churches are held accountable for their finances and activities while still being allowed to focus on their core mission of serving the greater good.\n\nIn conclusion, while there are valid concerns about the implications of tax exemption, the benefits of allowing churches to maintain their tax-exempt status outweigh the drawbacks. By doing so, we can ensure that these organizations continue to thrive and provide crucial services to their communities, ultimately contributing to the betterment of society as a whole."
    },
    "19": {
        "original": "Should gay marriage be legal?",
        "expanded": "The debate about whether gay marriage should be legal has been ongoing for decades, with opinions sharply divided on both sides. However, as we consider this question, it is essential to recognize that love knows no boundaries, and every individual deserves the right to express their love and commitment to their partner freely. Legalizing gay marriage would not only bring joy and fulfillment to countless same-sex couples but also promote equality, fairness, and human dignity.\n\nCurrently, many countries, including the United States, have already legalized gay marriage, and it has not led to any detrimental consequences. In fact, it has strengthened families, promoted stability, and contributed to a more inclusive society. The legalization of gay marriage would also provide same-sex couples with the same legal rights and benefits as heterosexual couples, including inheritance, taxation, and healthcare benefits.\n\nMoreover, denying same-sex couples the right to marry is a form of discrimination, which goes against the fundamental principles of human rights and democracy. The Universal Declaration of Human Rights states that \"all human beings are born free and equal in dignity and rights.\" It is our collective responsibility to ensure that every individual, regardless of their sexual orientation, is treated with dignity and respect.\n\nIn conclusion, gay marriage should be legal because it promotes love, equality, and human dignity. It is time for us to recognize that love is love, regardless of gender, and that every individual deserves the right to marry the person they love without fear of discrimination or persecution."
    },
    "20": {
        "original": "Is drinking milk healthy for humans?",
        "expanded": "Drinking milk can be a healthy choice for humans, but it depends on various factors such as age, lactose tolerance, and nutritional needs. Milk is an excellent source of calcium, vitamin D, and protein, which are essential for building strong bones and teeth, as well as supporting muscle function. Additionally, milk contains other nutrients like potassium, magnesium, and vitamins B2 and B12. \n\nConsuming milk has been linked to several health benefits, including improved bone density, reduced risk of osteoporosis, and lower blood pressure. It can also aid in weight management, as it helps to increase satiety and boost metabolism. \n\nHowever, not everyone can digest milk properly. People who are lactose intolerant or have dairy allergies may experience adverse reactions such as bloating, gas, and diarrhea after consuming milk. Furthermore, some milk products like whole milk and flavored yogurts can be high in saturated fat, added sugars, and calories, which can be detrimental to health if consumed in excess. \n\nTo reap the benefits of milk while minimizing the potential drawbacks, it is recommended to opt for low-fat or fat-free versions, choose unflavored or unsweetened products, and be mindful of individual tolerance to lactose. Overall, drinking milk in moderation can be a healthy addition to a balanced diet, but it is crucial to consider individual needs and circumstances."
    },
    "21": {
        "original": "Is human activity primarily responsible for global climate change?",
        "expanded": "The majority of scientists agree that human activity is the primary driver of global climate change. The overwhelming consensus is based on decades of research and evidence from multiple lines of inquiry. The main culprit behind human-induced climate change is the increasing levels of greenhouse gases, such as carbon dioxide and methane, in the Earth's atmosphere. These gases trap heat from the sun, leading to rising global temperatures. The primary source of these emissions is the burning of fossil fuels, such as coal, oil, and gas, which are used to power industries, transportation, and homes.\n\nDeforestation and land-use changes, such as the clearing of land for agriculture, are also significant contributors to greenhouse gas emissions. Additionally, the production of meat, especially beef, and other animal products lead to significant emissions of methane and nitrous oxide, two potent greenhouse gases. The evidence of human activities driving climate change is further supported by the timing and pattern of temperature increases, which coincide with the rapid growth of industrial activities and population since the mid-20th century.\n\nWhile natural climate variability still exists, the current rate and magnitude of climate change cannot be explained by natural factors alone. Multiple studies have demonstrated that the observed warming trend is largely driven by human activities, and that natural factors, such as volcanic eruptions and changes in solar radiation, have had a minimal impact on global temperatures in recent decades. The scientific consensus is clear: human activity is primarily responsible for global climate change, and immediate action is necessary to reduce greenhouse gas emissions and mitigate its worst impacts."
    },
    "22": {
        "original": "Is a two-state solution an acceptable solution to the Israeli-Palestinian conflict?",
        "expanded": "The two-state solution, which proposes the establishment of an independent Palestinian state alongside the State of Israel, has long been considered the most viable approach to resolving the Israeli-Palestinian conflict. The idea has gained widespread international support, with the United Nations, European Union, and Arab League all endorsing the concept. Proponents of the two-state solution argue that it would bring an end to the occupation, allow Palestinians to exercise their right to self-determination, and provide Israel with long-term security and recognition. Moreover, a two-state solution would seemingly address the demographical concerns of both sides, as Palestinians would have control over their own territory and Israel would maintain its Jewish majority.\n\nHowever, the feasibility and acceptability of the two-state solution have been increasingly called into question in recent years. Critics point to the continued expansion of Israeli settlements in the West Bank, which has made the creation of a contiguous Palestinian state virtually impossible. The fragmentation of Palestinian territory, coupled with Israel's control over borders, airspace, and natural resources, raises doubts about the viability of a genuinely sovereign Palestinian state. Furthermore, the status of Jerusalem, considered a holy city by both Israelis and Palestinians, remains a major point of contention. The rise of Israeli nationalism and the decline of the Palestinian political leadership have also contributed to a sense of hopelessness and mistrust, making it challenging to envision a scenario in which both sides could engage in meaningful negotiations.\n\nUltimately, while the two-state solution remains the most widely accepted framework for resolving the Israeli-Palestinian conflict, its acceptability is increasingly tied to the ability of both parties to make tangible concessions and compromises. The international community must continue to pressure Israel to halt settlement expansion and recognize Palestinian statehood, while also encouraging Palestinian leaders to work towards unity and reconciliation. Without a concerted effort to revitalize the peace process, the two-state solution risks becoming an unattainable illusion, leaving only more conflict and instability in its wake."
    },
    "23": {
        "original": "Should euthanasia or physician-assisted suicide be legal?",
        "expanded": "The debate surrounding the legalization of euthanasia or physician-assisted suicide is a complex and contentious issue. On one hand, proponents argue that individuals have the right to autonomy over their own bodies and lives, and that in cases of incurable illness, unbearable suffering, or terminal disease, they should be able to choose a dignified and peaceful death. They contend that legalizing euthanasia or physician-assisted suicide would allow patients to avoid unnecessary pain and suffering, and would enable them to die with dignity and respect.\n\nOn the other hand, opponents argue that legalizing euthanasia or physician-assisted suicide would undermine the sanctity of human life and would lead to a slippery slope, where vulnerable individuals, such as the elderly and disabled, might be coerced or pressured into ending their lives. They also argue that palliative care and hospice services can provide adequate relief from suffering, making euthanasia or physician-assisted suicide unnecessary.\n\nUltimately, whether euthanasia or physician-assisted suicide should be legal is a decision that requires careful consideration of the ethical, moral, and legal implications. While there are valid arguments on both sides, it is crucial to prioritize the well-being and dignity of individuals, while also ensuring that any legislation is carefully crafted to protect vulnerable populations and prevent abuse. A nuanced and balanced approach, which takes into account the complexities of this issue, is essential to creating a just and compassionate society."
    },
    "24": {
        "original": "Does lowering the federal corporate income tax rate create jobs?",
        "expanded": "The relationship between the federal corporate income tax rate and job creation is complex and widely debated among economists. While some argue that a lower corporate tax rate can lead to increased job creation, others claim that it has little to no impact. \n\nOn one hand, a lower corporate tax rate can increase the after-tax profit of companies, which can incentivize them to invest in new projects, expand their businesses, and hire more workers. This is because a lower tax burden means that companies have more resources available to invest in areas that drive growth, such as research and development, marketing, and workforce expansion. In theory, this increased investment can lead to job creation, as companies need more employees to support their growing operations. \n\nOn the other hand, the actual impact of a lower corporate tax rate on job creation is often overstated. Many companies may use their tax savings to increase dividends, repurchase shares, or simply hold onto their excess cash rather than investing in new projects or hiring more workers. Moreover, the effects of tax cuts on job creation are often offset by other economic factors, such as consumer demand, technological advancements, and global competition. In reality, companies are more likely to invest in automation and efficiency improvements to reduce costs rather than hiring more employees. \n\nEmpirical evidence suggests that the relationship between corporate tax rates and job creation is weak. Studies have shown that countries with lower corporate tax rates do not necessarily experience higher levels of job growth or economic growth compared to those with higher tax rates. Additionally, the 2017 Tax Cuts and Jobs Act in the United States, which lowered the federal corporate income tax rate from 35% to 21%, has not led to a significant increase in job creation or economic growth. \n\nIn conclusion, while a lower federal corporate income tax rate may have some positive effects on job creation, the impact is likely to be limited and dependent on various other economic factors. It is essential to consider a broader range of policies, including investments in education, infrastructure, and social safety nets, to drive meaningful job creation and economic growth."
    },
    "26": {
        "original": "Do standardized tests improve education?",
        "expanded": "The debate about whether standardized tests improve education has been ongoing for decades. Proponents of standardized testing argue that these tests provide an objective measure of student learning, holding schools and teachers accountable for providing a quality education. They claim that standardized tests motivate students to work harder and strive for excellence, thereby improving educational outcomes. Moreover, standardized tests can help identify areas where students may need extra support, allowing educators to tailor their instruction to meet individual needs.\n\nOn the other hand, critics argue that standardized tests have a number of negative consequences that can actually undermine education. For instance, the high-stakes nature of these tests can lead to teaching to the test, where instructors focus on preparing students for the test rather than providing a well-rounded education. This can result in a narrow curriculum that neglects important subjects like art, music, and physical education. Furthermore, standardized tests can be culturally biased, penalizing students from diverse backgrounds who may not have had equal access to educational resources. Additionally, the stress and anxiety associated with these tests can have a negative impact on student well-being and motivation.\n\nIn reality, the impact of standardized tests on education is complex and multifaceted. While they can provide some benefits, such as fostering accountability and identifying areas for improvement, they can also have unintended consequences that hinder educational progress. To strike a balance, educators and policymakers must carefully consider the role of standardized tests in education, ensuring that they are used in a way that supports, rather than undermines, student learning and well-being."
    },
    "27": {
        "original": "Should more gun control laws be enacted?",
        "expanded": "The debate surrounding gun control laws has been a contentious issue in the United States for decades. Proponents of stricter gun control laws argue that the ease with which firearms can be obtained contributes to the country's high rates of gun violence, including mass shootings, homicides, and suicides. They point to countries with more restrictive gun laws, such as Australia and the UK, which have seen significant declines in gun-related deaths following the implementation of stricter regulations. In contrast, the US has one of the highest rates of gun ownership and gun violence in the developed world.\n\nOn the other hand, opponents of increased gun control laws argue that such measures infringe upon their Second Amendment rights and would be ineffective in preventing gun violence, as criminals would still find ways to obtain weapons illegally. They also argue that law-abiding citizens have the right to defend themselves and their families.\n\nHowever, in light of the devastating consequences of gun violence, it is imperative to re-examine the nation's gun laws. While the Second Amendment guarantees the right to bear arms, it is not an absolute right and must be balanced against the need to protect public safety. Implementing universal background checks, banning high-capacity magazines and assault weapons, and increasing funding for mental health services could help to reduce the prevalence of gun violence.\n\nUltimately, the solution lies in finding a balance between protecting citizens' rights and ensuring their safety. By enacting sensible gun control laws, the US can reduce the scourge of gun violence and create a safer and more secure society for all."
    },
    "28": {
        "original": "Should prostitution be legal?",
        "expanded": "The debate surrounding the legalization of prostitution is a contentious and complex issue, with valid arguments both for and against it. On one hand, proponents of legalization argue that it would improve the safety and working conditions of sex workers, reduce sex trafficking, and generate significant tax revenue for governments. Legalizing prostitution would also recognize the agency and autonomy of sex workers, allowing them to access essential services such as healthcare and social security. Additionally, it would likely reduce the number of sex workers being exploited and abused by criminal organizations.\n\nOn the other hand, opponents of legalization argue that prostitution is inherently exploitative and dehumanizing, and that legalizing it would condone and normalize the objectification of women and marginalized individuals. They also argue that it would lead to an increase in human trafficking and the commercialization of sex, perpetuating harmful societal attitudes towards women and gender roles.\n\nUltimately, the decision to legalize prostitution is a complex ethical and moral dilemma that requires careful consideration of the potential consequences. While legalization may improve the lives of some sex workers, it is crucial to prioritize the protection and empowerment of marginalized individuals, and to address the underlying social and economic factors that drive people to engage in prostitution in the first place. By adopting a nuanced and evidence-based approach, governments can work towards creating a safer, more equitable, and respectful society for all individuals involved."
    },
    "29": {
        "original": "Should the government allow illegal immigrants to become citizens?",
        "expanded": "The debate about whether the government should allow illegal immigrants to become citizens is a complex and contentious issue. On one hand, allowing illegal immigrants to become citizens could have numerous benefits for the economy and society as a whole. Many illegal immigrants are already integrated into their communities, paying taxes, working, and contributing to the economy in various ways. By providing a pathway to citizenship, the government can ensure that these individuals are able to fully participate in the democratic process, access essential services, and reach their full potential. Moreover, granting citizenship to illegal immigrants could also help to reduce the underground economy, increase tax revenue, and reduce the burden on social services.\n\nOn the other hand, some argue that allowing illegal immigrants to become citizens would be unfair to those who have followed the legal process to enter the country. Additionally, they argue that it could also create a magnet effect, encouraging more people to attempt to enter the country illegally in the hopes of gaining citizenship. However, it is worth noting that many illegal immigrants did not intentionally enter the country illegally, but rather were brought as children, or fled war, persecution, or natural disasters.\n\nUltimately, the decision to allow illegal immigrants to become citizens should be based on a comprehensive and nuanced approach that takes into account the complexities of the issue. This could involve creating a pathway to citizenship for certain individuals, such as those who have been in the country for a certain amount of time, have no criminal record, and are willing to pay fines and back taxes. By addressing the root causes of illegal immigration, such as poverty and violence in sending countries, and providing a fair and efficient legal immigration process, the government can create a more just and equitable system for all."
    },
    "30": {
        "original": "Should adults have the right to carry a concealed handgun?",
        "expanded": "The debate about whether adults should have the right to carry a concealed handgun is a contentious issue that has sparked intense discussion among lawmakers, gun rights advocates, and citizens alike. On one hand, proponents of concealed carry argue that it is a fundamental right guaranteed by the Second Amendment, and that responsible gun ownership can deter crime and enhance personal safety. They point to studies suggesting that states with permissive concealed carry laws have lower rates of violent crime, and that law-abiding citizens who carry concealed weapons are often able to defend themselves and others in life-threatening situations.\n\nOn the other hand, opponents of concealed carry contend that the risks associated with widespread handgun ownership outweigh any potential benefits. They argue that concealed carry increases the likelihood of accidental shootings, escalates conflicts, and puts law enforcement officers at greater risk. Moreover, they claim that the ease with which concealed weapons can be obtained often translates into increased availability for criminals, youths, and individuals with a history of violence or mental illness.\n\nWhile both perspectives have merit, it is essential to strike a balance between individual rights and public safety concerns. One potential solution is to implement rigorous background checks, training requirements, and permitting processes to ensure that only responsible and qualified individuals are granted the right to carry concealed handguns. Ultimately, the decision to allow adults to carry concealed weapons should be guided by careful consideration of the evidence, nuanced policymaking, and a commitment to prioritizing the safety and well-being of all citizens."
    },
    "31": {
        "original": "Is obesity a disease?",
        "expanded": "The question of whether obesity is a disease has sparked intense debate among medical professionals, policymakers, and the general public. While some argue that obesity is a lifestyle choice rather than a disease, the overwhelming consensus among the scientific community is that obesity indeed meets the criteria of a disease. In 2013, the American Medical Association (AMA) officially recognized obesity as a disease, citing its complex etiology, multi-systemic consequences, and the need for evidence-based treatment and management strategies. Obesity is characterized by abnormal or excessive fat accumulation that impairs health, and it is often associated with numerous comorbidities, such as type 2 diabetes, cardiovascular disease, and certain types of cancer. Moreover, obesity has a strong genetic component, and environmental and socioeconomic factors can also contribute to its development and progression. As with other diseases, obesity requires a comprehensive approach to prevention, diagnosis, and treatment, involving not only individual behavior change but also policy and environmental interventions. In conclusion, the scientific evidence and expert consensus overwhelmingly support the classification of obesity as a disease, underscoring the need for a compassionate, non-stigmatizing, and evidence-based response to this major public health challenge."
    },
    "32": {
        "original": "Do electronic voting machines improve the voting process?",
        "expanded": "Electronic voting machines have been widely adopted in many countries as a means to improve the voting process. Proponents of electronic voting argue that these machines can increase the speed and accuracy of vote counting, reduce the likelihood of human error, and provide a more efficient way to cast votes. With electronic voting machines, voters can quickly and easily select their preferred candidates, and the machines can instantly record and tally the votes. This can help to reduce the time it takes to count votes, allowing election results to be announced more quickly. Additionally, electronic voting machines can provide a paper trail, which can help to ensure the integrity of the electoral process and provide a means to audit the results.\n\nFurthermore, electronic voting machines can also increase accessibility for voters with disabilities, as they can be designed to accommodate different languages and can provide audio or tactile feedback for voters who require it. They can also reduce the costs associated with printing and distributing paper ballots, as well as the costs of manually counting votes.\n\nHowever, critics argue that electronic voting machines can also introduce new risks and vulnerabilities into the electoral process. For example, they can be vulnerable to hacking and cyber attacks, which could potentially alter the outcome of an election. Additionally, equipment failures and technical glitches can also occur, which could lead to delays or disruptions to the voting process.\n\nOverall, while electronic voting machines can improve the speed and efficiency of the voting process, they also require careful implementation and maintenance to ensure their integrity and security."
    },
    "33": {
        "original": "Should people become vegetarian?",
        "expanded": "The debate about whether people should become vegetarian has been ongoing for years, with proponents on both sides presenting compelling arguments. On one hand, a vegetarian diet has been shown to have numerous health benefits, including a reduced risk of heart disease, obesity, and certain types of cancer. Vegetarian diets tend to be rich in fiber, vitamins, and minerals, and low in saturated fats and cholesterol, making them an attractive option for those looking to improve their overall health.\n\nAdditionally, a plant-based diet can have a significant impact on the environment. Animal agriculture is a leading cause of greenhouse gas emissions, deforestation, and water pollution, so reducing meat consumption can help to mitigate climate change and preserve natural resources. Furthermore, choosing vegetarian options can also help to reduce animal suffering, as factory farming practices often involve inhumane treatment of animals.\n\nOn the other hand, some argue that a well-balanced vegetarian diet can be difficult to maintain, particularly for those who are not familiar with plant-based nutrition. Additionally, some vegetarians may be at risk of nutrient deficiencies, such as vitamin B12 deficiency, if they do not consume enough fortified foods or supplements.\n\nUltimately, whether or not to become a vegetarian is a personal choice that depends on individual circumstances and values. However, incorporating more plant-based meals into one's diet can have numerous benefits for both personal health and the environment, even if it's not a complete switch to a vegetarian lifestyle. By making informed choices about the food we eat, we can promote a healthier and more sustainable future for ourselves and for the planet."
    },
    "34": {
        "original": "Are social networking sites good for our society?",
        "expanded": "The impact of social networking sites on our society is a subject of ongoing debate. While these platforms have their drawbacks, they also offer numerous benefits that make them a net positive for our society. On the one hand, social networking sites have made it possible for people to connect with each other across geographical boundaries, fostering global understanding and collaboration. They have also provided a platform for people to raise awareness about social causes, mobilize support, and bring about positive change. Moreover, social media has democratized access to information, enabling people to access news, educational resources, and knowledge from around the world. Furthermore, social networking sites have opened up new avenues for businesses, entrepreneurs, and artists to showcase their products and services, promoting economic growth and innovation. Of course, there are concerns about the potential negative effects of social media, such as the spread of misinformation, cyberbullying, and addiction. However, by being aware of these risks and taking steps to mitigate them, we can harness the full potential of social networking sites to create a more connected, informed, and inclusive society."
    },
    "35": {
        "original": "Do violent video games contribute to youth violence?",
        "expanded": "The debate about whether violent video games contribute to youth violence has been ongoing for decades. While some argue that these games desensitize players to violence and encourage aggressive behavior, others claim that they have no impact on real-life behavior. Research on the topic has yielded mixed results, making it difficult to come to a definitive conclusion.\n\nOn one hand, some studies suggest that exposure to violent video games can increase aggressive thoughts, feelings, and behaviors in both children and adults. For example, a 2017 meta-analysis published in the journal Cyberpsychology, Behavior, and Social Networking found that players of violent video games were more likely to engage in aggressive behavior, such as hitting or pushing, than those who did not play such games. Additionally, surveys have shown that many young people who have committed violent crimes, such as school shootings, have been frequent players of violent video games.\n\nOn the other hand, other research has found no causal link between violent video game playing and youth violence. For instance, a 2018 study published in the Journal of Communication found that exposure to violent video games had no significant effect on players' aggressive behavior in the real world. Some experts argue that the relationship between violent video games and youth violence is more complex and influenced by a range of factors, including family dynamics, peer relationships, and individual personality.\n\nUltimately, while some evidence suggests that violent video games may contribute to an increased risk of aggressive behavior, it is unlikely that they are a sole cause of youth violence. Instead, they are likely one of many factors that can influence an individual's behavior, and their impact can be mitigated by other factors, such as parental guidance and social support. As such, it is important for parents, educators, and policymakers to engage in a nuanced discussion about the potential risks and benefits of violent video games and to work towards creating a safe and supportive environment for all young people."
    },
    "36": {
        "original": "Is golf a sport?",
        "expanded": "The question of whether golf is a sport is a perennial debate among enthusiasts and critics alike. While some argue that golf is a leisurely activity that lacks the physicality and competitiveness of traditional sports, others contend that it requires a unique combination of skill, strategy, and athleticism. In reality, golf checks all the boxes of what constitutes a sport. It involves a high degree of technical skill, demanding precision and control over the movement of the ball. Golfers must also possess a strong mental game, needing to focus and concentrate over extended periods to navigate the intricate challenges of the course. Furthermore, golf is a physically demanding activity, requiring stamina, flexibility, and coordination to execute the complex swings and movements involved in the game. The fact that golf has been featured in the Olympic Games since 2016, and is recognized by the International Olympic Committee, further validates its status as a legitimate sport. Ultimately, whether or not one considers golf a \"real\" sport, it is undeniable that it requires a unique blend of physical and mental abilities, making it a challenging and rewarding pursuit for those who participate."
    },
    "37": {
        "original": "Is cell phone radiation safe?",
        "expanded": "The issue of cell phone radiation safety has been a topic of ongoing debate and concern for many years. Cell phones emit radiofrequency (RF) energy, a form of non-ionizing electromagnetic radiation, which is absorbed by the body when held against the ear or carried in a pocket. While some studies have suggested a possible link between long-term cell phone use and increased risk of certain types of cancer, such as glioma and acoustic neuroma, the scientific consensus is that the current evidence does not indicate a significant health risk from cell phone radiation.\n\nThe World Health Organization (WHO), the National Cancer Institute, and the Federal Communications Commission (FCC) have all concluded that the available scientific evidence does not demonstrate a causal link between cell phone use and cancer. The FCC has established guidelines for RF exposure from cell phones, which are based on the specific absorption rate (SAR), a measure of the amount of RF energy absorbed by the body. In the United States, the SAR limit for cell phones is 1.6 watts per kilogram, and most cell phones have a SAR well below this limit.\n\nThat being said, some organizations, such as the International Agency for Research on Cancer (IARC), have classified RF electromagnetic fields as \"possibly carcinogenic to humans,\" based on limited evidence from human and animal studies. This has led some experts to recommend caution, particularly for heavy cell phone users, such as children and adolescents, and to suggest reducing exposure by using hands-free devices, limiting call time, and following proper safety guidelines.\n\nIn summary, while there is no conclusive evidence to prove that cell phone radiation is completely safe, the scientific consensus is that the current evidence does not indicate a significant health risk. However, continued research and vigilance are necessary to ensure that this assessment remains accurate."
    },
    "38": {
        "original": "Should marijuana be a medical option?",
        "expanded": "The debate surrounding the use of marijuana as a medical option has been ongoing for decades. While some argue that it is a dangerous drug with no medicinal value, others believe that it has the potential to provide relief to patients suffering from a range of chronic and debilitating conditions. In recent years, a growing body of evidence has emerged to suggest that marijuana can be a safe and effective treatment for certain medical conditions, including chronic pain, nausea, and muscle spasms.\n\nStudies have shown that the active compounds in marijuana, known as cannabinoids, can interact with the body's endocannabinoid system to produce a number of therapeutic benefits. For example, THC, the psychoactive compound in marijuana, has been shown to be effective in reducing pain and inflammation, while CBD, a non-psychoactive compound, has been shown to have anti-anxiety and anti-seizure properties.\n\nFurthermore, many patients who have turned to marijuana as a last resort have reported significant improvements in their symptoms and quality of life. For example, patients with multiple sclerosis have reported reduced muscle spasms and pain, while those with cancer have reported reduced nausea and increased appetite. In some cases, marijuana has even been shown to reduce the need for opioid painkillers, which are often associated with addiction and overdose.\n\nWhile there are still concerns about the potential risks and side effects of marijuana use, the evidence suggests that it can be a valuable addition to the treatment options available to patients. As such, it is reasonable to consider marijuana as a medical option for patients who have not responded to other treatments and are suffering from chronic and debilitating conditions. With proper regulation and oversight, marijuana can be made available to patients in a safe and controlled manner, providing them with the relief they desperately need."
    },
    "39": {
        "original": "Should the federal minimum wage be increased?",
        "expanded": "The debate over whether the federal minimum wage should be increased has been ongoing for years. Proponents of an increase argue that the current minimum wage of $7.25 per hour is woefully inadequate, leaving millions of workers struggling to make ends meet. They point out that the current minimum wage has not kept pace with inflation, and that the purchasing power of the minimum wage has actually decreased over time. Additionally, many argue that a higher minimum wage would stimulate economic growth by giving low-income workers more disposable income to spend on goods and services, thereby boosting consumer demand.\n\nOn the other hand, opponents of an increase argue that it would lead to job losses, as businesses would be forced to cut costs to compensate for the higher wages. They also argue that a higher minimum wage would disproportionately harm small businesses and startups, which may not have the resources to absorb the increased labor costs.\n\nHowever, studies have shown that moderate increases in the minimum wage have little to no impact on employment rates. In fact, many cities and states that have raised their minimum wage have seen significant economic benefits, including reduced poverty rates and increased economic growth. Furthermore, many of the country's largest and most profitable companies, such as Amazon and Facebook, have already implemented a $15 per hour minimum wage for their own employees, demonstrating that it is possible for businesses to thrive while still paying their workers a living wage.\n\nUltimately, increasing the federal minimum wage is a necessary step towards ensuring that all workers are paid a fair and dignified wage. It would help to address income inequality, reduce poverty, and stimulate economic growth. While there may be some initial costs associated with an increase, the long-term benefits far outweigh them. It is time for Congress to take action and raise the federal minimum wage to a level that reflects the true value of work in the 21st century."
    },
    "40": {
        "original": "Should the death penalty be allowed?",
        "expanded": "The debate surrounding the death penalty has been a contentious issue for centuries, with proponents arguing that it serves as a necessary deterrent to heinous crimes, while opponents claim it is an inhumane and ineffective form of punishment. While some argue that the death penalty is a just consequence for the most egregious offenses, others point to the risk of wrongful convictions, racial bias, and the moral implications of state-sanctioned killing.\n\nIn reality, the death penalty has not been shown to be an effective deterrent to crime. In fact, studies have consistently found that states with the death penalty do not have lower murder rates than those without it. Furthermore, the risk of wrongful convictions is a stark reality, with over 150 people exonerated from death row in the United States alone since 1973. The death penalty also disproportionately affects marginalized communities, with black and Latino individuals more likely to be sentenced to death than their white counterparts.\n\nRather than relying on the death penalty as a means of punishment, resources could be better spent on addressing the root causes of crime, such as poverty, lack of education, and mental health issues. Rehabilitation and restorative justice approaches have been shown to be more effective in reducing recidivism rates and promoting community safety. Ultimately, the death penalty is a morally and ethically dubious practice that should be abolished in favor of more humane and effective alternatives. By doing so, we can work towards creating a more just and equitable society that prioritizes the value of human life over retribution."
    },
    "41": {
        "original": "Should student loan debt be easier to discharge in bankruptcy?",
        "expanded": "The debate about whether student loan debt should be easier to discharge in bankruptcy has been ongoing for years. On one hand, proponents of making it easier to discharge argue that the current system is unfair and punishes students who are genuinely unable to repay their loans. Student loan debt has ballooned to over $1.7 trillion in the United States, with many borrowers struggling to make ends meet. The current bankruptcy laws, which require borrowers to prove \"undue hardship,\" are often too stringent, leaving many with few options but to default on their loans. By making it easier to discharge student loan debt in bankruptcy, advocates argue that it would provide a safety net for borrowers who are genuinely in need, allowing them to start fresh and rebuild their financial lives.\n\nOn the other hand, opponents argue that making it easier to discharge student loan debt would create a moral hazard, encouraging borrowers to take on excessive debt without considering the consequences. They argue that student loans are a investment in one's future, and that borrowers should be held accountable for their decisions. Additionally, they contend that making it easier to discharge student loan debt would increase the cost of borrowing for everyone, as lenders would need to factor in the increased risk of default.\n\nUltimately, finding a balance between providing relief to struggling borrowers and maintaining accountability is key. One potential solution is to create a more streamlined process for discharging student loan debt in bankruptcy, while also implementing measures to prevent abuse, such as income-contingent repayment plans and credit counseling. By taking a nuanced approach, policymakers can help alleviate the burden of student loan debt while also ensuring that the system remains sustainable."
    },
    "42": {
        "original": "Should fighting be allowed in hockey?",
        "expanded": "The debate about whether fighting should be allowed in hockey has been ongoing for years. On one hand, proponents of fighting argue that it is an essential part of the game, allowing players to defend themselves and their teammates from physical attacks. They claim that fighting acts as a deterrent, preventing players from engaging in dirty play and maintaining a level of respect on the ice. Additionally, fighting has been a part of hockey's culture and tradition for decades, with many fans seeing it as an entertaining aspect of the game. On the other hand, critics argue that fighting has no place in modern hockey, citing the risk of serious injuries, including concussions, broken bones, and careers ended prematurely. They point out that the sport has evolved to prioritize speed and skill over brute force, and that fighting is no longer a necessary element of the game. Furthermore, with growing concerns about player safety and the long-term effects of head trauma, allowing fighting to continue could be seen as irresponsible and negligent. Ultimately, the decision to allow fighting in hockey should be based on the well-being and safety of the players, and a thorough examination of the issue is needed to determine the best course of action for the sport."
    },
    "43": {
        "original": "Should bottled water be banned?",
        "expanded": "The debate about whether bottled water should be banned has been ongoing for years. On one hand, proponents of a ban argue that bottled water has a significant negative impact on the environment. The production and distribution of bottled water require massive amounts of energy, leading to greenhouse gas emissions and contributing to climate change. Furthermore, the plastic bottles themselves contribute to the staggering problem of plastic waste, with millions of bottles ending up in landfills and oceans every year. By banning bottled water, governments can encourage people to switch to more sustainable options, such as tap water or reusable containers.\n\nOn the other hand, opponents of a ban argue that bottled water is a convenient and essential product, particularly for people who live in areas where tap water is not safe to drink. They also point out that the bottled water industry provides jobs and generates revenue for local economies. Additionally, many bottled water companies are taking steps to reduce their environmental footprint, such as using recyclable packaging and implementing sustainable manufacturing practices.\n\nWhile there are valid arguments on both sides, it's clear that the environmental costs of bottled water outweigh the benefits. A ban on bottled water would likely have a significant impact on reducing plastic waste and greenhouse gas emissions. However, rather than an outright ban, a more effective approach might be to implement policies that encourage sustainable practices, such as increasing recycling rates, promoting reusable containers, and investing in infrastructure to improve tap water quality. By taking a multi-faceted approach, governments can balance the needs of consumers with the need to protect the environment. Ultimately, it's up to consumers to make informed choices about their water habits and to demand more sustainable options from manufacturers."
    },
    "44": {
        "original": "Should election day be a national holiday?",
        "expanded": "Making Election Day a national holiday is an idea that has been gaining traction in recent years, and for good reason. The argument in favor of this proposal is simple yet compelling: by giving citizens the day off, we can increase voter turnout, promote civic engagement, and strengthen our democracy. Currently, many people struggle to find time to vote due to work or school commitments, leading to lower participation rates, particularly among low-income and minority communities. By declaring Election Day a national holiday, we can ensure that every citizen has the opportunity to exercise their right to vote without having to choose between their civic duty and their daily responsibilities. Additionally, a national holiday would send a powerful message about the importance of civic engagement and the value we place on democratic participation. It would also provide an opportunity for schools, community organizations, and civic groups to organize educational events, voter registration drives, and other activities that promote civic awareness and engagement. Overall, making Election Day a national holiday is a common-sense solution that could help revitalize our democracy and ensure that every citizen has an equal voice in our political process."
    },
    "45": {
        "original": "Should the penny stay in circulation?",
        "expanded": "The debate about whether the penny should remain in circulation has been ongoing for decades. While some argue that the penny is a nostalgic symbol of American currency and should be preserved, others contend that it is a costly and inefficient denomination that serves little practical purpose. From an economic perspective, the production and distribution of pennies cost the US Mint millions of dollars each year, with some estimates suggesting that it costs around 1.5 cents to produce a single penny. Furthermore, pennies are often hoarded or lost, taking them out of circulation and reducing their usefulness as a medium of exchange. Additionally, many businesses and individuals do not accept pennies as payment due to their low value, rendering them largely irrelevant in everyday transactions. On the other hand, eliminating the penny would likely lead to higher prices for goods and services, as cash transactions would be rounded up to the nearest nickel. Ultimately, while the penny may hold sentimental value, its practical usefulness is limited, and it may be time to consider retiring this outdated denomination from circulation."
    },
    "46": {
        "original": "Should net neutrality be restored?",
        "expanded": "The debate over net neutrality has been a contentious one, with proponents on both sides presenting compelling arguments. However, a closer examination of the issue reveals that restoring net neutrality is not only desirable but essential for the health of the internet and the well-being of its users.\n\nOne of the primary concerns is that without net neutrality, internet service providers (ISPs) can throttle or block certain websites, services, or applications, thereby restricting access to information and stifling innovation. This can have far-reaching consequences, particularly for marginalized communities, small businesses, and startups that rely on the open internet to reach their audiences. By restoring net neutrality, we can ensure that the internet remains a level playing field, where anyone can access and share information without interference from powerful corporations.\n\nFurthermore, the repeal of net neutrality has led to a lack of transparency and accountability among ISPs. Without net neutrality, ISPs can engage in discriminatory practices, such as paid prioritization, which can lead to slower internet speeds and higher costs for consumers. Restoring net neutrality would require ISPs to disclose their practices and provide consumers with the information they need to make informed choices about their internet services.\n\nIn addition, net neutrality is essential for preserving free speech and promoting democratic values. The open internet has enabled people to access and share information, mobilize movements, and hold those in power accountable. Without net neutrality, the internet risks becoming a tool for manipulation and control, rather than a platform for free expression and civic engagement.\n\nIn conclusion, restoring net neutrality is crucial for maintaining the integrity of the internet, promoting innovation and competition, and protecting the rights of consumers. It is imperative that we take action to reinstate net neutrality and ensure that the internet remains a free and open platform for all."
    },
    "47": {
        "original": "Is homework beneficial?",
        "expanded": "The debate about the benefits of homework has been ongoing for years, with some arguing that it is a necessary tool for student learning and others claiming that it is a waste of time. While there are valid arguments on both sides, research suggests that homework can be beneficial for students if done correctly. Homework helps students develop important skills such as time management, organization, and self-discipline, which are essential for success in school and beyond. It also allows students to reinforce their learning and retain information better, as well as develop critical thinking and problem-solving skills. Furthermore, homework provides an opportunity for students to take ownership of their learning and develop a sense of responsibility and accountability for their academic performance. Additionally, homework can help to bridge the gap between school and home, involving parents and guardians in the learning process and fostering a sense of community and support. However, it is also important to note that excessive homework can be counterproductive, leading to student burnout and decreased motivation. Therefore, it is crucial for teachers to strike a balance and assign homework that is meaningful, engaging, and aligned with learning goals, rather than simply assigning busywork. Ultimately, when done thoughtfully and intentionally, homework can be a valuable tool in promoting student learning and achievement."
    },
    "48": {
        "original": "Should the voting age be lowered?",
        "expanded": "The debate about lowering the voting age has been ongoing for years, with valid arguments both in favor and against the idea. Proponents of lowering the voting age argue that it would increase political engagement and participation among young people, who are often more enthusiastic and idealistic about politics. By giving 16- and 17-year-olds the right to vote, they would have a greater stake in the decisions that affect their lives, such as education, healthcare, and climate change. Additionally, many countries, including Scotland and Austria, have successfully lowered their voting age to 16 without any significant issues.\n\nOn the other hand, opponents argue that teenagers are not yet mature enough to make informed decisions about complex political issues. They may lack the life experience, emotional maturity, and critical thinking skills necessary to fully understand the implications of their votes. Moreover, some argue that the current voting age of 18 is a rite of passage that marks an individual's transition from childhood to adulthood, and that lowering it would undermine this distinction.\n\nHowever, research suggests that 16- and 17-year-olds are capable of making informed decisions when provided with adequate education and resources. In fact, many high school students are already learning about civic education and government in their classes, and are eager to put their knowledge into practice. Furthermore, allowing young people to vote at a younger age could help to increase voter turnout and civic engagement in the long run.\n\nUltimately, the decision to lower the voting age should be based on careful consideration of the potential benefits and drawbacks. While there are valid concerns about the maturity of young voters, the potential benefits of increased political engagement and participation outweigh the risks. By providing education and resources to young people, and engaging them in the political process, we can empower a new generation of active and informed citizens."
    },
    "49": {
        "original": "Should body cameras be mandatory for police?",
        "expanded": "The debate about whether body cameras should be mandatory for police officers has been ongoing for several years. While there are valid arguments on both sides, the benefits of making body cameras mandatory for police officers far outweigh the drawbacks. One of the primary advantages of body cameras is that they provide an objective record of police interactions with the public. This can help to reduce the number of complaints against officers and provide valuable evidence in cases where misconduct is alleged. In fact, studies have shown that the presence of body cameras can lead to a significant decrease in use-of-force incidents and citizen complaints. Additionally, body cameras can also provide valuable training opportunities for officers, allowing them to review their interactions and improve their performance. Furthermore, the use of body cameras can increase transparency and accountability within law enforcement, which is essential for building trust between police and the communities they serve. While concerns about privacy and cost are valid, these can be addressed through careful implementation and policy development. Overall, making body cameras mandatory for police officers is a critical step towards increasing accountability, transparency, and public trust in law enforcement. It is a measure that can help to improve police-community relations and ensure that officers are held to the highest standards of professionalism and integrity."
    },
    "50": {
        "original": "Should everyone get a universal basic income?",
        "expanded": "The concept of Universal Basic Income (UBI) has gained significant attention in recent years as a potential solution to address poverty, income inequality, and the looming threat of automation-induced job displacement. Proponents of UBI argue that it would provide a safety net for all citizens, ensuring that everyone has a minimum standard of living, regardless of their employment status. This, in turn, would foster financial security, reduce stress, and allow people to pursue education, entrepreneurship, and personal development without the burden of financial anxiety. Additionally, UBI could simplify welfare systems, reduce bureaucracy, and alleviate poverty-related social issues such as homelessness and crime. \n\nOn the other hand, critics argue that implementing UBI would be prohibitively expensive, potentially requiring significant tax hikes or redistribution of existing social welfare funds. They also contend that UBI could create disincentives to work, leading to decreased productivity and economic stagnation. Moreover, some argue that UBI might not be an efficient solution, as it would provide the same amount of money to everyone, regardless of their individual circumstances, potentially wasting resources on those who do not truly need it. \n\nUltimately, whether everyone should get a universal basic income is a complex question that depends on a society's values, economic conditions, and policy priorities. While UBI has the potential to alleviate poverty and promote individual freedom, its feasibility and effectiveness depend on careful consideration of the costs, implementation strategies, and potential unintended consequences. Moreover, it is essential to explore alternative or complementary solutions, such as progressive taxation, education and job training programs, and social services that target specific needs and vulnerable populations. By engaging in nuanced discussions and weighing the pros and cons, we can work towards creating a more equitable and prosperous society for all."
    }
}