{
    "1": {
        "original": "what is the origin of COVID-19",
        "expanded": "The origin of COVID-19, also known as the coronavirus, is attributed to a novel coronavirus known as SARS-CoV-2. The first reported cases of COVID-19 occurred in Wuhan, China in December 2019. The initial cluster of cases was linked to a seafood market, which also sold live animals, including bats and snakes. It is believed that the virus likely originated from an animal source, with bats being a leading candidate, before being transmitted to humans through an intermediate animal host at the market.\n\nResearch suggests that the SARS-CoV-2 virus shares a significant amount of its genetic material with a coronavirus found in bats, indicating a common ancestor. The market in Wuhan, which was a mix of live animal and food stalls, provided an environment where the virus could potentially jump from animals to humans. Once the virus made the leap to humans, it was able to spread rapidly due to several factors, including the high population density of Wuhan, global travel patterns, and the contagious nature of the virus.\n\nSince the initial outbreak, scientists have been working to track the origins of the virus and understand its evolution. While the exact origin of COVID-19 is still being investigated, the scientific consensus is that the virus is of natural origin and not developed in a laboratory. Ongoing research aims to uncover more about the early stages of the outbreak and how the virus was able to spread so quickly around the world."
    },
    "2": {
        "original": "how does the coronavirus respond to changes in the weather",
        "expanded": "The coronavirus, like many other viruses, is sensitive to changes in weather conditions. While it is not directly affected by weather, the virus's transmission and survival depend on various environmental factors that are influenced by the weather.\n\nTemperature is one of the key factors that can impact the coronavirus's behavior. Research suggests that the virus is more stable and can survive longer on surfaces at cooler temperatures, between 39\u00b0F and 50\u00b0F (4\u00b0C and 10\u00b0C). In contrast, higher temperatures, above 75\u00b0F (24\u00b0C), can reduce the virus's stability and infectivity. This is why the virus may spread more easily in cooler and more humid environments, such as during the winter months.\n\nHumidity also plays a significant role in the transmission of the coronavirus. The virus thrives in environments with low humidity, typically below 50%. This is because the virus's outer layer, or envelope, is sensitive to moisture, and high humidity can cause it to break down more quickly. As a result, dry air can facilitate the spread of the virus, particularly in indoor settings with low humidity.\n\nOther weather factors, such as wind and air pollution, can also influence the transmission of the coronavirus. Strong winds can disperse the virus-laden droplets over a wider area, increasing the risk of transmission. On the other hand, air pollution can increase the concentration of particulate matter in the air, which can help the virus to spread more easily.\n\nIt is essential to note that while weather conditions can impact the transmission and survival of the coronavirus, they are only one of the many factors that influence its spread. Human behavior, such as social distancing, mask-wearing, and hand hygiene, remains the most critical factor in controlling the spread of the virus."
    },
    "3": {
        "original": "will SARS-CoV2 infected people develop immunity? Is cross protection possible?",
        "expanded": "One of the most pressing questions surrounding SARS-CoV-2 is whether infected individuals will develop immunity to the virus, and if so, to what extent. The good news is that research suggests that people who have recovered from COVID-19 do develop some level of immunity to the virus. Studies have shown that individuals who have recovered from COVID-19 produce antibodies against SARS-CoV-2, which can neutralize the virus and prevent future infections. These antibodies can persist in the body for several months, providing a degree of protection against re-infection.\n\nHowever, the duration and strength of this immunity are still unclear. It is possible that immunity may wane over time, leaving individuals susceptible to re-infection. Additionally, there is concern that SARS-CoV-2 may mutate over time, potentially reducing the effectiveness of immunity acquired from previous infections.\n\nRegarding cross-protection, there is some evidence to suggest that individuals who have been infected with other coronaviruses, such as those that cause the common cold, may have some level of immunity to SARS-CoV-2. This is because these coronaviruses share some similarities with SARS-CoV-2, and the immune system may recognize and respond to these similarities. However, the extent of cross-protection is still unclear, and it is unlikely to provide complete protection against SARS-CoV-2.\n\nOverall, while SARS-CoV-2 infected individuals do develop some level of immunity, the durability and breadth of this immunity are still unknown. Further research is needed to understand the long-term implications of immunity to SARS-CoV-2 and to explore the potential for cross-protection against this and other coronaviruses."
    },
    "4": {
        "original": "what causes death from Covid-19?",
        "expanded": "Death from COVID-19 is typically caused by a combination of factors that affect the body's ability to function properly. The primary cause of death is usually attributed to acute respiratory distress syndrome (ARDS), a severe inflammation of the lungs that makes it difficult for the body to take in oxygen. This is often triggered by a cytokine storm, an overactive immune response to the SARS-CoV-2 virus, which can lead to widespread inflammation and tissue damage.\n\nIn severe cases, the virus can also cause pneumonia, a bacterial infection that inflames the air sacs in the lungs, making it difficult to breathe. Pneumonia can lead to sepsis, a life-threatening condition that occurs when the body's response to an infection becomes uncontrolled and causes widespread inflammation.\n\nAdditionally, COVID-19 can also cause damage to other organs, such as the heart, kidneys, and liver, which can lead to multi-organ failure. In some cases, patients may experience blood clots, which can lead to stroke or heart attack.\n\nOlder adults and those with underlying health conditions, such as diabetes, high blood pressure, and heart disease, are more susceptible to severe illness and death from COVID-19. However, even healthy individuals can experience severe symptoms and die from the virus.\n\nIn summary, death from COVID-19 is often caused by a combination of factors, including ARDS, pneumonia, sepsis, multi-organ failure, and cardiac complications, all of which can be triggered by the SARS-CoV-2 virus and exacerbated by underlying health conditions."
    },
    "5": {
        "original": "what drugs have been active against SARS-CoV or SARS-CoV-2 in animal studies?",
        "expanded": "Several drugs have demonstrated efficacy against SARS-CoV or SARS-CoV-2 in animal studies. For instance, researchers have found that Remdesivir, a nucleotide analogue, has shown potent antiviral activity against both SARS-CoV and SARS-CoV-2 in mice and non-human primates. Another drug, Favipiravir, an RNA-dependent RNA polymerase inhibitor, has been shown to alleviate pneumonia and reduce viral loads in mice infected with SARS-CoV-2. \n\nAdditionally, studies have demonstrated that the protease inhibitor GC376-B, which targets the coronavirus protease 3CLpro, has inhibited SARS-CoV-2 replication in vitro and in vivo in mouse models. Moreover, the drug EIDD-2801, a nucleoside analog, has been found to exhibit antiviral activity against SARS-CoV-2 in mice and has been shown to reduce lung damage and improve survival rates. \n\nOther promising candidates include Ribavirin, Interferon-\u03b2, and Lopinavir/Ritonavir, which have all demonstrated anti-SARS-CoV activity in animal models. These findings provide important insights into potential therapeutic strategies against SARS-CoV and SARS-CoV-2 infections, although further research is necessary to validate these results in human clinical trials."
    },
    "6": {
        "original": "what types of rapid testing for Covid-19 have been developed?",
        "expanded": "Several types of rapid testing for Covid-19 have been developed to quickly diagnose the virus, enabling early treatment and containment. One of the most common types is the antigen test, which detects the presence of the virus's protein antigens in a sample. Antigen tests are cheap, easy to use, and provide results within 15-30 minutes, making them ideal for point-of-care settings. Another type is the antibody test, which detects the body's immune response to the virus by identifying antibodies in the blood. This test is often used to determine if someone has previously been infected with Covid-19.\n\nMolecular tests, such as PCR (polymerase chain reaction) and LAMP (loop-mediated isothermal amplification), are also being used for rapid Covid-19 testing. These tests detect the virus's genetic material and provide highly accurate results within 30 minutes to several hours. Furthermore, CRISPR-based tests, which use the CRISPR-Cas13 enzyme to detect the virus's genetic material, have been developed for rapid and accurate testing. Additionally, saliva-based tests have been created, which are non-invasive and can provide results within 30 minutes. Overall, these rapid testing methods have revolutionized the diagnosis of Covid-19, enabling healthcare systems to respond quickly and effectively to the pandemic."
    },
    "7": {
        "original": "are there serological tests that detect antibodies to coronavirus?",
        "expanded": "Yes, there are serological tests that detect antibodies to coronavirus. Serological tests are used to detect the presence of antibodies in the blood, which are developed by the immune system in response to an infection. In the case of coronavirus, serological tests can detect IgM and IgG antibodies, which are produced by the body in response to a SARS-CoV-2 infection. These tests can help identify individuals who have been infected with the virus, even if they do not show symptoms or have already recovered. The most commonly used serological tests for coronavirus include enzyme-linked immunosorbent assay (ELISA), chemiluminescent immunoassay (CLIA), and lateral flow immunoassay. These tests typically use the SARS-CoV-2 spike protein or nucleocapsid protein as the antigen to detect the presence of antibodies. Serological tests can be useful for diagnosing coronavirus infections, particularly in individuals who do not show symptoms, as well as for surveillance and monitoring purposes. However, it is essential to note that serological tests may not be able to detect antibodies in the early stages of infection, and may not be able to distinguish between previous infections and current infections. As such, they should be used in conjunction with other diagnostic tests, such as PCR, to confirm the diagnosis of a coronavirus infection."
    },
    "8": {
        "original": "how has lack of testing availability led to underreporting of true incidence of Covid-19?",
        "expanded": "The lack of testing availability has significantly contributed to the underreporting of the true incidence of COVID-19. In the early stages of the pandemic, many countries faced a shortage of test kits, leading to limited access to diagnostic tests, especially in low- and middle-income countries. This scarcity resulted in only those with severe symptoms or high-risk individuals being tested, while those with mild or asymptomatic cases were often overlooked. Consequently, a substantial number of cases went undetected, leading to an underestimation of the true incidence of the disease. Furthermore, the restrictive testing criteria in some countries meant that only individuals with a history of travel to affected areas or contact with a known case were eligible for testing, excluding those who may have acquired the infection through community transmission. The lack of widespread testing also made it challenging to identify and track asymptomatic carriers, who can still transmit the virus despite not showing symptoms. As a result, the reported numbers of COVID-19 cases were likely a significant underestimate of the actual number of infections, leading to a skewed perception of the pandemic's extent and severity."
    },
    "9": {
        "original": "how has COVID-19 affected Canada",
        "expanded": "The COVID-19 pandemic has had a profound impact on Canada, affecting various aspects of life, from the economy and healthcare to education and social interactions. \n\nIn terms of healthcare, Canada's medical system has faced significant challenges, with hospitals and healthcare workers overwhelmed by the surge in cases. The government has had to implement measures such as lockdowns, social distancing, and mask mandates to slow the spread of the virus. Additionally, the pandemic has exposed existing vulnerabilities in the healthcare system, including shortages of medical supplies, staff burnout, and inequality in access to care, particularly for Indigenous communities.\n\nThe economic impact of COVID-19 has been severe, with widespread job losses, business closures, and a significant decline in GDP. The pandemic has disproportionately affected certain industries, such as tourism, hospitality, and small businesses, which are critical to Canada's economy. The government has responded with various economic stimulus packages, including the Canada Emergency Response Benefit (CERB) and the Canada Recovery Benefit (CRB), to support individuals and businesses affected by the pandemic.\n\nThe pandemic has also had a significant impact on education, with schools and universities forced to close or move online, disrupting the learning experience for millions of students. This has been particularly challenging for students from low-income households, who may not have access to the necessary technology or resources to support online learning.\n\nFurthermore, COVID-19 has affected social interactions and community dynamics, with many Canadians feeling isolated and disconnected from friends, family, and community networks. The pandemic has also exacerbated existing social issues, such as loneliness, anxiety, and depression, particularly among vulnerable populations.\n\nIn response to these challenges, Canadians have come together to support each other, with many individuals and organizations donating to charities, volunteering, and providing essential services to those in need. The government has also launched various initiatives, such as the COVID-19 Immunity Task Force, to accelerate the development of vaccines and treatments.\n\nOverall, the COVID-19 pandemic has presented unprecedented challenges to Canada, but it has also brought out the resilience, compassion, and solidarity of its people. As the country continues to navigate this crisis, it is clear that the road to recovery will be long and difficult, but with collective effort, Canada can emerge stronger and more united than ever."
    },
    "10": {
        "original": "has social distancing had an impact on slowing the spread of COVID-19?",
        "expanded": "Studies have consistently shown that social distancing has been a crucial factor in slowing the spread of COVID-19. By reducing the density of people in public spaces and increasing the physical distance between individuals, social distancing measures have decreased the opportunities for the virus to transmit from person to person. A study published in The Lancet found that countries that implemented social distancing measures, such as lockdowns and gathering restrictions, saw a significant reduction in the spread of COVID-19, with the reproduction number (R0) decreasing by 37-45%. Another study published in the New England Journal of Medicine found that social distancing measures in the United States reduced the spread of COVID-19 by 65% between March and May 2020. Additionally, a study by the Centers for Disease Control and Prevention (CDC) found that states in the US that implemented social distancing measures earlier saw a slower spread of COVID-19 compared to states that implemented them later. These findings suggest that social distancing has been an effective strategy in slowing the spread of COVID-19 and reducing the number of cases and hospitalizations. Overall, the evidence suggests that social distancing has been a critical component of the global response to the COVID-19 pandemic."
    },
    "11": {
        "original": "what are the guidelines for triaging patients infected with coronavirus?",
        "expanded": "Triage guidelines for patients infected with coronavirus, also known as COVID-19, are crucial in ensuring timely and effective care, especially in resource-constrained settings. The World Health Organization (WHO) and the Centers for Disease Control and Prevention (CDC) provide the following guidelines for triaging suspected or confirmed COVID-19 cases:\n\n1. Identify high-risk patients: Older adults (>65 years), young children (<5 years), and people with underlying medical conditions, such as heart disease, diabetes, and lung disease, are at higher risk of severe illness and should be prioritized.\n\n2. Assess symptoms: Patients with severe symptoms, including difficulty breathing, chest pain, or severe headache, should be prioritized for immediate medical attention.\n\n3. Evaluate severity: Use a standardized severity assessment tool, such as the WHO's COVID-19 Clinical Severity Scale, to classify patients into mild, moderate, severe, or critical categories.\n\n4. Implement isolation and personal protective equipment (PPE): Ensure all patients suspected or confirmed to have COVID-19 are isolated, and healthcare workers use appropriate PPE, including masks, gloves, and gowns, to minimize transmission.\n\n5. Prioritize testing: Test patients with severe symptoms or high-risk conditions first, and consider point-of-care testing or rapid antigen detection tests to expedite diagnosis.\n\n6. Manage patient flow: Establish separate areas for suspected and confirmed cases, and ensure a clear workflow to minimize cross-contamination and optimize resource allocation.\n\n7. Communicate with patients and families: Provide clear information on diagnosis, treatment, and isolation procedures to patients and their families, and address their concerns and questions.\n\n8. Continuously monitor and update: Regularly review and update triage guidelines based on local epidemiology, hospital capacity, and emerging evidence to ensure the best possible outcomes for patients.\n\nBy adhering to these guidelines, healthcare providers can effectively triage patients infected with coronavirus, minimizing the risk of transmission and ensuring timely care for those who need it most."
    },
    "12": {
        "original": "what are best practices in hospitals and at home in maintaining quarantine?",
        "expanded": "Maintaining quarantine in hospitals and at home is crucial to prevent the spread of infectious diseases. Here are some best practices to follow:\n\nIn Hospitals:\n\n* Designate a quarantine area: Identify a specific area in the hospital where patients can be isolated, with minimal traffic and limited contact with healthcare workers and other patients.\n* Use personal protective equipment (PPE): Ensure that all healthcare workers interacting with quarantined patients wear PPE, including masks, gowns, gloves, and eye protection.\n* Implement strict infection control measures: Enhance cleaning and disinfection protocols, including frequent hand hygiene, to prevent the spread of the disease.\n* Limit visitor access: Restrict visitor access to quarantined patients, and ensure that visitors wear PPE and follow infection control protocols.\n* Monitor patients closely: Regularly monitor quarantined patients for signs of deterioration and provide timely medical intervention.\n\nAt Home:\n\n* Create a quarantine zone: Designate a specific area in the home where the quarantined person can stay, with minimal contact with other household members.\n* Practice good hygiene: Ensure frequent handwashing with soap and water for at least 20 seconds, especially after contact with the quarantined person or their environment.\n* Avoid close contact: Maintain a safe distance of at least 6 feet from the quarantined person, and avoid sharing personal items, utensils, or food.\n* Use a mask: Wear a mask when interacting with the quarantined person, and ensure they wear one when leaving their quarantine zone.\n* Follow cleaning and disinfection protocols: Regularly clean and disinfect high-touch surfaces, such as doorknobs, countertops, and bathroom fixtures, to prevent the spread of the disease.\n* Monitor health: Closely monitor the quarantined person's health, and seek medical attention if symptoms worsen or if there are concerns about their condition.\n\nBy following these best practices, hospitals and individuals can effectively maintain quarantine and reduce the risk of disease transmission."
    },
    "13": {
        "original": "what are the transmission routes of coronavirus?",
        "expanded": "The transmission routes of coronavirus, including COVID-19, are primarily through person-to-person contact and contaminated surfaces. The virus can spread through respiratory droplets that are produced when an infected person talks, coughs, or sneezes. These droplets can land in the mouths, noses, or eyes of people nearby, or they can be inhaled into the lungs. Additionally, the virus can survive on surfaces for a period of time, allowing people to become infected by touching contaminated objects and then touching their faces. Furthermore, coronavirus can also be spread through close contact with an infected person, such as through shaking hands or sharing food and drinks. In rare cases, the virus can also be transmitted through faco-oral contact, where an infected person's feces contaminate food or water, leading to infection. Finally, it's also possible for coronavirus to be transmitted from an infected mother to her baby during pregnancy or childbirth."
    },
    "14": {
        "original": "what evidence is there related to COVID-19 super spreaders",
        "expanded": "There is significant evidence to suggest that COVID-19 super spreaders play a crucial role in the transmission of the virus. A super spreader is an individual who infects an unusually large number of people, often in a single instance. Research has shown that a small proportion of individuals, estimated to be around 20%, are responsible for spreading the majority (around 80%) of COVID-19 cases.\n\nOne notable example of a COVID-19 super spreader event is the outbreak that occurred in South Korea in 2020. A 61-year-old woman, known as \"Patient 31,\" attended a church service and infected at least 37 people, sparking a large outbreak in the country. This incident highlights the potential for a single individual to spread the virus to a large number of people in a short period.\n\nStudies have also shown that certain individuals, such as those with underlying health conditions or those who are asymptomatic, are more likely to be super spreaders. A study published in the journal PNAS found that individuals with chronic obstructive pulmonary disease (COPD) were more likely to be super spreaders, as they tend to cough more frequently and produce more viral particles.\n\nAdditionally, research has identified certain environments and activities that facilitate super spreading events. These include crowded areas such as airports, public transportation, and large gatherings, as well as activities that involve close contact, such as singing or exercising.\n\nThe evidence suggests that targeting super spreaders and the environments that facilitate their activities could be an effective strategy in controlling the spread of COVID-19. This could involve identifying and isolating individuals who are more likely to be super spreaders, as well as implementing measures to reduce the transmission of the virus in high-risk environments."
    },
    "15": {
        "original": "how long can the coronavirus live outside the body",
        "expanded": "The coronavirus, also known as COVID-19, can survive outside the human body for a varying amount of time depending on the surface type and environmental conditions. On surfaces, the virus can persist for hours to days, with the exact duration influenced by factors such as temperature, humidity, and exposure to light. \n\nResearch suggests that the coronavirus can remain viable on: \n\n- Copper surfaces for up to 4 hours \n- Cardboard for up to 24 hours \n- Plastic and stainless steel surfaces for up to 72 hours \n- Wood and cloth surfaces for a few hours \n\nIt is essential to note that the virus's survival time is significantly reduced when exposed to UV light, heat, and certain disinfectants. Furthermore, the risk of transmission from contaminated surfaces is low, and the primary mode of transmission remains through close contact with infected individuals and respiratory droplets."
    },
    "16": {
        "original": "how long does coronavirus remain stable  on surfaces?",
        "expanded": "The stability of the coronavirus on surfaces is a crucial factor in understanding its transmission dynamics. Studies have shown that the COVID-19 coronavirus can remain viable on surfaces for varying periods of time, depending on the type of surface and environmental conditions. On copper surfaces, the virus has been found to remain stable for up to 4 hours, while on cardboard, it can last for up to 24 hours. On stainless steel and plastic surfaces, the virus can remain stable for up to 2-3 days. In addition, the virus has been shown to survive on fabric and wood surfaces for shorter periods, typically ranging from a few minutes to several hours. It's essential to note that the stability of the virus on surfaces is greatly affected by factors such as temperature, humidity, and exposure to light, with higher temperatures and humidity levels leading to shorter survival times."
    },
    "17": {
        "original": "are there any clinical trials available for the coronavirus",
        "expanded": "Yes, there are numerous clinical trials available for the coronavirus disease 2019 (COVID-19) globally. Researchers, scientists, and healthcare professionals are working tirelessly to develop effective treatments, vaccines, and diagnostic tools to combat the pandemic. \n\nAccording to the World Health Organization (WHO), there are over 2,000 clinical trials registered on the WHO International Clinical Trials Registry Platform (ICTRP) related to COVID-19. These trials encompass a wide range of interventions, including vaccines, medications, diagnostic tests, and other therapeutic approaches. \n\nSome of these trials are focused on developing vaccines to prevent COVID-19, while others are investigating potential treatments for those already infected, such as antiviral medications, immunotherapies, and convalescent plasma transfusions. Additionally, researchers are exploring ways to improve patient outcomes, such as testing new respiratory support devices and investigating the use of stem cells to treat severe cases.\n\nMany institutions, including the National Institutes of Health (NIH), the Centers for Disease Control and Prevention (CDC), and pharmaceutical companies, are actively recruiting participants for these trials. Individuals interested in participating in a clinical trial can search online databases, such as ClinicalTrials.gov, to find trials in their area. It's essential to consult with a healthcare professional before enrolling in any clinical trial to discuss eligibility, potential benefits, and risks."
    },
    "18": {
        "original": "what are the best masks for preventing infection by Covid-19?",
        "expanded": "The best masks for preventing infection by Covid-19 are those that filter out at least 95% of airborne particles, including both large droplets and smaller aerosol particles. According to the Centers for Disease Control and Prevention (CDC) and the World Health Organization (WHO), the most effective masks are N95 respirator masks, FFP2 masks, and surgical masks. \n\nN95 respirator masks, which are designed to fit snugly over the nose and mouth, are the most effective at filtering out airborne particles, including the Covid-19 virus. They are typically used in healthcare settings and are recommended for people who are at high risk of contracting the virus, such as healthcare workers and those who are in close contact with people who have Covid-19. \n\nFFP2 masks are similar to N95 masks but are approved by the European Union and are also highly effective at filtering out airborne particles. Surgical masks, while not as effective as N95 or FFP2 masks, can still help prevent the spread of Covid-19 by blocking large droplets that may contain the virus. They are also less expensive and more widely available than N95 or FFP2 masks, making them a more accessible option for the general public."
    },
    "19": {
        "original": "what type of hand sanitizer is needed to destroy Covid-19?",
        "expanded": "To effectively destroy COVID-19, a hand sanitizer with a high concentration of alcohol is necessary. The Centers for Disease Control and Prevention (CDC) recommends using a hand sanitizer that contains at least 60% ethanol or 70% isopropanol. These types of alcohol-based hand sanitizers are capable of inactivating the SARS-CoV-2 virus, which causes COVID-19. Look for hand sanitizers that have a label stating their concentration of ethanol or isopropanol, and avoid those that are labeled as \"alcohol-free\" or \"fragrance-free\" as they may not contain sufficient active ingredients to combat the virus. Additionally, it's essential to use hand sanitizer correctly, applying a sufficient amount to cover all surfaces of the hands, rubbing hands together until dry, and reapplying as needed throughout the day."
    },
    "20": {
        "original": "are patients taking Angiotensin-converting enzyme inhibitors (ACE) at increased risk for COVID-19?",
        "expanded": "There is ongoing debate and concern regarding the potential impact of angiotensin-converting enzyme inhibitors (ACE) on the risk of COVID-19. Some initial speculation suggested that ACE inhibitors, a class of medications commonly used to treat hypertension and heart failure, might increase the risk of severe COVID-19 by upregulating angiotensin-converting enzyme 2 (ACE2), the receptor utilized by SARS-CoV-2 to enter host cells. However, numerous subsequent studies have refuted this theory, finding no association between ACE inhibitor use and an increased risk of COVID-19. \n\nIn fact, several large-scale cohort studies and meta-analyses have concluded that ACE inhibitor therapy is not associated with a higher incidence or severity of COVID-19. The American Heart Association, the American College of Cardiology, and the European Society of Cardiology have all issued statements affirming that ACE inhibitors are safe to continue during the pandemic. Moreover, discontinuation of these medications may actually lead to exacerbation of underlying cardiovascular conditions, thereby increasing the risk of poor outcomes from COVID-19. \n\nCurrent evidence suggests that patients taking ACE inhibitors can continue their medications without increased concern for COVID-19 risk. Nevertheless, ongoing monitoring of emerging data is crucial, and patients should consult with their healthcare providers regarding any concerns or questions about their medication regimens."
    },
    "21": {
        "original": "what are the mortality rates overall and in specific populations",
        "expanded": "Mortality rates vary significantly worldwide, depending on factors such as age, sex, geographic location, and underlying health conditions. According to the World Health Organization (WHO), the overall global mortality rate in 2019 was approximately 7.2 deaths per 1,000 people. Broken down by age group, the mortality rates are:\n\n* 12.6 deaths per 1,000 children under 15 years old\n* 3.4 deaths per 1,000 people aged 15-49 years old\n* 10.4 deaths per 1,000 people aged 50-69 years old\n* 35.4 deaths per 1,000 people aged 70 years and older\n\nIn terms of specific populations, mortality rates differ significantly. For instance:\n\n* In low-income countries, the mortality rate is approximately 10.4 deaths per 1,000 people, compared to 6.4 deaths per 1,000 people in high-income countries.\n* In the United States, the age-adjusted mortality rate is around 730 deaths per 100,000 people, with higher rates among certain populations such as African Americans (921 deaths per 100,000 people) and Native Americans (844 deaths per 100,000 people).\n* According to the Centers for Disease Control and Prevention (CDC), in 2020, the mortality rate for COVID-19 in the United States was highest among adults aged 80 and older (326.6 deaths per 100,000 people), followed by those aged 70-79 (123.5 deaths per 100,000 people).\n* In people living with HIV/AIDS, the mortality rate is significantly higher, with an estimated 770,000 AIDS-related deaths globally in 2018, according to UNAIDS.\n\nIt's essential to note that mortality rates can be influenced by various factors, including access to healthcare, socioeconomic status, and underlying health conditions. These statistics serve as a reminder of the importance of continued efforts to address health disparities and improve healthcare outcomes worldwide."
    },
    "22": {
        "original": "are cardiac complications likely in patients with COVID-19?",
        "expanded": "Cardiac complications are a significant concern in patients with COVID-19. Studies have shown that COVID-19 can trigger a range of cardiovascular complications, including myocarditis, pericarditis, arrhythmias, and acute coronary syndromes. In fact, one study found that nearly 20% of patients hospitalized with COVID-19 experienced cardiac injury, which was associated with a higher risk of in-hospital mortality. Additionally, the systemic inflammatory response triggered by SARS-CoV-2 infection can lead to cardiovascular instability, further increasing the risk of cardiac complications. Moreover, patients with pre-existing cardiovascular disease are at an even higher risk of developing cardiac complications due to COVID-19. Therefore, clinicians should closely monitor patients with COVID-19 for signs of cardiac complications and take proactive measures to prevent and manage them promptly."
    },
    "23": {
        "original": "what kinds of complications related to COVID-19 are associated with hypertension?",
        "expanded": "Hypertension, a prevalent chronic condition worldwide, has been identified as a significant risk factor for severe COVID-19 illness. Studies have consistently shown that individuals with hypertension are more likely to experience complications related to COVID-19, including increased mortality rates. Specifically, hypertension has been linked to an elevated risk of acute respiratory distress syndrome (ARDS), a life-threatening condition characterized by inflammation and fluid buildup in the lungs. Additionally, hypertension is associated with an increased risk of cardiac complications, such as heart failure, acute coronary syndrome, and arrhythmias, in COVID-19 patients. Furthermore, hypertension can lead to kidney damage and acute kidney injury, which can worsen outcomes in COVID-19 patients. Hypertensive patients are also more likely to require intensive care unit (ICU) admission, mechanical ventilation, and experience longer hospital stays. Moreover, research suggests that the inflammatory response triggered by COVID-19 can exacerbate hypertension, potentially leading to cardiovascular events and stroke. Overall, hypertension is a critical comorbidity that can significantly impact the severity and outcome of COVID-19 illness."
    },
    "24": {
        "original": "what kinds of complications related to COVID-19 are associated with diabetes",
        "expanded": "Individuals with diabetes are at a higher risk of developing severe complications from COVID-19. The immune system's impaired response to infection, combined with the underlying inflammation and vascular damage associated with diabetes, can lead to a range of complications. One of the most significant concerns is the increased risk of severe pneumonia, acute respiratory distress syndrome (ARDS), and respiratory failure. Diabetes also increases the risk of sepsis, a life-threatening condition that occurs when the body's response to an infection becomes uncontrolled and causes widespread inflammation. Additionally, people with diabetes are more likely to experience hyperglycemia, or high blood sugar, which can worsen COVID-19 symptoms and increase the risk of complications. Furthermore, COVID-19 can also trigger diabetic ketoacidosis (DKA), a potentially life-threatening condition that occurs when the body produces high levels of ketones. Other complications associated with COVID-19 and diabetes include increased risk of kidney damage, cardiovascular events, and stroke. It is essential for individuals with diabetes to take extra precautions to prevent COVID-19 infection and to closely monitor their blood sugar levels and overall health if they do contract the virus."
    },
    "25": {
        "original": "which biomarkers predict the severe clinical course of 2019-nCOV infection?",
        "expanded": "Several biomarkers have been identified to predict the severe clinical course of 2019-nCOV infection. Elevated levels of C-reactive protein (CRP), a marker of inflammation, have been associated with severe disease and poor outcomes. High levels of lactate dehydrogenase (LDH), an enzyme indicative of tissue damage, have also been linked to severe illness and mortality. Additionally, increased levels of D-dimer, a marker of coagulation, have been shown to predict severe disease and ICU admission. Other biomarkers, such as interleukin-6 (IL-6), tumor necrosis factor-alpha (TNF-\u03b1), and interleukin-10 (IL-10), which are indicative of a pro-inflammatory cytokine response, have also been implicated in severe 2019-nCOV infection. Furthermore, changes in complete blood count (CBC) parameters, including high white blood cell count, neutrophilia, and lymphopenia, have been associated with severe disease. Finally, troponin, a cardiac biomarker, has been linked to myocardial injury and mortality in severe 2019-nCOV infection. Monitoring these biomarkers may aid in early identification of patients at risk of severe disease, enabling targeted interventions and improved outcomes."
    },
    "26": {
        "original": "what are the initial symptoms of Covid-19?",
        "expanded": "The initial symptoms of COVID-19 can vary from person to person, but common symptoms that may appear 2-14 days after exposure to the virus include fever, cough, and shortness of breath or difficulty breathing. Some people may also experience fatigue, headache, sore throat, runny nose, or body aches. In some cases, people may experience a loss of appetite, nausea, vomiting, or diarrhea. These symptoms can range from mild to severe and may worsen over time. In severe cases, COVID-19 can cause pneumonia, acute respiratory distress syndrome, and even organ failure, particularly in older adults and those with underlying health conditions. It's essential to seek medical attention if you experience severe symptoms, have a weakened immune system, or are unsure of your symptoms."
    },
    "27": {
        "original": "what is known about those infected with Covid-19 but are asymptomatic?",
        "expanded": "Despite the alarming rates of COVID-19 transmission, a significant proportion of infected individuals remain asymptomatic, exhibiting no symptoms whatsoever. This phenomenon has sparked intense scientific interest, as it challenges our understanding of the virus's behavior and transmission dynamics. Research suggests that asymptomatic individuals can still shed the virus, although the duration and quantity of viral shedding are relatively lower compared to symptomatic cases. \n\nStudies have shown that asymptomatic carriers are not only contagious but can also infect others, often unintentionally, as they do not exhibit any visible signs of illness. In fact, a 2020 study published in the New England Journal of Medicine estimated that asymptomatic individuals accounted for approximately 40% of SARS-CoV-2 transmissions. This highlights the critical role they play in perpetuating the pandemic.\n\nThe characteristics of asymptomatic carriers have been a subject of investigation, revealing that they are more likely to be younger, have a lower viral load, and exhibit a stronger immune response compared to symptomatic individuals. Furthermore, asymptomatic carriers tend to have fewer underlying health conditions, which might contribute to their ability to combat the infection without displaying symptoms.\n\nWhile we have made significant progress in understanding asymptomatic carriers, many questions remain unanswered. For instance, it is unclear what specific factors trigger the onset of symptoms in some individuals but not others, or why some people are more prone to asymptomatic infection. Ongoing research aims to address these knowledge gaps, ultimately informing strategies to mitigate the spread of COVID-19 and protect vulnerable populations."
    },
    "28": {
        "original": "what evidence is there for the value of hydroxychloroquine in treating Covid-19?",
        "expanded": "The evidence for the value of hydroxychloroquine in treating Covid-19 is limited and conflicting. Initially, there were some anecdotal reports and small, observational studies suggesting that hydroxychloroquine, an anti-malarial drug, might be effective in treating Covid-19. These early findings led to widespread interest and use of the drug, particularly in the early stages of the pandemic. However, subsequent randomized controlled trials (RCTs), which are considered the gold standard of medical evidence, have yielded mixed results.\n\nSome RCTs, such as the RECOVERY trial conducted in the UK, found no significant benefit of hydroxychloroquine in reducing mortality or improving clinical outcomes in hospitalized patients with Covid-19. Similarly, a meta-analysis of RCTs conducted by the Cochrane Collaboration found that hydroxychloroquine had no significant effect on mortality, need for mechanical ventilation, or duration of hospital stay.\n\nOn the other hand, some RCTs, such as the Hydroxychloroquine Early Treatment for COVID-19 (ETC) study, suggested that early administration of hydroxychloroquine might reduce the risk of hospitalization and death in outpatients with mild to moderate Covid-19. However, these findings have been disputed, and many experts have raised concerns about methodological limitations and potential biases in these studies.\n\nThe World Health Organization (WHO), the Centers for Disease Control and Prevention (CDC), and other major health organizations have all concluded that the current evidence does not support the use of hydroxychloroquine as a treatment for Covid-19, except in the context of clinical trials. The National Institutes of Health (NIH) has also stated that \"there is insufficient evidence to recommend either for or against the use of hydroxychloroquine for the treatment of Covid-19.\" Overall, while some early reports hinted at potential benefits, the majority of high-quality evidence suggests that hydroxychloroquine is not an effective treatment for Covid-19."
    },
    "29": {
        "original": "which SARS-CoV-2 proteins-human proteins interactions indicate potential for drug targets. Are there approved drugs that can be repurposed based on this information?",
        "expanded": "The SARS-CoV-2 genome encodes for 29 proteins, which interact with numerous human proteins to facilitate viral replication and infection. Recent studies have identified several SARS-CoV-2 proteins that interact with human proteins, indicating potential drug targets for COVID-19 treatment. One such interaction is between the SARS-CoV-2 spike protein and the human angiotensin-converting enzyme 2 (ACE2) receptor, which facilitates viral entry into host cells. Another critical interaction is between the SARS-CoV-2 main protease (Mpro) and human proteins involved in the ubiquitin-proteasome pathway, which regulates protein degradation and is essential for viral replication.\n\nThe SARS-CoV-2 nucleocapsid protein (N) interacts with human protein, hnRNP A1, which is involved in RNA-binding and translation. Additionally, the SARS-CoV-2 papain-like protease (PLpro) interacts with human ubiquitin-specific peptidase 2 (USP2), which regulates protein ubiquitination and deubiquitination.\n\nRepurposing approved drugs that target these interactions could provide a rapid response to the pandemic. For instance, Umifenovir, a drug used to treat influenza, has been shown to inhibit the interaction between SARS-CoV-2 spike protein and human ACE2 receptor. Another example is the anticancer drug, Carmofur, which targets the human ubiquitin-proteasome pathway and has been shown to inhibit SARS-CoV-2 replication. Furthermore, some protease inhibitors, such as Lopinavir and Ritonavir, which are used to treat HIV, have been identified as potential inhibitors of the SARS-CoV-2 Mpro. These findings suggest that repurposing approved drugs could provide a promising strategy for the rapid development of COVID-19 treatments."
    },
    "30": {
        "original": "is remdesivir an effective treatment for COVID-19",
        "expanded": "Remdesivir, an antiviral medication, has been at the forefront of the COVID-19 treatment landscape since the pandemic's early stages. Studies have yielded mixed results regarding its effectiveness in combating the disease. On one hand, a randomized controlled trial published in the New England Journal of Medicine found that remdesivir shortened the time to recovery in hospitalized patients with severe COVID-19 from 15 days to 11 days. Additionally, a cohort study in The Lancet observed that remdesivir treatment was associated with improved clinical outcomes and reduced mortality rates in patients with severe COVID-19. \n\nOn the other hand, the World Health Organization's (WHO) Solidarity trial, a large-scale, international study, found that remdesivir had little to no effect on mortality rates, the need for mechanical ventilation, or the duration of hospital stay. Moreover, a systematic review and meta-analysis published in the Journal of the American Medical Association (JAMA) concluded that the current evidence does not support the use of remdesivir as a treatment for COVID-19, citing methodological concerns and inconsistencies in the existing literature.\n\nIn light of these contradictory findings, the medical community remains divided on remdesivir's efficacy as a COVID-19 treatment. While some studies suggest it may be beneficial in specific patient populations, such as those with severe disease, others cast doubt on its overall effectiveness. As a result, remdesivir is not recommended as a standard treatment for COVID-19 by most health organizations, although it may still be considered for use in certain circumstances, such as in clinical trials or for patients who have failed other treatments. Ultimately, further research is needed to fully understand remdesivir's role in the COVID-19 treatment landscape."
    },
    "31": {
        "original": "How does the coronavirus differ from seasonal flu?",
        "expanded": "The coronavirus (COVID-19) and seasonal flu are both infectious respiratory illnesses, but they differ in several key ways. Firstly, the coronavirus is caused by a new strain of coronavirus known as SARS-CoV-2, whereas seasonal flu is caused by the influenza virus. The coronavirus has been found to be more contagious and spread more easily than the flu, with a higher basic reproduction number (R0). This means that a person infected with COVID-19 is likely to spread it to more people than someone infected with the flu.\n\nAnother significant difference is the severity of the illness. While both can cause mild to moderate symptoms such as fever, cough, and fatigue, COVID-19 has been found to cause more severe symptoms, including pneumonia, acute respiratory distress syndrome, and even death, particularly in older adults and those with underlying health conditions. In contrast, seasonal flu is generally more manageable, and most people recover within a week or two without serious complications.\n\nFurthermore, the coronavirus has a longer incubation period than the flu, ranging from 2-14 days, compared to 1-4 days for the flu. This means that people infected with COVID-19 may not show symptoms for several days, making it more challenging to track and contain outbreaks. Additionally, COVID-19 has been found to have a higher hospitalization rate and a higher mortality rate than the flu, particularly among certain age groups and those with compromised immune systems.\n\nLastly, there are significant differences in the way the two illnesses are diagnosed and treated. While both can be diagnosed through tests such as PCR and antigen tests, COVID-19 requires more extensive contact tracing and quarantine measures due to its higher contagiousness. Treatment for COVID-19 typically involves supportive care, such as oxygen therapy and medication to manage symptoms, whereas antiviral medications like oseltamivir (Tamiflu) are often prescribed for seasonal flu.\n\nIn summary, while both coronavirus and seasonal flu are respiratory illnesses, they differ significantly in terms of their contagiousness, severity, incubation period, diagnosis, and treatment."
    },
    "32": {
        "original": "Does SARS-CoV-2 have any subtypes, and if so what are they?",
        "expanded": "SARS-CoV-2, the virus responsible for COVID-19, has several subtypes or lineages. These subtypes are classified based on the genetic variations in the viral genome, particularly in the spike protein. The World Health Organization (WHO) and other global health authorities have identified multiple lineages of SARS-CoV-2, which are designated using a standardized nomenclature system. \n\nSome of the notable subtypes of SARS-CoV-2 include Alpha, Beta, Gamma, and Delta variants, which were previously considered 'Variants of Concern' due to their increased transmissibility, virulence, or potential impact on vaccine effectiveness. The Alpha variant, also known as B.1.1.7, was first detected in the UK and has been associated with increased transmissibility. The Beta variant, also known as B.1.351, was identified in South Africa and has been linked to decreased vaccine effectiveness. The Gamma variant, also known as P.1, emerged in Brazil and has been associated with increased transmissibility and immune evasion. The Delta variant, also known as B.1.617.2, was first detected in India and has been linked to increased transmissibility and hospitalization rates.\n\nAdditionally, there are several other subtypes, including Lambda, Mu, and Omicron, which have been identified and are being monitored by global health authorities. These subtypes are not necessarily 'Variants of Concern,' but their genetic changes may impact the efficacy of diagnostic tests, vaccines, or treatments. As the pandemic continues to evolve, it is likely that new subtypes of SARS-CoV-2 will emerge, and continued genomic surveillance is necessary to track these changes and inform vaccine development and public health strategies."
    },
    "33": {
        "original": "What vaccine candidates are being tested for Covid-19?",
        "expanded": "As of now, there are numerous vaccine candidates being tested for COVID-19, with several reaching advanced stages of clinical trials. Some of the most promising ones include:\n\n* Pfizer-BioNTech's mRNA-based vaccine, Comirnaty, which has received Emergency Use Authorization (EUA) in several countries including the United States, the United Kingdom, and the European Union.\n* Moderna Therapeutics' mRNA-based vaccine, mRNA-1273, which has also received EUA in the United States and is being reviewed by other regulatory agencies globally.\n* AstraZeneca's adenovirus vector-based vaccine, AZD1222, which is in Phase III trials and has been authorized for emergency use in several countries including the United Kingdom and India.\n* Johnson & Johnson's adenovector-based vaccine, Ad26.COV2.S, which has initiated Phase III trials and has received EUA in the United States.\n* Novavax's protein-based vaccine, NVX-CoV2373, which has entered Phase III trials and has demonstrated positive results in early-stage studies.\n* Sinovac Biotech's inactivated whole virus vaccine, CoronaVac, which has been approved for emergency use in several countries including China and Indonesia.\n* Serum Institute of India's inactivated whole virus vaccine, Covishield, which is being developed in collaboration with AstraZeneca and has received EUA in India.\n* Bharat Biotech's inactivated whole virus vaccine, Covaxin, which is in Phase III trials and has received EUA in India.\n\nThese are just a few examples of the many vaccines being developed against COVID-19. The global effort to combat the pandemic has led to unprecedented collaboration and innovation in the field of vaccine development, with multiple candidates showing promise in various stages of testing."
    },
    "34": {
        "original": "What are the longer-term complications of those who recover from COVID-19?",
        "expanded": "While many individuals who contract COVID-19 make a full recovery, there is growing concern about the potential long-term complications that may arise in some survivors. One of the most significant concerns is the risk of developing chronic lung damage, particularly in those who experienced severe respiratory symptoms during their initial illness. In some cases, this can lead to conditions such as pulmonary fibrosis, which can result in permanent scarring of the lungs and reduced lung function.\n\nIn addition to respiratory problems, some individuals may experience cardiac complications, including inflammation of the heart muscle, known as myocarditis, or scarring of the heart tissue, which can increase the risk of heart failure or arrhythmias. Neurological symptoms, such as memory loss, anxiety, and depression, have also been reported in some COVID-19 survivors, although the underlying mechanisms are not yet fully understood.\n\nOther potential long-term complications of COVID-19 include kidney damage, which can increase the risk of chronic kidney disease, as well as a higher risk of developing conditions such as diabetes and hypertension. Furthermore, some research suggests that COVID-19 may also have a negative impact on cognitive function, particularly in older adults, which can increase the risk of dementia and other neurodegenerative disorders. Lastly, there is also concern about the potential for COVID-19 to trigger or exacerbate underlying autoimmune disorders, such as lupus or rheumatoid arthritis.\n\nIt is essential to note that the risk of developing these complications is not uniform and may vary depending on factors such as age, underlying health status, and the severity of the initial illness. Further research is needed to fully understand the long-term consequences of COVID-19 and to develop effective strategies for managing and preventing these complications."
    },
    "35": {
        "original": "What new public datasets are available related to COVID-19?",
        "expanded": "There are several new public datasets available related to COVID-19, providing valuable resources for researchers, scientists, and policymakers to better understand and combat the pandemic. \n\nOne such dataset is the COVID-19 Open Research Dataset (CORD-19), a free resource of over 130,000 academic papers and research articles related to COVID-19, SARS-CoV-2, and other coronaviruses. The dataset is updated weekly and can be accessed through the Semantic Scholar website.\n\nAnother significant dataset is the Johns Hopkins Coronavirus Resource Center's COVID-19 Data Repository, which provides a comprehensive collection of global COVID-19 data, including cases, deaths, hospitalizations, and testing statistics. The dataset is updated daily and can be accessed through the Johns Hopkins Coronavirus Resource Center website.\n\nThe European Centre for Disease Prevention and Control (ECDC) has also made available a COVID-19 dataset, which provides detailed information on COVID-19 cases, hospitalizations, and deaths across Europe. The dataset can be accessed through the ECDC's Data Platform.\n\nAdditionally, the World Health Organization (WHO) has released a dataset of global COVID-19 situational reports, which provide daily updates on COVID-19 cases, deaths, and affected areas. The dataset can be accessed through the WHO's COVID-19 website.\n\nThese datasets, along with many others, offer a wealth of information to help researchers, policymakers, and the general public better understand the COVID-19 pandemic and develop effective strategies to combat it."
    },
    "36": {
        "original": "What is the protein structure of the SARS-CoV-2 spike?",
        "expanded": "The protein structure of the SARS-CoV-2 spike protein is a trimeric glycoprotein complex that plays a crucial role in the virus's ability to bind and enter host cells. Each monomer of the spike protein is composed of three subunits: S1, S2, and the transmembrane anchor. The S1 subunit is responsible for receptor binding, while the S2 subunit mediates fusion of the viral and host cell membranes. The spike protein is heavily glycosylated, with the majority of its carbohydrate content consisting of complex-type and high-mannose N-glycans. The trimeric structure of the spike protein is stabilized by multiple salt bridges, hydrogen bonds, and disulfide bonds, making it a highly stable and rigid structure. The Receptor-Binding Domain (RBD) on the S1 subunit is responsible for binding to the human angiotensin-converting enzyme 2 (ACE2) receptor, which allows the virus to enter host cells. Overall, the protein structure of the SARS-CoV-2 spike protein is a critical component in the virus's ability to infect and replicate within host cells."
    },
    "37": {
        "original": "What is the result of phylogenetic analysis of SARS-CoV-2 genome sequence?",
        "expanded": "Phylogenetic analysis of the SARS-CoV-2 genome sequence has revealed several significant findings. The analysis has consistently shown that SARS-CoV-2 is most closely related to bat coronaviruses, with a high degree of sequence similarity to a coronavirus identified in bats in China. This suggests that bats are the natural reservoir of the virus, and that SARS-CoV-2 likely originated from a bat coronavirus that jumped to humans through an intermediate animal host. The analysis has also identified two distinct lineages of SARS-CoV-2, denoted as L and S, which may have originated from separate animal sources. Furthermore, the phylogenetic tree constructed from SARS-CoV-2 genome sequences has shown a high degree of similarity among sequences from different geographic locations, indicating that the virus has been circulating globally and spreading rapidly through human-to-human transmission. Overall, the results of phylogenetic analysis of SARS-CoV-2 genome sequence have provided valuable insights into the origins, evolution, and transmission dynamics of the virus."
    },
    "38": {
        "original": "What is the mechanism of inflammatory response and pathogenesis of COVID-19 cases?",
        "expanded": "The mechanism of inflammatory response and pathogenesis of COVID-19 cases involve a complex interplay of immune cells, cytokines, and chemicals that ultimately lead to tissue damage and disease progression. When SARS-CoV-2 enters the body, it binds to the angiotensin-converting enzyme 2 (ACE2) receptors on the surface of respiratory epithelial cells. The virus then releases its genetic material, which is recognized by pattern recognition receptors, triggering the activation of immune cells such as dendritic cells and macrophages. These immune cells produce pro-inflammatory cytokines, including interleukin-1 beta (IL-1\u03b2), interleukin-6 (IL-6), and tumor necrosis factor-alpha (TNF-\u03b1), which recruit neutrophils and monocytes to the site of infection.\n\nThe release of pro-inflammatory cytokines and chemokines creates a cytokine storm, characterized by an overabundance of these signaling molecules. This storm leads to the activation of multiple immune cell types, including T cells and B cells, which further exacerbate the inflammatory response. The cytokine storm also induces the production of reactive oxygen species (ROS), which can cause oxidative stress and damage to lung tissues.\n\nIn severe COVID-19 cases, the uncontrolled inflammatory response can lead to acute respiratory distress syndrome (ARDS), characterized by widespread inflammation, edema, and damage to the alveoli. The pathogenesis of COVID-19 is further complicated by the fact that SARS-CoV-2 can also infect and dysregulate the immune system, leading to the suppression of interferon responses and the exacerbation of inflammation.\n\nOverall, the mechanism of inflammatory response and pathogenesis of COVID-19 cases involves a complex interplay of immune cells, cytokines, and chemicals, which ultimately lead to tissue damage and disease progression. Understanding this mechanism is crucial for the development of effective therapeutic strategies to mitigate the severity of COVID-19."
    },
    "39": {
        "original": "What is the mechanism of cytokine storm syndrome on the COVID-19?",
        "expanded": "Cytokine storm syndrome is a severe and potentially life-threatening complication of COVID-19, characterized by an overactive immune response. The mechanism of cytokine storm syndrome in COVID-19 involves a complex interplay between the virus, immune cells, and cytokines. \n\nWhen SARS-CoV-2 infects the body, it triggers an immune response, which activates immune cells such as macrophages and T cells to produce cytokines. Cytokines are signaling molecules that help to coordinate the immune response. However, in some individuals, the immune response becomes overactive, leading to an uncontrolled release of pro-inflammatory cytokines, including TNF-\u03b1, IL-1\u03b2, IL-6, and IL-12. \n\nThese cytokines, in turn, activate more immune cells, creating a positive feedback loop that amplifies the immune response. The resulting \"cytokine storm\" leads to a surge in the production of reactive oxygen species, prostaglandins, and other inflammatory mediators, which can cause widespread tissue damage and organ dysfunction. \n\nIn the context of COVID-19, the cytokine storm syndrome is thought to contribute to the development of acute respiratory distress syndrome (ARDS), a severe complication of the disease. The excessive inflammation and tissue damage caused by the cytokine storm can lead to respiratory failure, shock, and even death."
    },
    "40": {
        "original": "What are the observed mutations in the SARS-CoV-2 genome and how often do the mutations occur?",
        "expanded": "The SARS-CoV-2 genome has undergone numerous mutations since its emergence in late 2019. These mutations have been observed through genome sequencing of viral samples from infected individuals around the world. The mutations can be classified into three main categories: synonymous, nonsynonymous, and insertions/deletions. Synonymous mutations do not alter the amino acid sequence of the viral proteins, while nonsynonymous mutations result in changes to the amino acid sequence. Insertions/deletions involve the addition or removal of one or more nucleotides from the genome.\n\nStudies have identified several hotspot mutations in the SARS-CoV-2 genome, including the D614G mutation in the spike protein, which has been observed in over 90% of global sequences. Other notable mutations include the P681R mutation in the furin cleavage site, the HV69-70del deletion in the ORF7b gene, and the A222V mutation in the nucleocapsid protein. These mutations have been linked to increased transmissibility, immune evasion, and altered virulence.\n\nThe frequency of SARS-CoV-2 mutations varies widely, with some occurring in a significant proportion of global sequences, while others are rare or limited to specific geographic regions. On average, the mutation rate of SARS-CoV-2 is estimated to be around 10^-5 to 10^-4 per nucleotide per year, which is relatively slow compared to other RNA viruses. However, the high transmissibility and rapid spread of SARS-CoV-2 have allowed these mutations to accumulate and spread rapidly around the world. Continuous genome sequencing and monitoring of viral samples are essential for tracking the evolution of SARS-CoV-2 and informing public health strategies to combat the pandemic."
    },
    "41": {
        "original": "What are the impacts of COVID-19 among African-Americans that differ from the rest of the U.S. population?",
        "expanded": "The COVID-19 pandemic has disproportionately affected African Americans, revealing deep-seated health and socioeconomic disparities that exist within the United States. Several factors have contributed to the unique impacts of COVID-19 on African Americans, differing from the rest of the U.S. population. \n\nFirstly, African Americans are more likely to have underlying health conditions, such as diabetes, hypertension, and heart disease, which increase the risk of severe illness and death from COVID-19. Furthermore, they are more likely to live in densely populated areas with limited access to healthcare resources, healthy food, and clean air and water, making them more vulnerable to infection and severe outcomes.\n\nSecondly, African Americans are overrepresented in essential industries, such as healthcare, transportation, and food service, which increases their exposure to the virus. Additionally, they are more likely to rely on public transportation, which can also increase their risk of exposure. \n\nThirdly, African Americans have faced significant barriers in accessing COVID-19 testing and medical care, including lack of health insurance, limited access to healthcare providers, and implicit bias in the healthcare system. This has resulted in delayed diagnoses, inadequate treatment, and poorer health outcomes.\n\nLastly, the economic impacts of COVID-19 have been particularly devastating for African Americans, who have faced higher rates of unemployment, reduced work hours, and layoffs. This has resulted in increased financial strain, food insecurity, and housing instability, further exacerbating the physical and mental health consequences of the pandemic.\n\nIn conclusion, the impacts of COVID-19 on African Americans have been severe and far-reaching, highlighting long-standing systemic inequalities in healthcare, economic opportunity, and social determinants of health. Addressing these disparities is crucial to mitigating the effects of the pandemic and promoting health equity for all."
    },
    "42": {
        "original": "Does Vitamin D impact COVID-19 prevention and treatment?",
        "expanded": "Research suggests that Vitamin D may play a role in the prevention and treatment of COVID-19. Vitamin D is essential for maintaining a healthy immune system, and deficiencies in this nutrient have been linked to increased susceptibility to respiratory infections. Several studies have found that individuals with lower levels of Vitamin D are more likely to contract COVID-19, experience severe symptoms, and require hospitalization. Conversely, research has shown that Vitamin D supplementation may help reduce the risk of COVID-19 infection and alleviate symptoms in infected individuals. \n\nA 2020 study published in the Journal of Infectious Diseases found that Vitamin D-deficient patients were more likely to develop severe COVID-19, and another study published in the Journal of Clinical Medicine in 2021 discovered that Vitamin D supplementation reduced the risk of ICU admission and mortality in COVID-19 patients. While the evidence is promising, more research is needed to fully understand the relationship between Vitamin D and COVID-19 prevention and treatment. Nevertheless, maintaining adequate Vitamin D levels through sun exposure, diet, or supplementation may be a valuable addition to public health strategies aimed at combating the pandemic."
    },
    "43": {
        "original": "How has the COVID-19 pandemic impacted violence in society, including violent crimes?",
        "expanded": "The COVID-19 pandemic has had a profound impact on violence in society, with varying effects on different types of violent crimes. On one hand, the lockdowns and social distancing measures imposed to combat the spread of the virus have led to a decrease in some forms of violent crime, such as robbery and property crime. With fewer people out in public, there have been fewer opportunities for criminals to commit these types of crimes. Additionally, the increased police presence in many areas has also contributed to a decline in these crimes.\n\nOn the other hand, the pandemic has also led to an increase in other forms of violence, including domestic violence and intimate partner violence. The isolation and economic strain caused by the pandemic have put a significant amount of pressure on families and relationships, leading to an uptick in reports of domestic violence. Furthermore, the pandemic has also led to an increase in cybercrime, including online harassment and extortion, as more people have turned to digital platforms to socialize and conduct business.\n\nMoreover, the pandemic has also exacerbated existing social and economic inequalities, leading to an increase in violent protests and civil unrest. As governments have implemented strict measures to control the spread of the virus, many individuals and groups have felt their rights and freedoms being curtailed, leading to an increase in violent clashes between protesters and law enforcement.\n\nOverall, the impact of the COVID-19 pandemic on violence in society has been complex and multifaceted. While some forms of violent crime have decreased, others have increased, and the pandemic has also brought to the fore existing social and economic tensions. As the pandemic continues to evolve, it is essential to address these issues and work towards creating a safer and more equitable society for all."
    },
    "44": {
        "original": "How much impact do masks have on preventing the spread of the COVID-19?",
        "expanded": "Masks have been a crucial tool in preventing the spread of COVID-19 since the start of the pandemic. Studies have consistently shown that wearing masks can significantly reduce the transmission of the virus. According to the Centers for Disease Control and Prevention (CDC), masks can reduce the chances of transmitting COVID-19 by 50-70%. This is because masks act as a physical barrier, blocking respiratory droplets that contain the virus from spreading into the air and onto surfaces. By wearing masks, individuals can prevent the virus from escaping their mouths and noses, thereby reducing the risk of infecting others. Furthermore, masks can also reduce the amount of virus that an individual inhales, providing an added layer of protection for the wearer. The impact of masks on preventing the spread of COVID-19 has been demonstrated in numerous real-world scenarios, including in healthcare settings, on public transportation, and in communities with high transmission rates. In fact, many countries and regions that have made mask-wearing mandatory have seen significant declines in COVID-19 cases and hospitalizations. Overall, the evidence is clear: masks play a vital role in preventing the spread of COVID-19, and their widespread adoption is essential to controlling the pandemic."
    },
    "45": {
        "original": "How has the COVID-19 pandemic impacted mental health?",
        "expanded": "The COVID-19 pandemic has had a profound impact on mental health globally. The sudden and unprecedented crisis has triggered a wide range of emotional responses, from mild anxiety and fear to severe depression and post-traumatic stress disorder (PTSD). The isolation and social distancing measures, although crucial in slowing the spread of the virus, have inadvertently contributed to feelings of loneliness, disconnection, and despair.\n\nThe pandemic has also disrupted routines, livelihoods, and a sense of control, leading to increased stress levels and decreased mental well-being. Frontline healthcare workers, in particular, have been vulnerable to burnout, compassion fatigue, and secondary trauma. Additionally, the economic downturn and job insecurity have exacerbated existing mental health conditions, such as anxiety and depression, and have even triggered new cases.\n\nMoreover, the pandemic has disproportionately affected vulnerable populations, including children, adolescents, and older adults. The closure of schools and the lack of social interaction have severely impacted the mental health of young people, leading to increased rates of anxiety, depression, and suicidal ideation. Older adults, who often rely on social connections for emotional support, have been particularly susceptible to feelings of loneliness and isolation.\n\nThe pandemic has also highlighted the need for accessible and affordable mental health services. Telemedicine and online therapy platforms have emerged as essential tools in bridging the gap between demand and supply, but significant disparities in access to care persist, particularly in low-resource settings. As the pandemic continues to evolve, it is essential to prioritize mental health support, reduce stigma around mental illness, and foster a culture of empathy and understanding."
    },
    "46": {
        "original": "what evidence is there for dexamethasone as a treatment for COVID-19?",
        "expanded": "The evidence for dexamethasone as a treatment for COVID-19 is based on the results of the Randomized Evaluation of COVID-19 Therapy (RECOVERY) trial, a large, randomized, controlled trial conducted in the UK. The trial, which involved over 6,000 patients hospitalized with COVID-19, found that dexamethasone, a corticosteroid, significantly reduced mortality in patients receiving mechanical ventilation (RR 0.65, 95% CI 0.48-0.88) and in those receiving oxygen therapy alone (RR 0.82, 95% CI 0.67-1.01). The trial showed that dexamethasone reduced mortality by one-third in ventilated patients and by one-fifth in patients receiving oxygen therapy. The benefit of dexamethasone was most pronounced in patients with severe COVID-19, and the results supported the use of dexamethasone as a standard of care for patients with severe COVID-19.\n\nFurther evidence comes from a meta-analysis of seven clinical trials, including the RECOVERY trial, which confirmed the beneficial effects of corticosteroids, including dexamethasone, on mortality and mechanical ventilation in patients with COVID-19. The World Health Organization (WHO) and other international health authorities have subsequently recommended the use of dexamethasone or other corticosteroids in hospitalized patients with severe or critical COVID-19. Overall, the evidence from the RECOVERY trial and subsequent meta-analyses support the use of dexamethasone as an effective treatment for severe COVID-19."
    },
    "47": {
        "original": "what are the health outcomes for children who contract COVID-19?",
        "expanded": "Fortunately, children who contract COVID-19 tend to experience mild symptoms, and severe outcomes are relatively rare. According to the World Health Organization (WHO), most children with COVID-19 exhibit symptoms similar to those of a common cold, such as fever, cough, and runny nose. In many cases, children are asymptomatic, meaning they do not display any noticeable symptoms at all.\n\nStudies have shown that children under the age of 10 are at a lower risk of developing severe COVID-19 compared to adults. In a systematic review of 46 studies involving over 12,000 children, researchers found that only 1.5% of children required hospitalization due to COVID-19, and the case-fatality rate was less than 0.01%. The majority of children who did require hospitalization were those with underlying health conditions, such as heart disease or chronic lung disease.\n\nHowever, some children may be at higher risk of developing severe COVID-19, including those with certain underlying medical conditions, such as cystic fibrosis or cancer, and those who are immunocompromised. In rare cases, children may develop multisystem inflammatory syndrome in children (MIS-C), a condition characterized by inflammation in multiple organ systems, including the heart, lungs, and gastrointestinal tract.\n\nOverall, while COVID-19 can pose a risk to children, the vast majority of pediatric cases are mild, and severe outcomes are uncommon. It is essential for parents and caregivers to continue taking precautions to prevent the spread of COVID-19, such as practicing good hygiene, wearing masks, and following social distancing guidelines, to minimize the risk of infection and severe illness in children."
    },
    "48": {
        "original": "what are the benefits and risks of re-opening schools in the midst of the COVID-19 pandemic?",
        "expanded": "Re-opening schools in the midst of the COVID-19 pandemic is a complex and contentious issue, weighing the benefits of in-person education against the risks of transmission. On one hand, the benefits of re-opening schools include the social and emotional development of children, who thrive on interaction with peers and teachers, as well as the opportunity for hands-on learning and extracurricular activities that online platforms may not be able to replicate. Additionally, many working parents rely on schools to provide childcare, and closing schools can exacerbate socioeconomic disparities. Furthermore, prolonged school closures can lead to learning losses, particularly for disadvantaged students who may not have access to resources and support outside of the classroom.\n\nOn the other hand, the risks of re-opening schools cannot be ignored. The COVID-19 pandemic poses a significant threat to public health, particularly for vulnerable populations such as the elderly, young children, and those with compromised immune systems. Schools can become hubs for transmission, putting not only students and teachers at risk but also their families and the broader community. Moreover, the logistical challenges of implementing safety measures such as social distancing, mask-wearing, and enhanced cleaning protocols can be daunting, and the effectiveness of these measures is not yet fully understood. Ultimately, the decision to re-open schools requires a nuanced weighing of the benefits and risks, taking into account local circumstances, public health guidelines, and the unique needs of students and communities."
    },
    "49": {
        "original": "do individuals who recover from COVID-19 show sufficient immune response, including antibody levels and T-cell mediated immunity, to prevent re-infection?",
        "expanded": "Individuals who recover from COVID-19 typically exhibit a robust immune response, which includes both antibody-mediated and T-cell mediated immunity. Studies have consistently shown that individuals who have recovered from COVID-19 develop neutralizing antibodies, which are capable of blocking the virus from entering host cells, as well as binding antibodies, which mark the virus for destruction by other immune cells. The levels of these antibodies remain detectable for several months post-infection, providing protection against re-infection.\n\nIn addition to antibody-mediated immunity, recovery from COVID-19 also induces a strong T-cell response, including both CD4+ and CD8+ T cells. These cells play a crucial role in recognizing and eliminating infected cells, thereby helping to control viral replication. Moreover, T cells have been shown to persist in the body for an extended period, providing long-term immunity against SARS-CoV-2.\n\nThe duration of immunity against re-infection is still being investigated, but current evidence suggests that it may last for at least 6-12 months. A study published in the New England Journal of Medicine found that individuals who recovered from COVID-19 had robust immune responses, including neutralizing antibodies and T-cell responses, that persisted for at least 8 months. Another study published in the journal Nature Medicine found that the immune response against SARS-CoV-2 was maintained for up to 11 months post-infection.\n\nWhile there have been reports of re-infection, these cases are rare and often occur in individuals with compromised immune systems or those who were infected with different strains of the virus. Overall, the evidence suggests that individuals who recover from COVID-19 develop a sufficient immune response, including both antibody-mediated and T-cell mediated immunity, to prevent re-infection. However, continued monitoring and research are necessary to fully understand the durability of immunity against SARS-CoV-2."
    },
    "50": {
        "original": "what is known about an mRNA vaccine for the SARS-CoV-2 virus?",
        "expanded": "An mRNA vaccine for the SARS-CoV-2 virus is a type of vaccine that uses a piece of genetic material called messenger RNA (mRNA) to instruct cells in the body to produce a protein. In the case of the SARS-CoV-2 virus, the mRNA vaccine is designed to encode for a protein found on the surface of the virus, such as the spike protein. This protein is then recognized by the immune system, triggering an immune response and producing antibodies that can neutralize the virus. \n\nSeveral mRNA vaccines have been developed against SARS-CoV-2, including the Pfizer-BioNTech COVID-19 vaccine and the Moderna COVID-19 vaccine. These vaccines have undergone extensive clinical trials and have been shown to be safe and highly effective in preventing severe illness and hospitalization due to COVID-19. The mRNA vaccines have also been found to be effective against multiple variants of the virus, including the Alpha, Beta, and Gamma variants. \n\nOne of the key advantages of mRNA vaccines is that they can be rapidly developed and manufactured, making them ideal for responding to emerging infectious diseases like COVID-19. Additionally, mRNA vaccines do not require the use of live or inactivated viruses, which can make them safer for people with weakened immune systems. Overall, mRNA vaccines have shown great promise in the fight against SARS-CoV-2 and may play an important role in controlling the pandemic."
    }
}