{
    "19335": {
        "original": "anthropological definition of environment",
        "expanded": [
            "In anthropology, the definition of environment extends beyond the natural world to encompass the cultural, social, and political contexts in which humans interact with their surroundings. This perspective emphasizes that human beings do not exist in isolation from their environment, but are shaped by and shape their environment through their daily practices, beliefs, and values. By examining the dynamic interplay between humans and their environment, anthropologists can gain insights into the complexities of human societies and cultures.",
            "Anthropologists often define environment as a complex system that influences human behavior, culture, and social organization. From this perspective, the environment is seen as a factor that shapes human adaptation, migration, and settlement patterns, as well as the development of social and cultural institutions. By analyzing the environmental context in which human societies evolve, anthropologists can explore how environmental factors, such as climate, geography, and natural resources, impact human behavior and culture.",
            "In anthropological theories, the concept of environment is crucial for understanding cultural and social change. The environment is seen as a dynamic system that is constantly interacting with human societies, driving changes in cultural practices, social structures, and technological developments. By examining the interplay between environment and human societies, anthropologists can develop theories about the drivers of cultural and social change, and how societies adapt to environmental challenges and opportunities. This perspective highlights the importance of considering the environmental context in which human societies evolve and change."
        ]
    },
    "47923": {
        "original": "axon terminals or synaptic knob definition",
        "expanded": [
            "Axon terminals, also known as synaptic knobs or terminal buttons, are the terminals of an axon that form a synapse with another neuron. These small, bulb-like structures contain many small vesicles, or synaptic vesicles, that store neurotransmitters. When an action potential reaches the axon terminal, the vesicles release their neurotransmitters into the synapse, transmitting the signal to the next neuron. Understanding the structure of axon terminals is essential to grasping how neurons communicate with each other.",
            "Axon terminals, or synaptic knobs, play a critical role in synaptic transmission. These structures are responsible for releasing neurotransmitters into the synapse, enabling communication between neurons. When an action potential reaches the axon terminal, the release of neurotransmitters stimulates or inhibits the postsynaptic neuron, depending on the type of neurotransmitter and receptor involved. The release of neurotransmitters from axon terminals is a crucial step in the transmission of neural signals, allowing neurons to communicate and process information.",
            "Axon terminals, or synaptic knobs, are dynamic structures that play a key role in synaptic plasticity, the ability of synapses to change and adapt in response to experience. Changes in the strength of synaptic connections between neurons are thought to be stored in the morphology of axon terminals, which can undergo changes in shape, size, and number of vesicles in response to synaptic activity. This reorganization of axon terminals is believed to be involved in learning and memory formation, and is crucial for neural circuit reorganization during development and in response to injury or disease."
        ]
    },
    "87181": {
        "original": "causes of left ventricular hypertrophy",
        "expanded": [
            "Left ventricular hypertrophy is a complex condition that can arise from multiple factors, including genetic predisposition. Research has identified several genes that can increase the risk of developing left ventricular hypertrophy, particularly those involved in cardiac remodeling and stress response pathways. For instance, mutations in the MYBPC3 gene have been linked to hypertrophic cardiomyopathy, a condition characterized by excessive thickening of the heart muscle. Understanding the genetic causes of left ventricular hypertrophy can help clinicians identify high-risk individuals and develop targeted therapeutic strategies.",
            "Left ventricular hypertrophy is a common complication of long-standing high blood pressure, which can lead to excessive workload on the heart. Prolonged exposure to high blood pressure causes the heart to adapt by thickening its walls, resulting in left ventricular hypertrophy. This thickening can reduce the heart's ability to pump blood efficiently, increasing the risk of heart failure and other cardiovascular complications. Effective management of high blood pressure through lifestyle modifications and antihypertensive medications is crucial in preventing left ventricular hypertrophy and its associated risks.",
            "Cardiac remodeling, a process involving changes in cardiac structure and function, plays a critical role in the development of left ventricular hypertrophy. Following cardiac injury or chronic stress, the heart undergoes remodeling to compensate for the increased workload. However, maladaptive remodeling can lead to excessive thickening of the heart muscle, resulting in left ventricular hypertrophy. Understanding the molecular mechanisms underlying cardiac remodeling can provide insights into the pathogenesis of left ventricular hypertrophy, enabling the development of novel therapeutic strategies to prevent or reverse this condition."
        ]
    },
    "87452": {
        "original": "causes of military suicide",
        "expanded": [
            "Military suicide is a complex issue with multiple underlying causes. Research suggests that mental health factors, such as depression, anxiety, and post-traumatic stress disorder (PTSD), play a significant role in military suicide. The trauma and stress of combat, coupled with the pressure to conform to military culture, can exacerbate these mental health issues. Understanding the mental health factors that contribute to military suicide is crucial in developing effective prevention and intervention strategies.",
            "The military's unique culture and values can both positively and negatively impact suicide rates. On one hand, the sense of camaraderie and esprit de corps can provide a support system for service members. On the other hand, the stigma associated with seeking mental health help and the emphasis on toughness can deter individuals from seeking assistance. To address the causes of military suicide, it is essential to examine the role of military culture in promoting or hindering suicide prevention efforts. By identifying areas for cultural reform, military leaders can create an environment that supports mental health and reduces the risk of suicide.",
            "The experience of deployment and combat can have a profound impact on service members' mental health and well-being. The physical and emotional toll of combat, combined with the uncertainty and danger of deployment, can increase the risk of suicide. Moreover, the transition back to civilian life after deployment can also be a challenging period, marked by feelings of isolation and disconnection. Investigating the relationship between deployment and combat experiences and military suicide rates is critical in understanding the causes of this complex issue. By recognizing the specific challenges faced by service members during and after deployment, military leaders can develop targeted interventions to support their mental health and reduce the risk of suicide."
        ]
    },
    "104861": {
        "original": "cost of interior concrete flooring",
        "expanded": [
            "When considering the cost of interior concrete flooring, it's essential to weigh the benefits against the expenses. Not only does concrete flooring offer a modern aesthetic, but it's also durable, easy to maintain, and can even increase the value of your property. While the initial cost of installation may seem high, the long-term savings on upkeep and replacement make it a worthwhile investment. Moreover, concrete flooring can be customized with various finishes and designs, making it a versatile option for homeowners and businesses alike.",
            "The cost of interior concrete flooring can vary significantly depending on several factors. One of the primary considerations is the size of the area to be covered, as larger spaces require more materials and labor. Additionally, the type of concrete used, such as polished or stamped, can impact the overall cost. Other factors like the location, complexity of the design, and the contractor's experience also play a significant role in determining the final price. Understanding these factors can help homeowners and businesses better plan and budget for their interior concrete flooring project.",
            "When evaluating the cost of interior concrete flooring, it's helpful to compare it to other popular flooring options. While concrete flooring may have a higher upfront cost than alternatives like hardwood or tile, its longevity and low maintenance requirements make it a more cost-effective option in the long run. In contrast, carpeted flooring may require frequent replacement, and laminate flooring can be prone to water damage. By considering the total cost of ownership, homeowners and businesses can make an informed decision about whether interior concrete flooring is the right choice for their needs and budget."
        ]
    },
    "130510": {
        "original": "definition declaratory judgment",
        "expanded": [
            "A declaratory judgment is a binding judgment from a court that defines the legal rights of parties involved in a dispute, without ordering any specific action. It provides a clear definition of the legal issue at hand, helping to clarify the situation and prevent future disputes. Understanding the definition of declaratory judgment is essential in law, as it plays a crucial role in settling disputes and providing relief to parties seeking clarity on their legal rights.",
            "A declaratory judgment is a unique legal remedy that differs from other forms of relief, such as injunctions or damages. While other remedies focus on providing compensation or stopping a particular action, a declaratory judgment focuses on defining the legal rights and obligations of parties involved. This distinction is important, as it highlights the specific purpose of a declaratory judgment: to provide clarity and certainty in a legal dispute, rather than to assign blame or provide redress.",
            "Seeking a declaratory judgment can have several advantages, including providing legal certainty, avoiding future litigation, and resolving disputes efficiently. By obtaining a declaratory judgment, parties can gain a clear understanding of their legal rights and obligations, reducing the risk of future disputes and allowing them to plan accordingly. Additionally, a declaratory judgment can help to avoid prolonged and costly litigation, making it a valuable tool in the resolution of legal disputes."
        ]
    },
    "131843": {
        "original": "definition of a sigmet",
        "expanded": [
            "The term sigmet, short for \"significant meteorological information,\" is a critical concept in aviation that refers to weather conditions that may affect the safety of air travel. According to the International Civil Aviation Organization (ICAO), sigmets are issued by meteorological watch offices to alert pilots and airspace authorities of hazardous weather phenomena, such as thunderstorms, turbulence, and icing conditions. Understanding the definition of sigmet is essential for pilots and air traffic controllers to make informed decisions about flight safety.",
            "In the field of meteorology, sigmets play a vital role in warning of potentially hazardous weather conditions that may impact aviation, navigation, and other activities. The primary purpose of sigmet is to provide timely and accurate information about significant weather events, enabling stakeholders to take necessary precautions to ensure safety and minimize disruptions. By issuing sigmets, meteorological agencies can help mitigate the risks associated with severe weather, such as flight delays, cancellations, and accidents.",
            "Sigmet is an indispensable tool in weather forecasting, as it provides critical information about developing weather systems that may pose a threat to aviation and other activities. Forecasters use sigmets to track and predict the movement and intensity of weather phenomena, such as storms and temperature inversions, which enables them to issue timely warnings and alerts. By analyzing sigmet data, meteorologists can refine their forecasts, improving the accuracy and reliability of their predictions, and ultimately enhancing public safety and decision-making."
        ]
    },
    "146187": {
        "original": "difference between a mcdouble and a double cheeseburger",
        "expanded": [
            "When it comes to comparing a McDouble and a Double Cheeseburger, one crucial aspect to consider is the price difference. A McDouble, a signature sandwich from McDonald's, typically costs around $3.99, while a Double Cheeseburger from various fast-food chains may range from $4.49 to $5.99. Understanding the price disparity between these two burgers can help individuals make an informed decision based on their budget. By examining the cost, nutritional value, and ingredients of each option, consumers can decide which one better suits their preferences.",
            "Delving into the nutritional aspects of a McDouble and a Double Cheeseburger is essential for health-conscious individuals. A McDouble, featuring two beef patties, cheese, pickles, and onions on a bun, packs around 390 calories, 21 grams of fat, and 1040mg of sodium. In contrast, a Double Cheeseburger from other fast-food chains may contain significantly more calories, fat, and sodium due to varying ingredients and cooking methods. By analyzing the nutritional differences between these two popular burgers, consumers can make a more informed decision about their diet and potentially choose a healthier option.",
            "A closer look at the ingredients and preparation methods of a McDouble and a Double Cheeseburger reveals distinct differences. The McDouble, a McDonald's specialty, features a proprietary beef patty, processed American cheese, pickles, onions, and a sesame seed bun. In contrast, a Double Cheeseburger from other chains might employ fresh beef, cheddar cheese, lettuce, tomato, and a toasted bun. Additionally, cooking methods vary, with McDonald's employing a griddle-cooked patty versus other chains' broiler-cooked or flat-top-cooked options. Understanding these ingredient and preparation disparities can help consumers appreciate the unique characteristics of each burger and make a more informed dining decision."
        ]
    },
    "148538": {
        "original": "difference between rn and bsn",
        "expanded": [
            "When it comes to pursuing a career in nursing, it's essential to understand the difference between RN (Registered Nurse) and BSN (Bachelor of Science in Nursing) degrees. While both paths can lead to a fulfilling career, the educational requirements are distinct. An RN typically requires an associate's degree in nursing or a diploma in nursing, whereas a BSN requires a four-year bachelor's degree in nursing. This difference in education can impact the role and responsibilities of a nurse, as well as their potential career advancement opportunities.",
            "The difference between RN and BSN degrees extends beyond the classroom and into the clinical setting. RN programs typically offer more hands-on training and focus on preparing students for the NCLEX-RN exam, whereas BSN programs provide a more comprehensive education, including coursework in leadership, research, and community health. This distinction in clinical experience can prepare BSN graduates for more advanced roles or specialized positions. However, RNs can still gain valuable experience through on-the-job training and continuing education.",
            "While both RN and BSN degrees can lead to a successful nursing career, the opportunities for advancement differ. BSN holders often have more opportunities for leadership roles, specialized positions, and higher salaries. In contrast, RNs may need to pursue additional education or certifications to advance their careers. Despite this, many RNs go on to earn their BSN or advanced degrees, further blurring the lines between the two degrees. Ultimately, the difference between RN and BSN degrees lies not only in the education and training but also in the career paths and opportunities that follow."
        ]
    },
    "156493": {
        "original": "do goldfish grow",
        "expanded": [
            "Goldfish growth is a fascinating topic for many aquarium enthusiasts. Do goldfish grow, and if so, how fast? The answer is yes, goldfish do grow, but their growth rate depends on various factors such as diet, water quality, and tank size. On average, goldfish can grow up to 1-2 inches per year, with some species growing faster than others. Understanding the growth rate of goldfish is crucial for providing them with a suitable environment and ensuring their overall health.",
            "One common question among goldfish owners is whether these fish can reach their full size in captivity. Do goldfish grow, and if so, can they attain their maximum size in a home aquarium? The answer is yes, goldfish can grow to their full size in captivity, but it requires proper care and a suitable environment. With adequate space, nutrition, and water quality, goldfish can thrive and reach their full size, which can vary depending on the species. However, poor conditions can stunt their growth, making it essential to provide optimal care.",
            "For those interested in understanding goldfish growth, it's essential to know the factors that influence their growth rate. Do goldfish grow, and what affects their growth? Several factors can impact goldfish growth, including genetics, diet, water quality, tank size, and temperature. By understanding these factors, aquarium enthusiasts can optimize their goldfish's environment to promote healthy growth and prevent stunted development. By recognizing the impact of these factors, goldfish owners can take steps to provide the best possible care for their pets."
        ]
    },
    "168216": {
        "original": "does legionella pneumophila cause pneumonia",
        "expanded": [
            "Legionella pneumophila, a type of bacteria, is often linked to pneumonia, a serious and potentially life-threatening respiratory infection. While not the only cause of pneumonia, Legionella pneumophila is a known pathogen that can lead to this condition, particularly in individuals with compromised immune systems. Research has shown that Legionella pneumophila can cause pneumonia, especially in environments where the bacteria are present in water systems, such as in hotels, hospitals, and other large buildings. Understanding the correlation between Legionella pneumophila and pneumonia is crucial for developing effective prevention and treatment strategies.",
            "Legionella pneumophila is a key culprit behind atypical pneumonia, a type of pneumonia that exhibits non-classical symptoms. Unlike typical pneumonia, which often presents with clear signs such as fever, chills, and cough, atypical pneumonia can be more difficult to diagnose due to its subtle symptoms. Legionella pneumophila is one of the primary causes of atypical pneumonia, which can be particularly challenging to treat. By recognizing the potential for Legionella pneumophila to lead to atypical pneumonia, healthcare professionals can take a more targeted approach to diagnosis and treatment.",
            "Legionella pneumophila induces pneumonia in humans through a complex process involving the bacterium's ability to replicate within host cells. Once inhaled, Legionella pneumophila targets alveolar macrophages in the lungs, where it produces proteins that disrupt normal cellular function. This leads to an inflammatory response, which can ultimately cause pneumonia. Understanding the mechanisms by which Legionella pneumophila induces pneumonia is essential for developing effective therapeutic strategies and preventing the spread of this disease. By exploring the relationship between Legionella pneumophila and pneumonia, researchers can uncover new avenues for treatment and prevention."
        ]
    },
    "182539": {
        "original": "example of monotonic function",
        "expanded": [
            "A monotonic function is a function that preserves the given order. For instance, a monotonic increasing function is one where the output value increases as the input value increases. A simple example of a monotonic increasing function is the exponential function f(x) = 2^x, where the output value doubles with every increment in the input value. In machine learning, monotonic increasing functions are often used to model real-world phenomena, such as the relationship between the number of hours studied and the grade received. The monotonicity property ensures that an increase in the input will always result in an increase in the output, making it a useful concept in data analysis.",
            "In calculus, a monotonic function is a function that is either entirely increasing or entirely decreasing. This property is essential in optimization problems, where the goal is to find the maximum or minimum value of a function. For example, the function f(x) = x^3 is a monotonic increasing function, whereas the function f(x) = -x^2 is a monotonic decreasing function. Understanding monotonicity is crucial in calculus, as it helps in determining the behavior of functions and identifying the optimal points. In addition, monotonic functions have numerous applications in physics, engineering, and economics, where they are used to model real-world phenomena, such as the relationship between distance and velocity.",
            "In probability theory, a monotonic function is used to model stochastic phenomena, such as the probability of an event occurring. For instance, the cumulative distribution function (CDF) is a monotonic increasing function, where the probability of an event increases as the input value increases. The monotonicity property ensures that the probability of an event never decreases as the input value increases. In addition, monotonic functions are used in decision theory, where they help in modeling the uncertainty associated with decision-making. By understanding monotonic functions, we can better analyze and make predictions about stochastic events, and make informed decisions in the face of uncertainty."
        ]
    },
    "183378": {
        "original": "exons definition biology",
        "expanded": [
            "In molecular biology, the study of exons definition biology is crucial to understanding gene expression. Exons are the coding regions of DNA that contain the genetic information necessary for protein synthesis. These sequences are interspersed with non-coding regions called introns, which are removed during RNA splicing. The exons definition biology emphasizes the importance of these regions in determining the final protein product.",
            "The exons definition biology highlights their critical function in gene expression. During transcription, exons are copied into RNA, which is then translated into protein. The exons' sequences determine the amino acid sequence of the resulting protein, influencing its structure, function, and interactions. Understanding the role of exons in gene expression is vital for elucidating the mechanisms underlying various biological processes and diseases.",
            "In eukaryotic cells, the exons definition biology encompasses different types of exons, each with distinct characteristics. Constitutive exons are always included in the final mRNA transcript, while alternative exons are selectively included or excluded, leading to different isoforms. There are also exons with specific functions, such as microexons, which are short and play regulatory roles. Elucidating the types of exons in eukaryotic cells is essential for understanding the complexity of gene regulation and its impact on cellular processes.\n\nEach passage addresses the original query \"exons definition biology\" while exploring a specific aspect related to the sub-query, which can help retrieve relevant documents from a vector database."
        ]
    },
    "207786": {
        "original": "how are some sharks warm blooded",
        "expanded": [
            "While most sharks are ectothermic, meaning their body temperature is regulated by the surrounding environment, some species have evolved to be partially endothermic, or warm-blooded. This ability is largely due to the presence of specialized blood vessels called rete mirabile, or \"miracle nets,\" which help to conserve heat generated by their muscles. For example, the shortfin mako shark is able to swim quickly and efficiently, generating heat that is then retained by its rete mirabile, allowing it to hunt in cold waters. Understanding how some sharks regulate their body temperature can provide insights into their behavior, physiology, and adaptation to their environment.",
            "Sharks are often associated with cold-bloodedness, but some species have developed remarkable adaptations to maintain a higher body temperature than their surroundings. One such adaptation is the presence of thermogenic organs, which are specialized tissues that generate heat through cellular respiration. For instance, the Greenland shark has a thermogenic liver that produces heat, allowing it to swim in freezing Arctic waters. Additionally, some sharks have a unique circulatory system that allows them to conserve heat generated by their muscles, enabling them to maintain a higher body temperature than their environment. By exploring how some sharks maintain a higher body temperature, we can gain a deeper understanding of their physiological and behavioral adaptations.",
            "Contrary to popular belief, not all sharks are cold-blooded. Some species, such as the blue shark and the porbeagle shark, have been observed to elevate their body temperature above the surrounding water temperature. This ability is often linked to their energetic lifestyles, which require them to generate heat through muscle activity. For example, the blue shark is an active predator that needs to swim quickly to catch its prey, generating heat that is then retained by its circulatory system. By studying which shark species are capable of elevating their body temperature, we can better understand their ecological roles and adaptations to their environment."
        ]
    },
    "264014": {
        "original": "how long is life cycle of flea",
        "expanded": [
            "Understanding the life cycle of fleas is crucial for effective pest control. The average lifespan of a flea is approximately 2-3 months, although factors like nutrition, environment, and species can influence this duration. Knowing the life cycle of fleas helps pet owners and pest control professionals develop targeted strategies to eliminate infestations. For instance, adult fleas can live for several weeks without feeding, making them a persistent problem if not addressed promptly.",
            "Delving into the life cycle of fleas reveals a complex process involving multiple stages. The life cycle of fleas consists of four primary stages: egg, larva, pupa, and adult. Eggs are laid on the host animal, while larvae feed on organic debris and flea dirt. The pupal stage is a resting phase before emergence as adult fleas, which then feed on the host's blood. Understanding these stages is vital for developing effective flea control measures, such as targeting specific stages with appropriate treatments.",
            "Environmental factors play a significant role in shaping the life cycle of fleas. Temperature, humidity, and nutrition all influence the duration and success of a flea's life cycle. For example, warm and humid environments can accelerate the development of flea eggs, while cooler temperatures can slow it down. Additionally, access to a suitable host and adequate nutrition are essential for flea survival. By considering these environmental factors, pet owners and pest control professionals can adapt their strategies to effectively manage flea populations and prevent infestations."
        ]
    },
    "359349": {
        "original": "how to find the midsegment of a trapezoid",
        "expanded": [
            "When exploring how to find the midsegment of a trapezoid, it's essential to understand the concept of a midsegment in geometry. A midsegment is a line segment that connects the midpoints of two sides of a polygon, in this case, a trapezoid. Finding the midsegment involves identifying the midpoints of the two opposite sides and drawing a line through them. This definition is crucial in solving problems related to the midsegment of a trapezoid.",
            "To find the midsegment of a trapezoid, one must first find the midpoint of each side. The midpoint formula comes in handy here. Given two points (x1, y1) and (x2, y2), the midpoint is calculated as ((x1+x2)/2, (y1+y2)/2). By applying this formula to each side of the trapezoid, you can find the midpoints and subsequently, the midsegment. This step is critical in solving the original problem of finding the midsegment of a trapezoid.",
            "The midsegment of a trapezoid has distinct properties that can aid in its calculation. One key property is that the midsegment is parallel to the bases of the trapezoid and its length is equal to the average of the lengths of the two bases. Additionally, the midsegment divides the trapezoid into two smaller trapezoids of equal area. Understanding these properties can help in deriving the midsegment and addressing the original question of how to find the midsegment of a trapezoid."
        ]
    },
    "405717": {
        "original": "is cdg airport in main paris",
        "expanded": [
            "While CDG airport is not situated in the heart of Paris, it is indeed located within the metropolitan area of the French capital. As one of the three main international airports serving Paris, CDG is about 25 kilometers northeast of the city center, making it a convenient option for travelers. Although it's not in main Paris, CDG's proximity to the city and excellent transportation links ensure easy access to the city's attractions.",
            "CDG airport is technically not within the city limits of Paris, but it is an integral part of the \u00cele-de-France region, which encompasses the metropolitan area of Paris. As the largest airport in France, CDG serves as a vital transportation hub for the region, connecting Paris to the rest of Europe and the world. While it may not be in the heart of Paris, its location in the surrounding area makes it an essential component of the region's infrastructure.",
            "CDG airport may not be in main Paris, but its distance from the city center is relatively short. Approximately 30-40 minutes by car or taxi, CDG is also accessible via public transportation, including the RER B train line, which takes around 35-40 minutes to reach the city center. Despite not being in the heart of Paris, CDG's proximity and well-connected transportation network make it a convenient airport for travelers visiting the city.\n\nEach passage addresses the original query \"is cdg airport in main paris\" and provides additional context and information related to the sub-queries, allowing for a more comprehensive understanding of the topic."
        ]
    },
    "443396": {
        "original": "lps laws definition",
        "expanded": [
            "The Individuals with Disabilities Education Act (IDEA) encompasses a set of regulations known as the Least Restrictive Environment (LRE) provisions, which are often referred to as LPS laws. These laws ensure that students with disabilities are educated alongside their non-disabled peers to the maximum extent appropriate, while still receiving the support they need. In special education, LPS laws definition is crucial in determining the most suitable educational environment for each student. By understanding LPS laws, educators and policymakers can create inclusive learning environments that promote socialization, skill development, and academic growth for students with disabilities.",
            "LPS laws definition is critical in informing placement decisions for students with disabilities. These laws emphasize the importance of providing a range of placement options to ensure that students receive an education that is tailored to their unique needs. The LRE provision requires that students be educated in a setting that is as close to a regular classroom as possible, while still providing the necessary accommodations and support services. By considering LPS laws, educators and administrators can make informed placement decisions that balance the needs of individual students with the goal of providing an inclusive and supportive learning environment.",
            "The concept of LPS laws has undergone significant changes and refinements since its inception in the 1970s. The initial passage of the Education for All Handicapped Children Act (EHA) in 1975 marked a critical turning point in the history of special education, as it established the foundation for LPS laws definition. Over time, amendments to the law, such as the IDEA, have expanded and clarified the provisions, leading to a greater emphasis on inclusion and individualized support. Understanding the history and evolution of LPS laws provides valuable context for educators, policymakers, and researchers seeking to improve educational outcomes for students with disabilities."
        ]
    },
    "451602": {
        "original": "medicare's definition of mechanical ventilation",
        "expanded": [
            "Medicare's definition of mechanical ventilation is crucial in determining the eligibility of patients for reimbursement. The Centers for Medicare and Medicaid Services (CMS) have established specific criteria for mechanical ventilation, which includes the use of life-sustaining devices, such as ventilators, to support breathing. Understanding these criteria is essential for healthcare providers to ensure that their patients receive the necessary care while also avoiding potential disputes over reimbursement. By grasping Medicare's definition of mechanical ventilation, healthcare professionals can make informed decisions about patient care and billing.",
            "Medicare's definition of mechanical ventilation encompasses both invasive and non-invasive types. Invasive mechanical ventilation involves the insertion of an endotracheal tube into the patient's airway, whereas non-invasive ventilation uses a mask or other interface to deliver oxygen. Medicare differentiates between these two types, as they have distinct reimbursement rates and requirements. Healthcare providers must accurately identify the type of mechanical ventilation used to ensure proper billing and reimbursement. By understanding Medicare's definition of mechanical ventilation, healthcare professionals can navigate the complexities of reimbursement for invasive and non-invasive ventilation.",
            "Medicare's definition of mechanical ventilation has significant implications for patient care and outcomes. The definition influences the type of care patients receive, as well as the length of stay in intensive care units (ICUs). Moreover, it affects the allocation of resources, such as staffing and equipment, in ICUs. By understanding Medicare's definition of mechanical ventilation, healthcare professionals can develop effective strategies to improve patient outcomes, reduce length of stay, and optimize resource allocation. Furthermore, this understanding can inform policy decisions, ensuring that Medicare's definition of mechanical ventilation aligns with the needs of patients and healthcare providers."
        ]
    },
    "489204": {
        "original": "right pelvic pain causes",
        "expanded": [
            "Right pelvic pain can be a symptom of various underlying conditions, including appendicitis, ectopic pregnancy, and inflammatory bowel disease. In many cases, pain in the right lower quadrant of the abdomen can radiate to the pelvis, mimicking right pelvic pain. Understanding the causes of right lower quadrant abdominal pain can help identify the underlying source of pelvic pain and guide appropriate treatment.",
            "Pelvic inflammatory disease (PID) is a common cause of right pelvic pain in women. PID occurs when bacteria infect the reproductive organs, leading to inflammation and pain. Symptoms of PID include pelvic pain, often on the right side, as well as abnormal vaginal discharge, fever, and painful urination. Recognizing the symptoms of PID can help healthcare providers diagnose and treat this condition, alleviating right pelvic pain and preventing complications.",
            "A hernia in the pelvic area can cause right pelvic pain, especially if the hernia is pressing on nearby nerves or organs. Inguinal hernias, which occur in the groin area, can radiate pain to the pelvis, while femoral hernias, which occur near the femoral artery, can cause more direct pelvic pain. Identifying the presence of a hernia can help explain right pelvic pain and guide treatment options, such as surgical repair or watchful waiting."
        ]
    },
    "490595": {
        "original": "rsa definition key",
        "expanded": [
            "The RSA definition is fundamental to cryptography, as it explains the concept of asymmetric encryption using a public-private key pair. In RSA, a large composite number is used as the modulus for both the public and private keys. This allows for secure data transmission over the internet, where anyone can encrypt data using the public key, but only the holder of the private key can decrypt it.",
            "The RSA definition key is a crucial component of the RSA algorithm, which relies on the principles of prime factorization and modular arithmetic. To generate an RSA key, two large prime numbers are chosen, and their product is calculated. The public key is then derived from this product, while the private key is kept secret. Understanding the RSA key generation process is essential for secure communication over the internet.",
            "The RSA definition key plays a critical role in the encryption and decryption process, where plaintext data is converted into ciphertext using the public key, and then decrypted back to plaintext using the private key. For instance, when a user wants to send confidential data to a server, they can encrypt it using the server's public RSA key. The server can then decrypt the data using its private RSA key, ensuring the data remains secure throughout the transmission process.\n\nThese sub-queries and passages aim to capture different aspects of the original question, increasing the chances of retrieving relevant documents from a vector database."
        ]
    },
    "527433": {
        "original": "types of dysarthria from cerebral palsy",
        "expanded": [
            "Cerebral palsy, a neurological disorder, affects muscle tone, movement, and motor skills, including speech. Dysarthria is a common speech disorder in individuals with cerebral palsy, characterized by difficulties articulating words due to weakness, slowness, or incoordination of the muscles used in speaking. There are several types of dysarthria associated with cerebral palsy, including spastic, athetoid, ataxic, hypokinetic, and mixed dysarthria. Each type has distinct characteristics and affects individuals differently, requiring tailored speech therapy and intervention approaches.",
            "Cerebral palsy can significantly impact an individual's ability to articulately speak, resulting in various types of dysarthria. The disorder affects the brain's ability to control muscles involved in speech, leading to difficulties with articulation, phonation, respiration, and prosody. As a result, individuals with cerebral palsy may exhibit speech patterns characterized by distorted sounds, slow rate, slurred speech, or variable pitch and volume. Understanding the effects of cerebral palsy on articulation and speech patterns is essential for speech-language pathologists to develop effective treatment strategies and improve communication outcomes.",
            "Dysarthria, a common consequence of cerebral palsy, can have significant implications for an individual's communication, social interaction, and overall quality of life. The various types of dysarthria, including spastic, athetoid, and ataxic, can affect an individual's ability to express themselves effectively, leading to frustration, social isolation, and reduced participation in daily activities. Furthermore, dysarthria can also impact an individual's access to education, employment, and healthcare services. Therefore, early identification and intervention are crucial to address the speech and communication needs of individuals with cerebral palsy and dysarthria."
        ]
    },
    "573724": {
        "original": "what are the social determinants of health",
        "expanded": [
            "Understanding the social determinants of health is crucial in addressing health inequities. One key aspect is recognizing the impact of socioeconomic factors, such as education, occupation, and income, on health outcomes. For instance, individuals with lower socioeconomic status may experience limited access to healthcare, healthy food, and safe living environments, ultimately leading to poorer health outcomes. By acknowledging these correlations, healthcare providers and policymakers can develop targeted interventions to mitigate these effects and promote health equality.",
            "The social determinants of health encompass a broad range of environmental factors that significantly influence individual health. These include access to green spaces, air and water quality, housing conditions, and exposure to violence or trauma. For example, individuals living in areas with poor air quality are more likely to develop respiratory diseases. By investigating the relationship between environmental factors and health, researchers can identify areas for improvement and inform policy changes that foster healthier living environments.",
            "Social connections and relationships are essential social determinants of health, as they can have a profound impact on both mental and physical wellbeing. Social isolation, for instance, has been linked to increased mortality rates, while strong social networks can provide emotional support, reduce stress, and encourage healthy behaviors. Healthcare providers should consider the importance of social connections when developing treatment plans, and policymakers can invest in community-based initiatives that foster social cohesion and support."
        ]
    },
    "833860": {
        "original": "what is the most popular food in switzerland",
        "expanded": [
            "Switzerland is renowned for its diverse culinary scene, which is heavily influenced by its European neighbors. While it's difficult to pinpoint a single most popular food in Switzerland, traditional dishes like fondue, raclette, and Z\u00fcrigeschn\u00e4tzlets are staples in many Swiss households. Fondue, a melted cheese dish originating from the Alps, is often served with bread and vegetables. Raclette, a melted cheese dish served with potatoes and cured meats, is another beloved tradition. Z\u00fcrigeschn\u00e4tzlets, a veal dish cooked in a creamy mushroom and white wine sauce, is a classic Swiss recipe.",
            "While Switzerland is famous for its rich chocolates and creamy cheeses, the average Swiss person's daily diet consists of more humble fare. Breads, such as Zopf and Bircher, are staples in many Swiss households, often accompanied by cold cuts, cheese, and fruit. Pasta, pizza, and other international dishes are also popular choices for everyday meals. However, on special occasions, the Swiss often opt for heartier dishes like \u00c4lplermagronen, a macaroni and cheese dish topped with onions and bacon, or Papet Vaudois, a leek and potato stew.",
            "Switzerland is famous for its high-quality export foods, many of which have gained international recognition. While it's difficult to identify a single most popular food in Switzerland, the country's chocolate exports are unparalleled. Swiss chocolate companies like Lindt, Nestle, and Toblerone are household names worldwide. Emmental and Gruy\u00e8re cheeses are also highly sought-after exports, prized for their rich flavor and creamy texture. Other popular Swiss exports include Nescaf\u00e9 instant coffee and Rivella, a milk-based soft drink."
        ]
    },
    "855410": {
        "original": "what is theraderm used for",
        "expanded": [
            "Theraderm is a skincare line that offers a range of products designed to address various skin concerns. But what are the benefits of using Theraderm? For one, it helps to improve skin texture and tone, reducing the appearance of fine lines and wrinkles. Additionally, Theraderm products are known for their ability to hydrate the skin, leaving it feeling soft and supple. Furthermore, Theraderm is used to treat a variety of skin conditions, including acne, rosacea, and hyperpigmentation.",
            "Understanding how Theraderm works is essential to appreciating its effectiveness. Essentially, Theraderm products contain a unique blend of ingredients that work synergistically to address skin concerns. The products are designed to penetrate deep into the skin, delivering active ingredients that stimulate collagen production, improve skin elasticity, and reduce inflammation. By using Theraderm, individuals can expect to see an improvement in their skin's overall health and appearance. But what is Theraderm used for, exactly? From anti-aging to acne treatment, the uses of Theraderm are diverse and far-reaching.",
            "Theraderm is a versatile skincare line that can be used to treat a range of skin conditions. But what skin conditions, specifically, does it target? For those struggling with acne, Theraderm offers products that help to unclog pores and reduce inflammation. For individuals with rosacea, Theraderm products can help to soothe and calm the skin. Additionally, Theraderm is used to treat hyperpigmentation, fine lines and wrinkles, and even skin discoloration. By understanding what skin conditions Theraderm treats, individuals can determine whether it's the right skincare solution for their unique needs."
        ]
    },
    "915593": {
        "original": "what types of food can you cook sous vide",
        "expanded": [
            "Sous vide cooking has gained popularity in recent years due to its ability to produce consistently tender and flavorful dishes. When it comes to cooking meats sous vide, some popular options include steak, chicken breast, pork chops, and salmon fillets. These meats can be seasoned with herbs and spices before sealing them in airtight bags and cooking them in a water bath at a precise temperature. The result is a perfectly cooked meal with minimal effort and cleanup.",
            "Sous vide cooking is not limited to meats; it's also an excellent method for preparing vegetables and eggs. Delicate vegetables like asparagus, green beans, and carrots can be cooked to a precise level of doneness, preserving their texture and flavor. Eggs can also be cooked sous vide, resulting in perfectly cooked yolks and whites. Additionally, sous vide cooking allows for the preparation of complex dishes like vegetable medleys and egg bites, making it an ideal method for meal prep and healthy eating.",
            "While sous vide cooking is often associated with savory dishes, it can also be used to create unique and delicious desserts. For example, sous vide machines can be used to make creamy custards, tender creme brulee, and even soft-cooked fruit like apples and pears. The precise temperature control of sous vide cooking ensures that delicate desserts are cooked evenly and consistently, resulting in a professional-grade finish. By experimenting with different ingredients and temperatures, home cooks can unlock a world of sous vide dessert possibilities."
        ]
    },
    "962179": {
        "original": "when was the salvation army founded",
        "expanded": [
            "The Salvation Army, a Christian nonprofit organization, was founded in 1865 by William Booth, a Methodist minister, and his wife Catherine Booth in London, England. The organization's mission was to provide spiritual and material support to the poor and vulnerable. William Booth's vision was to reach the marginalized and bring hope to those struggling with addiction, poverty, and exploitation. Through its rich history, the Salvation Army has remained committed to its founding principles, spreading its reach to over 130 countries worldwide.",
            "When the Salvation Army was founded in 1865, it started as a small mission in London's East End. The early days were marked by struggle and perseverance, with William and Catherine Booth facing opposition from local authorities and rival evangelists. Despite these challenges, the Booths remained dedicated to their cause, preaching the gospel and providing humanitarian aid to the masses. In its early years, the Salvation Army's unique blend of Christianity and social activism attracted a loyal following, laying the groundwork for its eventual growth into a global organization.",
            "The founding of the Salvation Army in 1865 is significant not only because it marked the birth of a new organization but also because it coincided with a time of great social and economic upheaval in Victorian England. The Industrial Revolution had created vast inequalities, leaving many without access to basic necessities like food, shelter, and healthcare. The Salvation Army's establishment in this context highlighted the need for a compassionate response to human suffering, paving the way for its future growth into a prominent humanitarian organization. Today, the Salvation Army continues to serve as a beacon of hope, upholding its founding principles of faith, service, and charity."
        ]
    },
    "1037798": {
        "original": "who is robert gray",
        "expanded": [
            "Robert Gray is a notable figure known for his achievements in the field of literature. As a celebrated poet, Gray's works have been widely acclaimed for their thought-provoking themes and lyrical style. He is particularly famous for his \"Elegy Written in a Country Churchyard,\" which showcases his mastery of language and emotion. Understandably, Gray's literary legacy continues to influence contemporary poetry and criticism.",
            "Robert Gray can refer to multiple individuals, each with their own distinct accomplishments. There's Robert Gray, the 18th-century English poet, celebrated for his lyrical and contemplative works. Another notable Robert Gray is the American astronaut who has made significant contributions to space exploration. Context is key in identifying the correct Robert Gray, as each individual has left their mark in different fields.",
            "Robert Gray's literary works are a testament to his skill and craft. His most famous poem, \"Elegy Written in a Country Churchyard,\" is a masterpiece of introspection and reflection. Gray's poetry often explores themes of mortality, nature, and the human condition, evoking a sense of melancholy and wonder. His other notable works include \"Ode on the Death of a Favourite Cat\" and \"Sonnet on the Death of Mr. Richard West,\" which demonstrate his technical skill and emotional range."
        ]
    },
    "1063750": {
        "original": "why did the us volunterilay enter ww1",
        "expanded": [
            "The United States' decision to voluntarily enter World War I was the culmination of several key events. The sinking of the passenger ship Lusitania by a German U-boat in 1915, which killed over 1,000 civilians, including 128 Americans, sparked widespread outrage. Furthermore, Germany's resumption of unrestricted submarine warfare in 1917 threatened American shipping interests. These events, combined with the revelation of the Zimmerman Telegram, in which Germany attempted to persuade Mexico to declare war on the US, ultimately led President Woodrow Wilson to ask Congress to declare war on Germany, marking the US entry into WW1.",
            "The United States' voluntary entry into World War I was also influenced by its response to the British naval blockade of Germany. The blockade, which sought to restrict Germany's ability to import goods, had a significant impact on American trade. The US, seeking to maintain its neutral stance, objected to the blockade, leading to tensions with Britain. However, as the war dragged on, the US began to increasingly support Britain, eventually declaring war on Germany. This shift in policy was driven by a desire to protect American commercial interests and ensure the country's national security.",
            "The US decision to voluntarily enter World War I was heavily influenced by shifting American public opinion. Initially, the US maintained a policy of neutrality, with many Americans opposed to entering the conflict. However, as the war continued, the sinking of the Lusitania and other atrocities committed by Germany began to sway public opinion in favor of intervention. The US propaganda campaign, which emphasized the need to \"make the world safe for democracy,\" further galvanized public support for the war effort. As a result, President Wilson was able to build a consensus for US entry into WW1, ultimately leading to a declaration of war on Germany."
        ]
    },
    "1103812": {
        "original": "who formed the commonwealth of independent states",
        "expanded": [
            "The Commonwealth of Independent States (CIS) was formed in 1991 after the dissolution of the Soviet Union. The collapse of the Soviet empire led to the creation of this regional organization, aiming to promote economic cooperation and cultural exchange among its member states. The CIS was established by the Alma-Ata Protocol, signed by 11 former Soviet republics, including Russia, Ukraine, and Belarus. This historic event marked a significant shift in the global political landscape, as the newly independent states began to forge their own paths while maintaining economic and cultural ties with one another.",
            "The Commonwealth of Independent States (CIS) is a regional intergovernmental organization comprising 11 former Soviet republics. These member states, which formed the CIS, are Armenia, Azerbaijan, Belarus, Georgia, Kazakhstan, Kyrgyzstan, Moldova, Russia, Tajikistan, Ukraine, and Uzbekistan. The CIS was established to facilitate cooperation and integration among its member states, promoting economic growth, stability, and cultural exchange in the region. The organization has played a vital role in shaping the post-Soviet political and economic landscape, fostering strong relationships among its member countries.",
            "The Commonwealth of Independent States (CIS) was formed in 1991 with the aim of promoting economic cooperation, cultural exchange, and regional integration among its member states. The organization's key objectives included creating a common economic space, enhancing regional security, and facilitating the coordination of foreign policy among its member countries. The CIS was also established to address the challenges arising from the dissolution of the Soviet Union, such as maintaining stability, managing border disputes, and regulating nuclear weapons. By achieving these objectives, the CIS has played a pivotal role in shaping the post-Soviet era and promoting regional cooperation."
        ]
    },
    "1106007": {
        "original": "define visceral?",
        "expanded": [
            "The term visceral is often used in psychology to describe a deep-seated emotional response or instinctive reaction, often rooted in the subconscious mind. In this context, define visceral refers to the intense, gut-wrenching feelings that arise from a primal, instinctual place. For instance, a person may experience a visceral reaction to a traumatic event, such as a natural disaster, that triggers a fight-or-flight response. Understanding visceral responses is crucial in fields like psychotherapy and counseling.",
            "In anatomy, define visceral refers to the internal organs located in the abdominal cavity, including the digestive tract, kidneys, liver, and other vital organs. The visceral cavity, also known as the coelom, is the space within the abdomen that contains these organs. In this context, visceral is used to distinguish the internal organs from the parietal peritoneum, which lines the abdominal wall. A clear understanding of visceral anatomy is essential for medical professionals, surgeons, and researchers.",
            "In literature and art, define visceral often describes a work that evokes a strong, emotive response from the audience. A visceral poem, for example, may use vivid imagery and powerful language to convey a sense of raw emotion or intense feeling. In this context, visceral refers to the ability of a creative work to tap into the viewer's or reader's emotional core, often on a subconscious level. Artists and writers strive to create visceral experiences that leave a lasting impact on their audience.\n\nEach passage addresses both the original query (\"define visceral\") and its corresponding sub-query, providing a unique perspective on the topic. By generating multiple passages, we can overcome some of the limitations of distance-based similarity search and provide more comprehensive results for the user."
        ]
    },
    "1110199": {
        "original": "what is wifi vs bluetooth",
        "expanded": [
            "When considering wireless connectivity options, two popular choices are Wi-Fi and Bluetooth. While both enable devices to communicate with each other without cables, they differ in their range, speed, and purpose. Wi-Fi is a local area network technology that connects devices to the internet or a network, whereas Bluetooth is a personal area network technology used for device-to-device communication over short distances. Understanding the differences between Wi-Fi and Bluetooth can help individuals choose the best technology for their specific needs.",
            "When deciding between Wi-Fi and Bluetooth, it's essential to consider factors like power consumption and device compatibility. Wi-Fi tends to consume more power than Bluetooth, which can impact battery life in portable devices. On the other hand, Wi-Fi is generally more widely supported by devices than Bluetooth, making it a more versatile option. By understanding the trade-offs between Wi-Fi and Bluetooth in terms of power consumption and device compatibility, individuals can make informed decisions about which technology to use in various scenarios.",
            "Wireless communication raises important security concerns, and both Wi-Fi and Bluetooth have their own vulnerabilities. Wi-Fi signals can be intercepted over longer distances, making them more susceptible to hacking, while Bluetooth's shorter range reduces this risk. However, Bluetooth devices can be more vulnerable to unauthorized access due to its device-pairing mechanism. By recognizing the security implications of Wi-Fi and Bluetooth, individuals can take necessary precautions to protect their devices and data when using wireless communication."
        ]
    },
    "1112341": {
        "original": "what is the daily life of thai people",
        "expanded": [
            "Understanding the daily life of Thai people involves exploring their daily routines, which often revolve around Buddhism, family, and food. In the morning, many Thais start their day with meditation and prayers at local temples. They then head to bustling markets to purchase fresh ingredients for traditional dishes like pad thai and tom yum soup. After a long day of work, Thai people often gather with family and friends to share meals and socialize. This close-knit community and strong cultural heritage play a significant role in shaping the daily lives of Thai people.",
            "The daily life of Thai people is deeply rooted in cultural practices and traditions. The concept of \"saving face\" is crucial in Thai culture, which means avoiding conflict and maintaining harmony in social interactions. This cultural norm is reflected in the way Thais communicate, often using polite language and avoiding direct confrontation. Additionally, the Thai New Year (Songkran) and Loy Krathong festivals are significant events that bring people together and highlight the importance of community and spirituality in daily life. These cultural practices have a profound impact on the daily experiences of Thai people.",
            "The daily life of Thai people is undergoing a significant transformation due to rapid urbanization. In cities like Bangkok, skyscrapers and shopping malls are replacing traditional markets and residential areas. This shift has led to changes in daily routines, with many Thais now relying on public transportation and modern amenities. However, urbanization has also created new challenges, such as traffic congestion and air pollution, which affect the daily lives of Thai people. Amidst these changes, Thai people are adapting and finding new ways to maintain their cultural identity and sense of community in the midst of modernization.\n\nEach passage addresses the original question and its corresponding sub-query, providing unique perspectives on the daily life of Thai people. By generating multiple passages, we can retrieve a more diverse set of relevant documents from a vector database and overcome some of the limitations of distance-based similarity search."
        ]
    },
    "1113437": {
        "original": "what is physical description of spruce",
        "expanded": [
            "When it comes to identifying spruce trees, understanding their physical description is crucial. The characteristic features of spruce trees include their evergreen needles, conical shape, and grayish-brown bark. They can grow up to 100 feet tall, with a narrow, tapering crown and a straight trunk. The needles are typically dark green on top and light green on the bottom, and are arranged spirally on the twig. Knowing these features can help distinguish spruce trees from other conifers.",
            "While spruce trees share some common physical characteristics, different species can exhibit distinct variations. For instance, the Black Spruce is a smaller tree, typically growing up to 50 feet tall, with a more irregular shape and darker bark. The White Spruce, on the other hand, can grow taller and has a more symmetrical shape, with lighter gray bark. Meanwhile, the Colorado Blue Spruce is known for its bright blue-gray foliage and pyramidal shape. Understanding these variations can help identify specific spruce species and their physical descriptions.",
            "The physical description of spruce trees can be influenced by their environment and climate. For example, spruce trees growing in harsh, cold climates may have a more compact, shrub-like shape, whereas those in milder climates may grow taller and more slender. The availability of water and sunlight can also impact the tree's shape, size, and color. In regions with limited water supply, spruce trees may develop a more sparse,open canopy, while those in areas with ample sunlight may have a denser, fuller shape. Considering the role of climate in shaping their physical description can provide a more nuanced understanding of spruce trees."
        ]
    },
    "1114646": {
        "original": "what is famvir prescribed for",
        "expanded": [
            "Famvir is a medication often prescribed for the treatment of various viral infections. Specifically, it is commonly used to treat herpes zoster (shingles) and genital herpes. Additionally, Famvir may be prescribed for the prevention of cytomegalovirus (CMV) disease in people who have received an organ transplant.",
            "Famvir is prescribed to treat certain medical conditions in immunocompromised patients, including those with HIV/AIDS and individuals who have undergone a bone marrow or kidney transplant. In these patients, Famvir is used to treat herpes simplex and herpes zoster infections, as well as to prevent CMV retinitis, a serious eye infection.",
            "While Famvir is primarily prescribed to treat herpes zoster and genital herpes, it may also be used off-label to treat other viral infections such as chickenpox, Epstein-Barr virus (EBV), and human herpesvirus 6 (HHV-6). In some cases, Famvir may be prescribed to prevent the recurrence of herpes simplex infections in individuals with a weakened immune system."
        ]
    },
    "1114819": {
        "original": "what is durable medical equipment consist of",
        "expanded": [
            "Durable medical equipment (DME) consists of medical devices and tools that are designed to withstand repeated use and can be used in a variety of healthcare settings. Examples of DME include wheelchairs, hospital beds, oxygen tanks, walkers, and prosthetic limbs. These devices are typically prescribed by a healthcare provider and are intended to provide a patient with long-term benefit. Understanding what constitutes DME is essential for healthcare professionals, patients, and caregivers, as it can greatly impact the quality of care and treatment outcomes.",
            "Durable medical equipment (DME) is defined by its ability to withstand repeated use and provide long-term benefits to patients. The characteristics of DME include durability, reusability, and the ability to be used in a variety of settings, including hospitals, clinics, and homes. DME is typically made of high-quality materials and is designed to be easily cleaned and maintained. Additionally, DME is often customized to meet the specific needs of individual patients, and its use is typically overseen by a healthcare professional.",
            "Durable medical equipment (DME) plays a critical role in the recovery and treatment of patients with chronic illnesses or disabilities. By providing patients with the necessary tools and devices, DME enables them to regain independence, mobility, and confidence. For healthcare providers, DME helps to improve treatment outcomes, reduce the risk of complications, and enhance patient satisfaction. Furthermore, DME can also help to reduce healthcare costs by reducing the need for repeated hospitalizations and emergency room visits. By understanding the benefits of DME, patients and healthcare providers can work together to develop effective treatment plans and improve patient care."
        ]
    },
    "1115776": {
        "original": "what is an aml surveillance analyst",
        "expanded": [
            "An AML (Anti-Money Laundering) surveillance analyst plays a crucial role in identifying and reporting suspicious financial activities. Their primary responsibilities include monitoring customer transactions, analyzing data to detect potential money laundering and terrorist financing, and collaborating with internal stakeholders to investigate and mitigate risks. As an AML surveillance analyst, one must stay up-to-date with changing regulatory requirements and industry trends to effectively prevent financial crimes.",
            "To be successful as an AML surveillance analyst, one needs to possess a unique combination of skills, including strong analytical and problem-solving abilities, excellent communication and collaboration skills, and a deep understanding of financial markets and regulations. Proficiency in AML software and systems, data analysis tools, and a keen eye for detail are also essential. Furthermore, an AML surveillance analyst must be able to work effectively in a fast-paced environment, managing multiple priorities and deadlines while maintaining a high level of accuracy and attention to detail.",
            "An AML surveillance analyst is an integral part of a financial institution's overall risk management strategy, as they provide critical insights and recommendations to mitigate money laundering and terrorist financing risks. By identifying and reporting suspicious activities, the AML surveillance analyst helps to protect the institution's reputation and prevent financial losses. Their analysis and recommendations also inform the institution's risk assessment and compliance strategies, enabling proactive measures to prevent financial crimes and ensuring adherence to regulatory requirements."
        ]
    },
    "1117099": {
        "original": "what is a active margin",
        "expanded": [
            "An active margin is a crucial concept in geology that refers to the boundary between two tectonic plates where subduction or collision is actively taking place. It is a region of intense geological activity, characterized by earthquakes, volcanic eruptions, and the formation of mountain ranges. Understanding active margins is essential to comprehend plate tectonics and the dynamics of the Earth's surface.",
            "In machine learning, an active margin is a concept used in Support Vector Machines (SVMs) to maximize the margin between classes. The active margin refers to the distance between the decision boundary and the nearest data points, called support vectors. By maximizing the active margin, SVMs can achieve better generalization and classification performance. This concept is essential in understanding the workings of SVMs and their applications in various fields.",
            "In biology, the active margin is a term used to describe the dynamic interface between a cell and its surroundings. It refers to the region where the cell membrane interacts with the extracellular matrix, influencing cell behavior, migration, and differentiation. The active margin plays a critical role in various biological processes, including tissue development, wound healing, and cancer metastasis. Understanding the active margin is vital to uncovering the intricacies of cellular interactions and their implications for human health.\n\nEach passage addresses the original question \"what is an active margin\" while focusing on a specific domain or perspective, allowing the user to retrieve relevant documents from a vector database that cater to their specific needs."
        ]
    },
    "1121402": {
        "original": "what can contour plowing reduce",
        "expanded": [
            "Contour plowing is a conservation tillage practice that can significantly reduce soil erosion by creating a barrier to water and wind, allowing the soil to absorb rainfall and reducing runoff. By breaking up sloping land into a series of level terraces, contour plowing helps to reduce the flow of water and prevent soil particles from being carried away, thereby protecting the soil's fertility and structure. This technique is particularly useful in areas prone to soil degradation, where soil loss can have devastating environmental and agricultural consequences.",
            "Contour plowing can also reduce sedimentation in nearby water bodies by decreasing the amount of soil particles that enter streams, rivers, and lakes. When soil is plowed along the contour of a slope, it reduces the speed and volume of water flow, allowing soil particles to settle and preventing them from being carried into waterways. This results in better water quality, as sediments can harm aquatic ecosystems and affect the quality of drinking water. By reducing sedimentation, contour plowing plays a crucial role in maintaining healthy aquatic environments and protecting biodiversity.",
            "In addition to reducing soil erosion and sedimentation, contour plowing can also reduce nutrient loss by preserving soil organic matter and maintaining soil health. When soil is plowed up and down a slope, it can lead to the loss of valuable nutrients, which are then washed or blown away. Contour plowing, on the other hand, helps to retain these nutrients in the soil, making them available to crops and promoting sustainable agriculture. By reducing nutrient loss, contour plowing can increase crop yields, reduce the need for synthetic fertilizers, and support more environmentally friendly farming practices."
        ]
    },
    "1121709": {
        "original": "what are the three percenters?",
        "expanded": [
            "The Three Percenters, also known as III Percenters, are a patriot movement that originated in the United States in 2008. The name refers to the supposed 3% of American colonists who took up arms against the British during the American Revolution. This movement is often associated with anti-government sentiment and a strong belief in Second Amendment rights. Understanding the roots of the Three Percenters can provide insight into their motivations and beliefs.",
            "The Three Percenters are a loose network of individuals and groups who share a common ideology centered around limited government intervention, individual freedom, and a strong emphasis on gun ownership. They often view themselves as defenders of the Constitution and opponents of perceived government overreach. By examining the core beliefs and objectives of the Three Percenters, one can gain a better understanding of their role in modern American politics and society.",
            "The Three Percenters have been linked to various militia and extremist organizations, raising concerns about their potential involvement in violent activities. While they claim to reject racism and extremism, some critics argue that their ideology overlaps with that of white nationalist and anti-government groups. Investigating the connections between the Three Percenters and other fringe groups can provide valuable context for assessing their impact on national security and social cohesion."
        ]
    },
    "1124210": {
        "original": "tracheids are part of _____.",
        "expanded": [
            "Tracheids are part of the xylem tissue in plants, playing a crucial role in water transportation from roots to leaves. As a type of vascular tissue, tracheids contribute to the structural integrity of the plant, allowing it to stand upright and transport essential nutrients. Understanding the function of tracheids is essential in plant physiology, as they facilitate the movement of water and minerals throughout the plant.",
            "Tracheids are part of the dead, hollow cells that make up the xylem in plants. Classified as sclerenchyma cells, tracheids provide rigidity and support to the plant, allowing it to withstand mechanical stresses. As a type of dead cell, tracheids do not contain cytoplasm, but their cell walls are lignified, making them essential for the plant's structural framework.",
            "Tracheids are part of the xylem tissue in plants, distinct from vessels in their structure and function. While both tracheids and vessels are involved in water transportation, tracheids are individual, dead cells that form a continuous tube, whereas vessels are composed of multiple cells connected end to end. This fundamental difference in structure gives tracheids and vessels unique roles in plant physiology, with tracheids providing additional structural support and vessels facilitating more efficient water transport."
        ]
    },
    "1129237": {
        "original": "hydrogen is a liquid below what temperature",
        "expanded": [
            "Hydrogen, the lightest and most abundant chemical element in the universe, has a unique property that makes it a liquid at extremely low temperatures. Specifically, hydrogen is a liquid below -253\u00b0C or -423\u00b0F at standard atmospheric pressure. This property makes it a crucial component in various industrial and scientific applications, such as rocket propulsion and superconducting materials.",
            "Cryogenic liquids, including hydrogen, have boiling points below -150\u00b0C or -238\u00b0F. Hydrogen, in particular, becomes a cryogenic liquid at -253\u00b0C or -423\u00b0F, which is just a few degrees above absolute zero. This requires advanced cooling systems to achieve, but the benefits are substantial, as cryogenic hydrogen can be used as a clean-burning fuel and has the potential to revolutionize energy storage and transportation.",
            "The boiling point of liquid hydrogen, which is the temperature at which it changes state from a liquid to a gas, is a critical parameter in many industrial processes. At standard atmospheric pressure, liquid hydrogen boils at -253\u00b0C or -423\u00b0F, making it one of the coldest substances known. Understanding the boiling point of liquid hydrogen is essential for designing efficient storage and transportation systems, as well as for exploiting its potential as a clean energy source."
        ]
    },
    "1133167": {
        "original": "how is the weather in jamaica",
        "expanded": [
            "Jamaica, an island nation in the Caribbean, features a tropical savanna climate with high temperatures and high humidity levels throughout the year. The country's geography, with its mountains and coastlines, influences the local weather conditions. The climate varies from one region to another, with the northern coast experiencing more rainfall than the southern coast. Despite these variations, Jamaica's climate remains relatively warm and sunny, making it a popular tourist destination.",
            "When planning a trip to Jamaica, it's essential to consider the weather conditions to ensure a comfortable and enjoyable stay. The best time to visit Jamaica is from December to April, when the weather is dry and temperatures are relatively lower. This period is ideal for outdoor activities like hiking, rafting, and exploring the island's beautiful beaches. However, if you're looking for a more vibrant atmosphere, consider visiting during the summer months when festivals and events like Reggae Sumfest take place.",
            "Jamaica's weather plays a significant role in its tourism industry, with the island's tropical climate attracting millions of visitors each year. The warm weather and sunny days make Jamaica an ideal destination for beachgoers, while the lush mountains and scenic landscapes appeal to nature lovers and adventure seekers. However, Jamaica is also prone to natural disasters like hurricanes, which can impact the tourism industry. To ensure a successful trip, it's crucial to monitor weather forecasts and plan accordingly, as the weather in Jamaica can be unpredictable at times."
        ]
    }
}