{
    "1": {
        "original": "what is the origin of COVID-19",
        "expanded": [
            "COVID-19 was first detected in Wuhan, China in December 2019. The initial cluster of cases was linked to a seafood market, which also sold live animals, including bats and snakes. The market, known as the Huanan Seafood Market, was a mix of food stalls and live animal vendors, creating an environment where the virus could potentially jump from animals to humans.",
            "COVID-19 is caused by a member of the coronavirus family, known as SARS-CoV-2. Coronaviruses are a large family of viruses that can cause a range of respiratory illnesses, from the common cold to more severe diseases like SARS and MERS. SARS-CoV-2 is believed to have originated from an animal source, with bats being a likely natural reservoir of the virus. The virus is thought to have spread to humans through an intermediate animal host at the Wuhan market.",
            "The exact mechanism of how SARS-CoV-2 spread from animals to humans is still not fully understood, but scientists have several theories. One theory is that the virus was transmitted to humans through an intermediate animal host, such as pangolins, which were sold at the Wuhan market. Another theory is that the virus was transmitted directly from bats to humans, possibly through contact with infected bat feces or urine. Once the virus made the jump to humans, it was able to spread rapidly through human-to-human transmission, facilitated by factors such as global travel, urbanization, and close contact between people."
        ]
    },
    "2": {
        "original": "how does the coronavirus respond to changes in the weather",
        "expanded": [
            "Research suggests that temperature plays a significant role in the survival and transmission of COVID-19. Studies have shown that the virus is more stable and infectious at lower temperatures, around 4\u00b0C (39\u00b0F), which is similar to the temperature found in the nasal cavity. In contrast, higher temperatures, above 30\u00b0C (86\u00b0F), can reduce the virus's viability. This suggests that warmer weather may slow down the spread of the virus, while colder temperatures may facilitate its transmission.",
            "Humidity is another weather factor that affects the spread of COVID-19. Low humidity, typically found in dry air, can make the mucus in our noses and throats drier, making it easier for the virus to enter the body. On the other hand, high humidity can lead to a decrease in the virus's survival rate, as it can cause the virus's outer layer to break down. However, high humidity also increases the distance that respiratory droplets can travel, potentially increasing the transmission of the virus.",
            "Weather can indirectly impact the spread of COVID-19 by influencing human behavior. For instance, extreme weather conditions, such as heavy rain or heatwaves, may encourage people to stay indoors, reducing the opportunity for social interactions and thus slowing down the spread of the virus. On the other hand, pleasant weather may lead to increased outdoor activities and social gatherings, potentially increasing the risk of transmission. Additionally, weather-related events, such as flooding or natural disasters, can disrupt healthcare services and emergency response, further exacerbating the spread of the virus."
        ]
    },
    "3": {
        "original": "will SARS-CoV2 infected people develop immunity? Is cross protection possible?",
        "expanded": [
            "Yes, research suggests that people can develop immunity to SARS-CoV-2 after infection. Studies have shown that individuals who recover from COVID-19 produce antibodies against the virus, which can provide protection against future infections. The level and duration of immunity vary from person to person, but most people are likely to develop some level of immunity that can last for several months to a few years.",
            "The duration of immunity to SARS-CoV-2 is still not fully understood and is currently being studied. However, available data suggest that immunity can last for at least 6-12 months, and possibly longer. A study published in The New England Journal of Medicine found that antibody levels remained stable for up to 8 months after infection, and another study found that T-cell immunity persisted for at least 6 months. Further research is needed to determine the long-term duration of immunity.",
            "Yes, there is evidence to suggest that infection with SARS-CoV-2 may provide some level of cross-protection against other coronaviruses. Coronaviruses share some common epitopes, which are regions on the viral surface that are recognized by the immune system. Studies have shown that antibodies produced in response to SARS-CoV-2 can also recognize and neutralize other coronaviruses, such as SARS-CoV and MERS-CoV. This cross-reactivity may provide some level of protection against future infections with other coronaviruses, although more research is needed to fully understand the extent of cross-protection."
        ]
    },
    "4": {
        "original": "what causes death from Covid-19?",
        "expanded": [
            "Covid-19 can cause severe complications that can lead to death, particularly in older adults and people with underlying health conditions. Some of the life-threatening complications include acute respiratory distress syndrome (ARDS), pneumonia, sepsis, and multi-organ failure. These complications can cause respiratory failure, leading to inadequate oxygenation of the body's tissues, which can ultimately result in death.",
            "Covid-19 damages the lungs by triggering an overactive immune response, which can cause inflammation and flooding of the lungs with fluid. The virus attacks the lung cells, causing them to become infected and die. The immune system's response to the infection can lead to the formation of scar tissue, which can further reduce lung function. As the lungs become less able to take in oxygen and remove carbon dioxide, the body's organs, including the brain and heart, can become starved of oxygen, leading to respiratory failure.",
            "Certain underlying health conditions can increase the risk of severe illness and death from Covid-19. These conditions include heart disease, diabetes, chronic obstructive pulmonary disease (COPD), and obesity. People with these conditions may have weakened immune systems, making them more susceptible to severe illness. Additionally, conditions such as kidney disease, liver disease, and cancer can also increase the risk of complications and death from Covid-19. Awareness of these risk factors is crucial for taking preventive measures and seeking medical attention early if symptoms occur."
        ]
    },
    "5": {
        "original": "what drugs have been active against SARS-CoV or SARS-CoV-2 in animal studies?",
        "expanded": [
            "In animal studies, several antiviral drugs have demonstrated efficacy against SARS-CoV. For instance, a study published in the Journal of Virology found that ribavirin, a nucleoside analogue, reduced viral replication and improved survival rates in mice infected with SARS-CoV. Another study published in Antiviral Research showed that lopinavir, a protease inhibitor, significantly lowered viral loads and decreased mortality in SARS-CoV-infected mice. Furthermore, interferon-\u03b2, a cytokine with antiviral properties, has been shown to inhibit SARS-CoV replication in vitro and in vivo.",
            "In animal studies, several antiviral drugs have shown promise against SARS-CoV-2. For example, a study published in Science Translational Medicine found that remdesivir, a nucleotide analogue, reduced viral loads and improved survival rates in rhesus macaques infected with SARS-CoV-2. Another study published in Nature Communications demonstrated that favipiravir, a nucleoside analogue, inhibited SARS-CoV-2 replication in mice. Additionally, a study published in The Lancet showed that a combination of interferon-\u03b1 and lopinavir/r reduced viral loads and improved clinical outcomes in SARS-CoV-2-infected rhesus macaques.",
            "Interestingly, some drugs have shown efficacy against both SARS-CoV and SARS-CoV-2 in animal studies. For instance, lopinavir, a protease inhibitor, has been shown to be effective against both viruses in separate studies. Another example is interferon-\u03b2, which has demonstrated antiviral activity against both SARS-CoV and SARS-CoV-2 in vitro and in vivo. However, it is essential to note that the efficacy of these drugs may vary between the two viruses, and further studies are needed to fully understand their potential as treatments for COVID-19."
        ]
    },
    "6": {
        "original": "what types of rapid testing for Covid-19 have been developed?",
        "expanded": [
            "Rapid testing for Covid-19 can be broadly categorized into two types: antigen-based tests and molecular-based tests. Antigen-based tests detect the presence of specific proteins on the surface of the virus, while molecular-based tests detect the genetic material of the virus.",
            "Antigen-based rapid tests for Covid-19 include lateral flow assays, immunochromatographic assays, and enzyme-linked immunosorbent assays (ELISAs). These tests typically involve a nasal or throat swab, and results are available within 15-30 minutes. Examples of antigen-based rapid tests include the BinaxNOW COVID-19 Ag Card and the BD Veritor System for Rapid Detection of SARS-CoV-2.",
            "Molecular-based rapid tests for Covid-19 include PCR (polymerase chain reaction) based tests and non-PCR based tests. Examples of PCR-based rapid tests include the Cepheid Xpert Xpress SARS-CoV-2 and the Abbott ID NOW COVID-19. Non-PCR based rapid tests include nucleic acid amplification tests (NAATs) such as the Cue Health COVID-19 test and the Mesa Biotech Accula SARS-CoV-2 Test. These tests typically involve a nasal or throat swab, and results are available within 30 minutes to several hours."
        ]
    },
    "7": {
        "original": "are there serological tests that detect antibodies to coronavirus?",
        "expanded": [
            "Serological tests, also known as antibody tests, are used to detect the presence of antibodies in the blood, which are proteins produced by the immune system in response to an infection. In the context of coronavirus, serological tests aim to identify individuals who have been infected with the virus, whether they are symptomatic or asymptomatic, and have developed an immune response.",
            "Serological tests for coronavirus detect two types of antibodies: IgM and IgG. IgM antibodies appear early in the infection and are a sign of an active or recent infection, while IgG antibodies appear later and indicate a past infection. Some serological tests may also detect neutralizing antibodies, which are specific to SARS-CoV-2 and are capable of neutralizing the virus.",
            "Yes, there are several commercially available serological tests that detect antibodies to coronavirus, including enzyme-linked immunosorbent assays (ELISAs), chemiluminescence immunoassays (CLIAs), and others. These tests are manufactured by various companies, such as Roche Diagnostics, Abbott Diagnostics, and Ortho Clinical Diagnostics, among others. These tests have been authorized for emergency use by regulatory agencies, such as the US FDA, and are widely used in clinical settings and public health laboratories to diagnose and monitor coronavirus infections."
        ]
    },
    "8": {
        "original": "how has lack of testing availability led to underreporting of true incidence of Covid-19?",
        "expanded": [
            "The current state of testing availability for Covid-19 globally is inadequate, particularly in low- and middle-income countries. According to the World Health Organization (WHO), many countries face challenges in accessing COVID-19 tests, including limited laboratory capacity, shortage of testing supplies, and lack of trained healthcare professionals. In addition, many countries have limited testing infrastructure, making it difficult to reach rural or hard-to-reach areas. As a result, many people who suspect they have Covid-19 are unable to access tests, leading to underreporting of cases.",
            "The lack of testing availability has significant consequences on Covid-19 case detection. Without adequate testing, many cases go undiagnosed, and individuals may not receive timely treatment, leading to further transmission of the virus. Moreover, lack of testing hinders contact tracing efforts, making it difficult to identify and isolate individuals who have come into contact with someone infected with Covid-19. This can lead to clusters of cases going undetected, further exacerbating the spread of the virus. Additionally, lack of testing data makes it challenging for public health officials to understand the true extent of the outbreak, making it difficult to develop effective response strategies.",
            "Underreporting of Covid-19 cases due to lack of testing availability has significant implications for public health responses and policies. Inaccurate case numbers can lead to complacency among the public and health officials, resulting in delayed or inadequate responses to the outbreak. This can lead to further spread of the virus, as people may not take necessary precautions to prevent transmission. Moreover, underreporting can also lead to misallocation of resources, as public health officials may not prioritize areas with high transmission rates. This can result in a mismatch between the severity of the outbreak and the response efforts, ultimately hindering efforts to control the spread of the virus."
        ]
    },
    "9": {
        "original": "how has COVID-19 affected Canada",
        "expanded": [
            "The COVID-19 pandemic has put a significant strain on Canada's healthcare system. Hospitals across the country have seen a surge in hospitalizations and ICU admissions, leading to concerns about capacity and resource shortages. Many healthcare workers have reported burnout and fatigue due to the increased workload and risk of infection. In response, the Canadian government has invested in measures to support healthcare workers, including providing personal protective equipment, increasing funding for hospitals, and implementing measures to reduce the spread of the virus in healthcare settings.",
            "The COVID-19 pandemic has had a profound impact on Canada's economy. The lockdowns and restrictions imposed to slow the spread of the virus have resulted in widespread job losses, particularly in the service and tourism industries. Many businesses have been forced to close temporarily or permanently, leading to a significant decline in economic activity. The Canadian government has responded with measures to support businesses and workers, including providing financial assistance, expanding unemployment benefits, and implementing policies to stimulate economic growth.",
            "The COVID-19 pandemic has had a profound impact on daily life in Canada. Many Canadians have had to adapt to a new normal, with measures such as social distancing, mask-wearing, and remote work becoming commonplace. Gatherings and events have been limited or cancelled, and many people have had to sacrifice their usual social and recreational activities. The pandemic has also taken a toll on Canadians' mental health, with increased anxiety, isolation, and loneliness reported. Despite these challenges, Canadians have shown remarkable resilience and adaptability, with many finding ways to stay connected and maintain a sense of community despite the physical distancing measures in place."
        ]
    },
    "10": {
        "original": "has social distancing had an impact on slowing the spread of COVID-19?",
        "expanded": [
            "Studies have consistently shown that social distancing measures, such as reducing contact rates and increasing physical distance between individuals, can significantly reduce the reproduction number (R0) of COVID-19. R0 represents the average number of secondary cases generated by a single infected person in a susceptible population. A reduction in R0 below 1 indicates that the outbreak is slowing down, and social distancing has been shown to achieve this reduction. For example, a study published in The Lancet found that social distancing measures in China reduced the R0 of COVID-19 from 2.35 to 1.05, effectively slowing the spread of the virus.",
            "Countries that implemented social distancing measures, such as South Korea, Taiwan, and New Zealand, have experienced a slower spread of COVID-19 compared to those that did not, such as Italy and the United States. In South Korea, for instance, the government implemented strict social distancing measures, including closure of non-essential businesses, ban on gatherings, and remote work arrangements, which resulted in a significant decline in new cases. In contrast, Italy and the United States were slower to implement similar measures, and as a result, experienced a more rapid spread of the virus.",
            "Yes, several empirical studies have directly measured the impact of social distancing on the spread of COVID-19. For example, a study published in the journal Science analyzed mobile phone data from over 1 million people in the United States and found that social distancing measures, such as stay-at-home orders and closure of non-essential businesses, reduced mobility by 20-30%, which in turn reduced the spread of COVID-19 by 10-20%. Another study published in the Journal of the American Medical Association (JAMA) found that social distancing measures in Hong Kong reduced the transmission rate of COVID-19 by 44%. These studies provide strong evidence that social distancing has had a significant impact on slowing the spread of COVID-19."
        ]
    },
    "11": {
        "original": "what are the guidelines for triaging patients infected with coronavirus?",
        "expanded": [
            "According to the World Health Organization (WHO), patients with suspected COVID-19 should be identified based on the following criteria: a history of fever and/or respiratory symptoms, such as cough or shortness of breath, and one of the following: a history of travel to an area with reported COVID-19 cases, close contact with a confirmed or probable case, or a member of a cluster of cases. Healthcare providers should also consider the patient's age, underlying health conditions, and other risk factors when identifying suspected cases.",
            "The Centers for Disease Control and Prevention (CDC) recommends a tiered approach to triaging patients with suspected COVID-19. Patients should be assessed based on the severity of their symptoms and their risk of complications. Those with severe symptoms, such as difficulty breathing, chest pain, or severe headache, should be prioritized for immediate medical attention. Patients with mild symptoms can be assessed and managed in a lower-acuity setting, such as a clinic or urgent care center. Patients who are at high risk of complications, such as older adults, young children, and those with underlying medical conditions, should be prioritized for prompt medical evaluation and treatment.",
            "To minimize the risk of transmission, healthcare providers should use appropriate personal protective equipment (PPE), including masks, gloves, and eye protection, when triaging patients with suspected COVID-19. Patients should be placed in a private room or area with a closed door, and visitors should be limited to reduce the risk of transmission. Healthcare providers should also follow proper hand hygiene and decontamination procedures, and ensure that all equipment and surfaces are regularly cleaned and disinfected. Additionally, patients should be instructed to wear a mask and practice good hygiene, such as frequent handwashing, to reduce the risk of transmission to others."
        ]
    },
    "12": {
        "original": "what are best practices in hospitals and at home in maintaining quarantine?",
        "expanded": [
            "In hospitals, maintaining quarantine requires a combination of administrative, environmental, and personal protective measures. The general principles of quarantine in hospitals include isolating patients with infectious diseases, wearing personal protective equipment (PPE) such as masks, gloves, and gowns, and restricting visitor access. Hospital staff should also follow strict hand hygiene practices, regularly clean and disinfect surfaces, and ensure proper ventilation to reduce the risk of transmission.",
            "For home quarantine, essential supplies include masks, gloves, thermometers, and disinfectants. It is also important to have a sufficient supply of food, water, and medications, as well as a means of communication, such as a phone or computer. A designated quarantine area with a separate bathroom and bedroom is also recommended. Additionally, a trash can with a lid and a laundry basket should be available for disposing of contaminated items. Having these supplies on hand can help ensure a safe and effective quarantine at home.",
            "To reduce the risk of transmission during quarantine, both in hospitals and at home, it is essential to follow proper hygiene practices, such as regular handwashing, wearing masks, and avoiding close contact with others. In hospitals, staff should implement contact and droplet precautions, which include wearing PPE and using dedicated equipment. At home, individuals in quarantine should avoid sharing utensils, dishes, and personal items, and should regularly clean and disinfect high-touch surfaces. Additionally, individuals should monitor their symptoms and seek medical attention if they worsen or if they experience difficulty breathing. By following these strategies, individuals can reduce the risk of transmission and prevent the spread of infectious diseases."
        ]
    },
    "13": {
        "original": "what are the transmission routes of coronavirus?",
        "expanded": [
            "Coronavirus can be transmitted from person-to-person through close contact, typically within 6 feet (1.8 meters) of an infected individual. This can occur through respiratory droplets that are produced when an infected person talks, coughs, or sneezes. These droplets can land in the mouths or noses of people nearby or be inhaled into the lungs. The virus can also be spread by touching a surface or object that has the virus on it and then touching one's own mouth, nose, or eyes.",
            "Yes, coronavirus can survive on surfaces and objects for a period of time, making it possible to be transmitted through contact with contaminated surfaces and objects. The virus can remain viable on surfaces for up to several days, depending on the surface type and environmental conditions. This is why frequent cleaning and disinfection of high-touch surfaces and objects, such as doorknobs, light switches, and countertops, is crucial to reduce the risk of transmission.",
            "While coronavirus is primarily spread through close contact and contaminated surfaces, there is evidence to suggest that it can also be transmitted through airborne transmission. Airborne transmission occurs when the virus is suspended in the air for an extended period, allowing it to travel farther than the 6-foot distance typically cited for person-to-person transmission. This can occur in crowded areas, such as public transportation or enclosed spaces with poor ventilation, and may require additional precautions, such as wearing masks and ensuring good ventilation."
        ]
    },
    "14": {
        "original": "what evidence is there related to COVID-19 super spreaders",
        "expanded": [
            "A COVID-19 super spreader is an individual who is responsible for infecting an unusually large number of people with the virus, significantly more than the average person. Super spreaders are often characterized by their ability to transmit the virus to multiple individuals in a short period of time, often due to their high viral load, frequency of social contact, or other factors. Studies have shown that super spreaders can account for a significant proportion of total COVID-19 cases, making them a crucial target for public health interventions.",
            "Research has identified several characteristics that are common among COVID-19 super spreaders. These individuals often have a high viral load, which makes them more contagious. They may also be more likely to engage in activities that increase the risk of transmission, such as frequent socializing, traveling, or working in high-risk settings. Additionally, super spreaders may be more likely to be asymptomatic or have mild symptoms, making it easier for them to unknowingly infect others. They may also have a larger social network or engage in activities that involve close contact with others, increasing the opportunities for transmission.",
            "Studies have consistently shown that super spreaders play a significant role in the transmission of COVID-19. For example, a study published in the journal Science found that just 10% of cases in Hong Kong were responsible for 80% of local transmissions. Another study in South Korea found that 11% of cases accounted for 60% of transmission events. These findings have been replicated in other countries, including the United States, Italy, and Singapore. Furthermore, genetic analysis of SARS-CoV-2 viruses has also confirmed that super spreaders are responsible for many of the large outbreaks and clusters of cases. These studies provide strong evidence for the importance of identifying and containing super spreaders in controlling the spread of COVID-19."
        ]
    },
    "15": {
        "original": "how long can the coronavirus live outside the body",
        "expanded": [
            "The COVID-19 virus can survive on surfaces for a varying amount of time, depending on the type of surface and environmental conditions. Studies have shown that the virus can remain infectious on metal surfaces for up to 5 days, on plastic and stainless steel surfaces for up to 7 days, and on cardboard for up to 24 hours. However, it is essential to note that these times are based on laboratory experiments and may not reflect real-world scenarios.",
            "Research suggests that COVID-19 can remain suspended in the air for a shorter duration, typically ranging from a few minutes to several hours. However, the exact time frame is still unknown. This is because the virus is usually attached to respiratory droplets that fall to the ground or are filtered out of the air quickly. In ideal laboratory conditions, the virus may remain airborne for up to 3 hours, but this is not a realistic representation of real-world scenarios.",
            "Environmental factors such as temperature, humidity, and UV light exposure can significantly impact the survival of COVID-19 outside the body. For instance, the virus is more stable at lower temperatures (around 4\u00b0C) and higher humidity levels. UV light, on the other hand, has been shown to inactivate the virus. This is why it is essential to follow proper hand hygiene, surface cleaning, and ventilation practices to reduce the risk of transmission."
        ]
    },
    "16": {
        "original": "how long does coronavirus remain stable  on surfaces?",
        "expanded": [
            "The stability of coronavirus on surfaces varies depending on the type of surface. According to a study published in The New England Journal of Medicine, the virus can remain stable on plastic and stainless steel surfaces for up to 72 hours, on cardboard for up to 24 hours, and on copper surfaces for up to 4 hours. This suggests that the virus can survive for several days on non-porous surfaces, but its stability decreases on porous surfaces like cardboard.",
            "Several factors can affect the stability of coronavirus on surfaces, including temperature, humidity, and exposure to light. A study published in the Journal of Hospital Infection found that the virus is more stable at lower temperatures and higher humidity levels. Additionally, exposure to ultraviolet (UV) light can reduce the stability of the virus on surfaces. These factors can influence the duration for which the virus remains stable on surfaces, making it essential to consider them when developing strategies for surface disinfection.",
            "Yes, there are some surfaces on which coronavirus can remain stable for an extended period. For example, a study published in the Journal of Applied Microbiology found that the virus can survive on banknotes for up to 28 days. This is because banknotes are made of a combination of materials, including cotton and polyester, which can provide a protective environment for the virus. Similarly, the virus can also remain stable on other surfaces like fabric, wood, and glass for several days. This highlights the importance of regularly cleaning and disinfecting high-touch surfaces to reduce the risk of transmission."
        ]
    },
    "17": {
        "original": "are there any clinical trials available for the coronavirus",
        "expanded": [
            "Currently, there are several clinical trial registries that provide information on ongoing and upcoming clinical trials for COVID-19. Some of the prominent registries include the World Health Organization's International Clinical Trials Registry Platform (WHO ICTRP), ClinicalTrials.gov (a database of privately and publicly funded clinical trials conducted in the United States and around the world), and the European Union's Clinical Trials Register (EU-CTR). These registries provide a comprehensive overview of clinical trials, including their status, locations, and eligibility criteria.",
            "Clinical trials for COVID-19 encompass a range of studies, including those focused on vaccines, treatments, and diagnostic tools. Vaccine clinical trials aim to develop and test the safety and efficacy of COVID-19 vaccines, such as the Pfizer-BioNTech, Moderna, and AstraZeneca vaccines. Treatment clinical trials investigate the use of antiviral medications, immune system modulators, and other therapeutic approaches to manage COVID-19 symptoms and severity. Diagnostic clinical trials focus on developing and evaluating tests to detect COVID-19 infection, such as rapid antigen tests and nucleic acid-based tests. Additionally, some clinical trials are exploring the use of convalescent plasma and monoclonal antibodies as potential treatments.",
            "To find a COVID-19 clinical trial, you can search online registries such as ClinicalTrials.gov or the WHO ICTRP using keywords like \"COVID-19,\" \"coronavirus,\" or \"SARS-CoV-2.\" You can filter search results by location, study status, and eligibility criteria to find trials that match your needs. Once you've identified a trial, contact the trial investigator or coordinator to discuss potential participation and learn more about the trial's specifics, including the risks and benefits. It's essential to consult with your healthcare provider before enrolling in any clinical trial to ensure it's a good fit for your health status and medical history."
        ]
    },
    "18": {
        "original": "what are the best masks for preventing infection by Covid-19?",
        "expanded": [
            "The Centers for Disease Control and Prevention (CDC) recommends wearing masks that have a filter efficiency of at least 95% against particles that are 0.3 microns or larger. This includes N95, KN95, and FFP2 masks, which are designed to filter out at least 95% of airborne particles. These types of masks are effective against Covid-19 because they can filter out the SARS-CoV-2 virus, which is approximately 0.1 microns in size.",
            "When selecting a mask to prevent Covid-19 infection, look for key features such as a snug fit, breathable materials, and a nose clip or adjustable nosepiece to ensure a tight seal. The mask should also have multiple layers of fabric, including a filter layer, to increase its effectiveness. Additionally, consider masks with a moisture-resistant layer to prevent the growth of bacteria and viruses. It's also essential to choose a mask that is designed for your specific needs, such as masks for healthcare workers or masks for everyday use.",
            "Surgical masks are designed to prevent the wearer from spreading droplets that may contain the virus, but they may not provide adequate protection against inhaling the virus. Respirator masks, on the other hand, are designed to filter out airborne particles and provide a higher level of protection against inhaling the virus. For individuals who are at high risk of exposure to Covid-19, such as healthcare workers, respirator masks like N95 or KN95 are recommended. However, for the general public, surgical masks can still provide some level of protection against Covid-19 infection, especially when worn correctly and in combination with other preventative measures such as social distancing and hand hygiene."
        ]
    },
    "19": {
        "original": "what type of hand sanitizer is needed to destroy Covid-19?",
        "expanded": [
            "Covid-19 is a type of coronavirus that has a lipid envelope surrounding its genetic material. This lipid envelope makes it vulnerable to disruption by soap and water, as well as certain types of hand sanitizers. The SARS-CoV-2 virus, which causes Covid-19, is also relatively fragile and can be inactivated by a range of disinfectants.",
            "Hand sanitizers that contain at least 60% ethanol or 70% isopropanol are effective against Covid-19. These alcohols work by denaturing the proteins and disrupting the lipid envelope of the virus, ultimately inactivating it. Additionally, some hand sanitizers may contain other ingredients such as benzalkonium chloride or hydrogen peroxide, which can also contribute to their virucidal activity.",
            "The World Health Organization (WHO) and the Centers for Disease Control and Prevention (CDC) recommend using hand sanitizers that contain at least 60% ethanol or 70% isopropanol to prevent the spread of Covid-19. It is also important to use hand sanitizers correctly, by applying the product to the palm of one hand and rubbing it all over the hands, including the backs of the hands, wrists, and between the fingers. Hand sanitizers should be used in addition to, not in place of, washing hands with soap and water."
        ]
    },
    "20": {
        "original": "are patients taking Angiotensin-converting enzyme inhibitors (ACE) at increased risk for COVID-19?",
        "expanded": [
            "ACE inhibitors are a class of medications that block the conversion of angiotensin I to angiotensin II, a potent vasoconstrictor. This leads to decreased blood pressure and improved cardiovascular outcomes. However, ACE2, the enzyme that ACE inhibitors target, is also the receptor that SARS-CoV-2, the virus that causes COVID-19, uses to enter host cells. This has raised concerns that ACE inhibitors may increase the risk of COVID-19 infection or severity.",
            "Several studies have examined the relationship between ACE inhibitor use and COVID-19 outcomes. A retrospective cohort study published in The New England Journal of Medicine found no significant association between ACE inhibitor use and the risk of COVID-19 hospitalization or mortality. Another study published in JAMA Cardiology found that ACE inhibitor use was not associated with worse outcomes in patients hospitalized with COVID-19. While these studies provide reassuring evidence, they have limitations, and further research is needed to fully understand the relationship between ACE inhibitors and COVID-19.",
            "There are several potential confounding factors that may influence the association between ACE inhibitor use and COVID-19 risk or severity. For example, patients taking ACE inhibitors often have underlying cardiovascular disease, which may increase their risk of severe COVID-19. Additionally, ACE inhibitors are commonly used in patients with hypertension, which is a risk factor for severe COVID-19. Furthermore, differences in healthcare access, socioeconomic status, and ethnicity may also confound the relationship between ACE inhibitor use and COVID-19 outcomes. Therefore, when interpreting the results of studies examining this association, it is essential to account for these potential confounding factors."
        ]
    },
    "21": {
        "original": "what are the mortality rates overall and in specific populations",
        "expanded": [
            "According to the World Health Organization (WHO), the global mortality rate is approximately 7.7 deaths per 1,000 people per year. This number has been declining steadily over the past few decades, thanks to improvements in healthcare and sanitation. However, mortality rates vary significantly across different regions, countries, and population groups.",
            "Mortality rates differ significantly across various age groups. Infants and young children are at highest risk, with an estimated 30 deaths per 1,000 live births in the first year of life. The mortality rate decreases rapidly with age, with a rate of around 1.4 deaths per 1,000 people in the 10-14 age group. In older adults, the mortality rate increases again, with a rate of around 120 deaths per 1,000 people aged 65 and older.",
            "Mortality rates exhibit significant variations based on geographic region, socioeconomic status, and other demographic factors. For instance, countries with low and middle incomes tend to have higher mortality rates compared to high-income countries. In addition, mortality rates are often higher in rural areas compared to urban areas, and in populations with lower socioeconomic status. Other factors such as ethnicity, education level, and access to healthcare also influence mortality rates. For example, in the United States, African Americans have a higher mortality rate compared to white Americans, and individuals with lower education levels tend to have shorter life expectancies. Understanding these variations is crucial for developing targeted interventions to reduce mortality rates and promote health equity."
        ]
    },
    "22": {
        "original": "are cardiac complications likely in patients with COVID-19?",
        "expanded": [
            "Studies have shown that patients with COVID-19 are at risk of developing cardiac complications, including myocarditis, acute coronary syndrome, heart failure, arrhythmias, and cardiac arrest. These complications can occur in patients with pre-existing cardiac conditions or in those without any prior cardiac history.",
            "Several factors increase the risk of cardiac complications in patients with COVID-19, including advanced age, male gender, pre-existing cardiac disease, hypertension, diabetes, and obesity. Additionally, severe COVID-19 infection, acute respiratory distress syndrome, and the need for mechanical ventilation are also associated with a higher risk of cardiac complications.",
            "The SARS-CoV-2 virus can lead to cardiac complications through various mechanisms, including direct viral toxicity, inflammation, and immune-mediated responses. The virus can directly infect cardiac cells, leading to myocarditis and cardiac dysfunction. Additionally, the inflammatory response to the virus can cause systemic inflammation, which can damage the cardiovascular system and lead to cardiac complications. Furthermore, the cytokine storm, a severe immune response to the virus, can also contribute to cardiac dysfunction and arrhythmias."
        ]
    },
    "23": {
        "original": "what kinds of complications related to COVID-19 are associated with hypertension?",
        "expanded": [
            "Studies have shown that hypertension is a significant risk factor for severe illness and death from COVID-19. This is because high blood pressure can lead to cardiovascular disease, which is a common underlying condition in patients who experience severe COVID-19. In addition, hypertension can also increase the risk of acute respiratory distress syndrome (ARDS), a life-threatening complication of COVID-19. Furthermore, hypertension can impair the body's ability to fight off infections, making patients more susceptible to severe illness.",
            "Patients with hypertension who contract COVID-19 are at increased risk of cardiovascular complications, including heart failure, myocarditis, and acute coronary syndrome. The virus can cause inflammation and oxidative stress, which can exacerbate existing cardiovascular disease. Additionally, the cytokine storm triggered by COVID-19 can lead to vascular dysfunction, further increasing the risk of cardiovascular complications. In severe cases, COVID-19 can also cause cardiac arrhythmias, cardiogenic shock, and even cardiac arrest.",
            "Yes, patients with hypertension who contract COVID-19 are also at increased risk of non-cardiovascular complications. For example, they are more likely to experience acute kidney injury, which can lead to chronic kidney disease or even end-stage renal disease. Additionally, hypertension can increase the risk of neurological complications, such as stroke, seizures, and encephalitis. Furthermore, patients with hypertension may also experience respiratory complications, including pneumonia, respiratory failure, and acute respiratory distress syndrome (ARDS)."
        ]
    },
    "24": {
        "original": "what kinds of complications related to COVID-19 are associated with diabetes",
        "expanded": [
            "Diabetes is a chronic condition that can lead to various complications if left unmanaged or poorly managed. These complications can affect various organs and systems in the body, including the heart, kidneys, eyes, nerves, and feet. Some common complications of diabetes include cardiovascular disease, kidney disease, diabetic retinopathy, diabetic neuropathy, and foot ulcers. These complications can significantly impair quality of life and even lead to premature death if not properly managed.",
            "COVID-19 can have a more severe impact on people with diabetes due to their compromised immune system. When people with diabetes contract COVID!9, they are more likely to experience severe symptoms, including pneumonia, acute respiratory distress syndrome, and even death. This increased severity is attributed to the underlying inflammation and immune dysfunction associated with diabetes. Moreover, people with diabetes may experience a worsening of their diabetes control due to the infection, which can further complicate their condition.",
            "People with diabetes are at an increased risk of developing several COVID-19-related complications, including severe pneumonia, acute respiratory distress syndrome, sepsis, and multi-organ failure. Additionally, they may experience an increased risk of cardiovascular events, such as heart attacks and strokes, due to the inflammation and hypercoagulability associated with COVID-19. Furthermore, COVID-19 has been linked to the development of new-onset diabetes and the worsening of existing diabetes control, which can lead to diabetic ketoacidosis and hyperglycemic hyperosmolar state."
        ]
    },
    "25": {
        "original": "which biomarkers predict the severe clinical course of 2019-nCOV infection?",
        "expanded": [
            "Severe 2019-nCOV infection is characterized by pneumonia, acute respiratory distress syndrome (ARDS), and multi-organ dysfunction. Patients with severe disease may experience symptoms such as fever, cough, and shortness of breath, which can progress to respiratory failure, septic shock, and even death. The clinical features of severe 2019-nCOV infection are often accompanied by laboratory findings of elevated inflammatory markers, such as C-reactive protein (CRP) and interleukin-6 (IL-6), and radiographic evidence of lung damage.",
            "Several biomarkers have been identified as potential predictors of severe 2019-nCOV infection, including inflammatory cytokines such as IL-6, IL-1\u03b2, and tumor necrosis factor-\u03b1 (TNF-\u03b1), as well as hematological parameters like lymphopenia and thrombocytopenia. Other biomarkers that may predict severe disease include elevated levels of lactate dehydrogenase (LDH), D-dimer, and ferritin, which are indicative of tissue damage and coagulopathy. Additionally, some studies have suggested that the levels of certain chemokines, such as CXCL10 and CCL2, may also be associated with severe 2019-nCOV infection.",
            "Multiple studies have demonstrated the predictive value of these biomarkers in severe 2019-nCOV infection. For example, a study published in The Lancet found that elevated IL-6 levels were independently associated with severe disease and mortality. Another study published in the New England Journal of Medicine found that a combination of biomarkers, including IL-6, D-dimer, and LDH, was able to predict severe disease with high accuracy. Furthermore, a meta-analysis of 15 studies found that lymphopenia was a significant predictor of severe 2019-nCOV infection, with a pooled sensitivity and specificity of 83% and 81%, respectively. Overall, the evidence suggests that these biomarkers may be useful in identifying patients at high risk of severe disease and guiding clinical decision-making."
        ]
    },
    "26": {
        "original": "what are the initial symptoms of Covid-19?",
        "expanded": [
            "The most common symptoms of Covid-19 are fever, dry cough, and fatigue. According to the World Health Organization (WHO), about 80% of people with Covid-19 experience mild to moderate symptoms, including muscle pain, headache, sore throat, and runny nose.",
            "Early warning signs of severe illness in Covid-19 patients include difficulty breathing, chest pain or pressure, and confusion or disorientation. Other warning signs may include severe headache, stiff neck, or vomiting. If you experience any of these symptoms, seek medical attention immediately.",
            "Yes, some people may experience mild symptoms of Covid-19, such as a sore throat, cough, or fever, that can progress to severe illness. Older adults and people with underlying health conditions are more at risk of developing severe illness from Covid-19. Mild symptoms can develop into pneumonia, acute respiratory distress syndrome, or even multi-organ failure if left untreated. It is essential to seek medical attention if you experience any symptoms that worsen over time.\n\nNote: These passages are general information and should not be considered medical advice. If you suspect you have Covid-19, it is essential to consult a healthcare professional for proper diagnosis and treatment."
        ]
    },
    "27": {
        "original": "what is known about those infected with Covid-19 but are asymptomatic?",
        "expanded": [
            "An asymptomatic Covid-19 case refers to an individual who has been infected with the SARS-CoV-2 virus but does not exhibit any symptoms of the disease. According to the World Health Organization (WHO), asymptomatic cases are those who do not develop symptoms at any point during their infection, despite being capable of transmitting the virus to others. Asymptomatic individuals may not feel ill or experience any noticeable symptoms, but they can still shed the virus and infect others.",
            "Studies have estimated that asymptomatic Covid-19 cases account for a significant proportion of all infections. A systematic review of 32 studies published in the journal PLOS Medicine estimated that approximately 40% of Covid-19 cases are asymptomatic. Another study published in the journal The Lancet Infectious Diseases estimated that the asymptomatic proportion ranged from 16% to 57% of all cases. The exact prevalence of asymptomatic cases is difficult to determine, as many individuals may not be tested or reported.",
            "Yes, asymptomatic individuals can still transmit the virus to others. Research has shown that asymptomatic individuals can shed the virus through respiratory droplets, contact, and fomites, just like symptomatic individuals. In fact, a study published in the New England Journal of Medicine found that asymptomatic individuals can transmit the virus to others even before they develop symptoms, which is known as presymptomatic transmission. This highlights the importance of maintaining public health measures, such as social distancing, mask-wearing, and testing, to prevent the spread of the virus."
        ]
    },
    "28": {
        "original": "what evidence is there for the value of hydroxychloroquine in treating Covid-19?",
        "expanded": [
            "Hydroxychloroquine, a drug commonly used to treat malaria, lupus, and rheumatoid arthritis, was first proposed as a potential treatment for Covid-19 in early 2020 based on its in vitro activity against SARS-CoV-2. The initial enthusiasm was fueled by a small study published in March 2020, which suggested that hydroxychloroquine could reduce the viral load in Covid-19 patients. As a result, many countries, including the United States, began using hydroxychloroquine as a treatment for Covid-19, often in combination with other drugs.",
            "However, as larger, more rigorous clinical trials were conducted, the efficacy of hydroxychloroquine in treating Covid-19 became increasingly unclear. The RECOVERY trial, a large randomized controlled trial published in The Lancet in October 2020, found no significant difference in mortality rates between patients treated with hydroxychloroquine and those receiving standard care. Similarly, a Cochrane systematic review published in August 2020, which pooled data from 23 studies, found that hydroxychloroquine did not reduce the risk of death or hospitalization due to Covid-19. These negative results have been consistently replicated in numerous other studies, leading many health organizations to recommend against the use of hydroxychloroquine for treating Covid-19.",
            "In addition to its lack of efficacy, hydroxychloroquine has been shown to have significant potential harms, including cardiovascular toxicity, QT prolongation, and neuropsychiatric side effects. The FDA has warned against using hydroxychloroquine outside of a clinical trial setting due to these risks, and several countries have reported cases of adverse events and even deaths associated with its use for Covid-19 treatment. Furthermore, the use of hydroxychloroquine for Covid-19 has also been linked to shortages of the drug, putting patients with lupus and rheumatoid arthritis, who rely on it as a lifesaving medication, at risk."
        ]
    },
    "29": {
        "original": "which SARS-CoV-2 proteins-human proteins interactions indicate potential for drug targets. Are there approved drugs that can be repurposed based on this information?",
        "expanded": [
            "Several SARS-CoV-2 proteins, including the spike protein, nucleocapsid protein, and non-structural proteins (e.g., NSP1, NSP3, and NSP9), have been found to interact with human proteins. These interactions can modulate various cellular processes, such as protein synthesis, autophagy, and innate immunity. For example, the SARS-CoV-2 spike protein interacts with the human ACE2 receptor, which facilitates viral entry into host cells. Understanding these interactions can provide insights into potential therapeutic targets.",
            "Druggable PPIs between SARS-CoV-2 proteins and human proteins have been identified using various computational and experimental approaches. For instance, the interaction between the SARS-CoV-2 nucleocapsid protein and human cyclophilin A has been suggested as a potential therapeutic target. Additionally, the PPI between the SARS-CoV-2 non-structural protein NSP3 and human mitochondrial protein ATP5A has been implicated in modulating viral replication. These druggable PPIs can be exploited for the development of novel therapeutic strategies.",
            "Yes, several approved drugs have been identified as potential candidates for repurposing to target the SARS-CoV-2 proteins-human proteins interactions. For example, the drug remdesivir, originally developed for treating Ebola, has been shown to inhibit the interaction between the SARS-CoV-2 RNA-dependent RNA polymerase and human protein XPB. Similarly, the drug cyclosporine, used to prevent organ transplant rejection, has been found to inhibit the interaction between the SARS-CoV-2 nucleocapsid protein and human cyclophilin A. Repurposing approved drugs can accelerate the development of therapeutic strategies against COVID-19."
        ]
    },
    "30": {
        "original": "is remdesivir an effective treatment for COVID-19",
        "expanded": [
            "Remdesivir is an antiviral medication that was developed to treat Ebola and Marburg virus infections. It works by inhibiting the action of a vital enzyme called RNA-dependent RNA polymerase, which is necessary for the replication of viral RNA. In the case of COVID-19, remdesivir has been shown to inhibit the replication of SARS-CoV-2, the virus that causes the disease, in vitro and in animal studies.",
            "Multiple clinical trials have been conducted to evaluate the efficacy of remdesivir in treating COVID-19. The largest and most notable of these is the Adaptive COVID-19 Treatment Trial (ACTT-1), sponsored by the National Institute of Allergy and Infectious Diseases (NIAID). This randomized, double-blind, placebo-controlled trial found that remdesivir shortened the time to recovery in hospitalized patients with severe COVID-19, with a median time to recovery of 11 days compared to 15 days in the placebo group. Other studies have also reported promising results, including a reduction in mortality rates and improvement in clinical outcomes.",
            "While remdesivir has shown promise in treating COVID-19, it is not without potential risks and side effects. Common adverse effects reported in clinical trials include nausea, vomiting, and elevated liver enzymes. More serious side effects, such as anaphylaxis and kidney injury, have also been reported in some cases. Additionally, remdesivir is not recommended for patients with severe kidney or liver impairment, and pregnant or breastfeeding women should use it with caution. Healthcare providers should carefully weigh the benefits and risks of remdesivir treatment on a case-by-case basis."
        ]
    },
    "31": {
        "original": "How does the coronavirus differ from seasonal flu?",
        "expanded": [
            "Both coronavirus and seasonal flu are respiratory illnesses that share some similar symptoms, such as fever, cough, and shortness of breath. However, coronavirus symptoms can be more severe and may include pneumonia, acute respiratory distress syndrome, and even multi-organ failure in severe cases. In contrast, seasonal flu symptoms are generally milder and may include a runny nose, sore throat, and muscle aches.",
            "Coronavirus and seasonal flu are both contagious respiratory illnesses, but they have some differences in transmission. Coronavirus is primarily spread from person-to-person through close contact, respiratory droplets, and contact with contaminated surfaces. Seasonal flu, on the other hand, is spread mainly through the air by droplets when an infected person talks, coughs, or sneezes. Additionally, coronavirus can survive on surfaces for longer periods than seasonal flu, making it more contagious.",
            "The mortality rate for coronavirus is significantly higher than for seasonal flu, especially among older adults and those with underlying health conditions. According to the World Health Organization, the mortality rate for coronavirus is around 0.5-1%, whereas the mortality rate for seasonal flu is around 0.1%. Coronavirus has also affected a wider demographic range, including young adults and children, whereas seasonal flu tends to affect primarily older adults, young children, and people with certain health conditions."
        ]
    },
    "32": {
        "original": "Does SARS-CoV-2 have any subtypes, and if so what are they?",
        "expanded": [
            "SARS-CoV-2, short for Severe Acute Respiratory Syndrome Coronavirus 2, is a member of the coronavirus family that causes COVID-19, a global pandemic. It belongs to the genus Betacoronavirus, which includes other coronaviruses that infect humans, such as SARS-CoV and MERS-CoV. As a coronavirus, SARS-CoV-2 is classified under the family Coronaviridae, order Nidovirales, and kingdom Orthornavirae.",
            "Yes, SARS-CoV-2 has undergone significant genetic changes since its emergence, resulting in various genetic lineages and subtypes. The genetic diversity of SARS-CoV-2 is driven by its high mutation rate, which is typical of RNA viruses. The rapid spread of the virus worldwide has led to the emergence of distinct viral lineages, such as the Alpha, Beta, Gamma, Delta, and Omicron variants, among others. These variants often exhibit differences in their spike protein, which is the primary target of the host's immune system.",
            "The different subtypes of SARS-CoV-2 vary in their transmissibility, virulence, and ability to evade the host's immune response. For instance, the Alpha variant is associated with increased transmissibility, while the Delta variant is linked to increased hospitalization rates. The Omicron variant, which emerged later, has been found to be more transmissible than previous variants but with possibly milder symptoms. Understanding the characteristics of these subtypes is crucial for developing effective public health strategies, updating diagnostic tools, and designing vaccines that can provide broad protection against different variants."
        ]
    },
    "33": {
        "original": "What vaccine candidates are being tested for Covid-19?",
        "expanded": [
            "Several types of Covid-19 vaccine candidates are being developed, including inactivated whole virus vaccines, protein-based vaccines, viral vector vaccines, RNA-based vaccines, and DNA-based vaccines. Inactivated whole virus vaccines use a killed or inactivated form of the SARS-CoV-2 virus, while protein-based vaccines use a specific protein from the virus to stimulate an immune response. Viral vector vaccines use a weakened virus to deliver genetic material to cells, while RNA-based vaccines use a piece of genetic material called messenger RNA to instruct cells to produce a protein that stimulates an immune response. DNA-based vaccines use genetic material to instruct cells to produce a protein that stimulates an immune response.",
            "Several pharmaceutical companies and organizations are leading the vaccine development efforts, including Pfizer, Moderna, AstraZeneca, Johnson & Johnson, Merck, Sanofi, and GlaxoSmithKline, among others. These companies are working in collaboration with government agencies, such as the National Institutes of Health (NIH) and the Biomedical Advanced Research and Development Authority (BARDA), as well as non-profit organizations, such as the Coalition for Epidemic Preparedness Innovations (CEPI) and the World Health Organization (WHO).",
            "As of [current date], there are over 200 Covid-19 vaccine candidates in various stages of clinical trials, with several candidates in Phase III trials, which involve large-scale testing in humans to assess safety and efficacy. Some vaccine candidates, such as those developed by Pfizer, Moderna, and AstraZeneca, have already reported promising results in Phase III trials and have been authorized for emergency use in several countries. Other candidates are in earlier stages of development, with some in Phase I or Phase II trials, which focus on safety and immunogenicity."
        ]
    },
    "34": {
        "original": "What are the longer-term complications of those who recover from COVID-19?",
        "expanded": [
            "Many people who recover from COVID-19 experience persistent symptoms, known as Post-Acute COVID-19 Syndrome (PACS). Common long-term symptoms include chronic fatigue, muscle pain, joint pain, and cognitive impairment. Some individuals may also experience lingering respiratory issues, such as coughing and shortness of breath. Additionally, mental health concerns like depression, anxiety, and PTSD have been reported in some COVID-19 survivors.",
            "Research suggests that COVID-19 survivors may be at increased risk of cardiovascular complications, including heart attacks, strokes, and arrhythmias. This may be due to the inflammation and oxidative stress caused by the virus. Furthermore, some studies have found an association between COVID-19 and neurological complications, such as Guillain-Barr\u00e9 syndrome, Parkinson's disease, and seizures. It is essential for COVID-19 survivors to maintain regular health check-ups to monitor for any potential cardiovascular or neurological issues.",
            "Yes, some COVID-19 survivors may experience long-term lung damage, including scarring and fibrosis, which can lead to chronic respiratory disease. This is more likely to occur in individuals who experienced severe COVID-19 or required mechanical ventilation. Additionally, COVID-19 has been linked to damage in other organs, such as the kidneys, liver, and pancreas. In rare cases, COVID-19 survivors may develop chronic kidney disease or experience a worsening of pre-existing kidney disease. Regular health monitoring is crucial to detect and manage any potential organ damage."
        ]
    },
    "35": {
        "original": "What new public datasets are available related to COVID-19?",
        "expanded": [
            "The World Health Organization (WHO) has released several new datasets related to COVID-19, including a dataset on COVID-19 cases and deaths by country, and another on vaccine distribution and administration. The Centers for Disease Control and Prevention (CDC) has also released datasets on COVID-19 cases, hospitalizations, and deaths in the United States. Additionally, the European Centre for Disease Prevention and Control (ECDC) has published datasets on COVID-19 cases and outbreaks in Europe.",
            "The COVID-19 Open Research Dataset Challenge (CORD-19) on Kaggle provides a large collection of datasets related to COVID-19, including datasets on patient outcomes, viral genomics, and social media trends. The Harvard Dataverse repository has also made available several datasets on COVID-19, including datasets on mask-wearing adherence and COVID-19 transmission in schools. Furthermore, the Google Dataset Search engine has indexed several COVID-19 datasets from various sources, including government agencies and research institutions.",
            "The United States National Institutes of Health (NIH) has released a dataset on COVID-19 clinical trials, while the National Science Foundation (NSF) has released a dataset on COVID-19 research funding. The University of Oxford has made available a dataset on COVID-19 hospital admissions, and the Imperial College London has released a dataset on COVID-19 transmission dynamics. Additionally, the Government of Canada has released a dataset on COVID-19 cases and outbreaks in Canada."
        ]
    },
    "36": {
        "original": "What is the protein structure of the SARS-CoV-2 spike?",
        "expanded": [
            "The SARS-CoV-2 spike protein is a trimeric protein, consisting of three identical chains. Each chain is composed of two subunits, S1 and S2. The S1 subunit is responsible for binding to the host cell receptor, while the S2 subunit is involved in membrane fusion. The spike protein is heavily glycosylated, with a total of 22 N-linked glycans per trimer.",
            "The SARS-CoV-2 spike protein is organized into several domains, including the N-terminal domain (NTD), the receptor-binding domain (RBD), the fusion peptide, the heptad repeat 1 (HR1), and the heptad repeat 2 (HR2). The RBD is responsible for recognizing and binding to the host cell receptor, angiotensin-converting enzyme 2 (ACE2). The fusion peptide and HR1/HR2 domains are involved in membrane fusion and viral entry.",
            "The cryo-electron microscopy (cryo-EM) structure of the SARS-CoV-2 spike protein has been resolved to a resolution of 3.5 \u00c5. The structure reveals a prefusion state of the protein, with the S1 subunit in an \"up\" conformation and the S2 subunit in a \"down\" conformation. The RBD is observed to be in a \"standing up\" conformation, exposed and available for binding to ACE2. The structure also shows that the spike protein is stabilized by a network of hydrogen bonds and salt bridges, which are critical for its function."
        ]
    },
    "37": {
        "original": "What is the result of phylogenetic analysis of SARS-CoV-2 genome sequence?",
        "expanded": [
            "Phylogenetic analysis is a method used in molecular biology to study the evolutionary relationships between organisms based on their genetic sequences. It involves reconstructing the history of organismal lineages by comparing their DNA or protein sequences. In the context of SARS-CoV-2, phylogenetic analysis is used to understand the origin, spread, and evolution of the virus.",
            "The genome sequence of SARS-CoV-2 is a critical component of phylogenetic analysis. The sequence data provides information about the genetic makeup of the virus, which can be used to identify its evolutionary relationships with other coronaviruses. By comparing the genome sequence of SARS-CoV-2 to other closely related viruses, researchers can infer the origin and evolution of the virus, as well as identify potential mutations that may affect its transmissibility, virulence, and response to treatment.",
            "Phylogenetic analysis of SARS-CoV-2 genome sequence has revealed several important findings. The analysis has shown that SARS-CoV-2 is a member of the coronavirus family and is most closely related to a bat coronavirus. The analysis has also revealed that SARS-CoV-2 is a zoonotic virus, meaning it can be transmitted between animals and humans. Furthermore, the analysis has identified distinct lineages of the virus, which have been linked to different geographic regions and outbreaks. The results of phylogenetic analysis have also provided insights into the mutation rate of the virus, which is crucial for understanding its evolution and spread. Overall, the results have been essential in informing public health responses, including contact tracing, vaccine development, and disease surveillance."
        ]
    },
    "38": {
        "original": "What is the mechanism of inflammatory response and pathogenesis of COVID-19 cases?",
        "expanded": [
            "The initial steps of the inflammatory response in COVID-19 involve the recognition of SARS-CoV-2 by pattern recognition receptors (PRRs) on the surface of immune cells, such as dendritic cells and macrophages. This recognition triggers the activation of these cells, which then produce pro-inflammatory cytokines, such as IL-1\u03b2, IL-6, and TNF-\u03b1. These cytokines recruit immune cells, such as neutrophils and monocytes, to the site of infection, where they attempt to eliminate the virus. However, in severe COVID-19 cases, this response can become uncontrolled, leading to a cytokine storm and tissue damage.",
            "SARS-CoV-2 has evolved several mechanisms to evade the host immune response, including the suppression of interferon (IFN) production, the inhibition of antigen presentation, and the modulation of immune cell function. For example, the virus can produce proteins that interfere with the production of IFN, a key cytokine that coordinates the antiviral response. Additionally, SARS-CoV-2 can downregulate the expression of major histocompatibility complex (MHC) molecules, making it harder for immune cells to recognize and eliminate infected cells. These evasion strategies can lead to a prolonged and ineffective immune response, resulting in chronic inflammation and tissue damage.",
            "Severe COVID-19 is characterized by a hyperinflammatory response, which involves the activation of multiple cell types, including macrophages, neutrophils, and T cells. This response is driven by the production of pro-inflammatory cytokines, such as IL-1\u03b2, IL-6, and TNF-\u03b1, which attract immune cells to the lungs and other affected tissues. The excessive production of reactive oxygen species (ROS) and the activation of inflammasomes also contribute to tissue damage and organ dysfunction. Furthermore, the dysregulation of the coagulation cascade, leading to the formation of microthrombi, and the disruption of the blood-air barrier, resulting in alveolar flooding, are also key mechanisms underlying the pathogenesis of severe COVID-19."
        ]
    },
    "39": {
        "original": "What is the mechanism of cytokine storm syndrome on the COVID-19?",
        "expanded": [
            "Cytokine storm syndrome, also known as cytokine release syndrome, is a severe and potentially life-threatening medical condition characterized by an overactive immune response. It occurs when the body's immune system produces an excessive amount of cytokines, which are proteins that help fight infection and inflammation. In a cytokine storm, the immune system becomes overactive, releasing a massive amount of cytokines, leading to a hyperinflammatory response that can cause damage to multiple organs and tissues.",
            "In the context of COVID-19, cytokine storm syndrome is triggered by the viral infection, specifically the SARS-CoV-2 virus. When the virus binds to the host cells, it activates the immune system, leading to the production of pro-inflammatory cytokines, such as interleukin-6 (IL-6) and tumor necrosis factor-alpha (TNF-alpha). In some individuals, the immune response becomes dysregulated, and the production of these cytokines becomes uncontrolled, leading to a cytokine storm. This can be exacerbated by factors such as age, underlying medical conditions, and genetic predisposition.",
            "The cytokine storm syndrome contributes to the pathogenesis of COVID-19 by causing widespread inflammation and tissue damage. The excessive production of cytokines leads to the activation of immune cells, such as macrophages and neutrophils, which release more pro-inflammatory cytokines, creating a vicious cycle. This hyperinflammation can lead to acute respiratory distress syndrome (ARDS), multi-organ failure, and even death. Additionally, the cytokine storm can also lead to the production of anti-inflammatory cytokines, such as interleukin-10 (IL-10), which can impair the immune system's ability to fight the virus, making the individual more susceptible to severe disease. Understanding the mechanism of cytokine storm syndrome is crucial for the development of effective therapeutic strategies to treat severe COVID-19."
        ]
    },
    "40": {
        "original": "What are the observed mutations in the SARS-CoV-2 genome and how often do the mutations occur?",
        "expanded": [
            "The SARS-CoV-2 genome has undergone various types of mutations since its emergence, including point mutations, insertions, deletions, and recombination events. Point mutations, which are changes to single nucleotides, are the most common type of mutation observed in the SARS-CoV-2 genome. These mutations can result in synonymous or non-synonymous changes to the virus's amino acid sequence. Other types of mutations, such as insertions and deletions, can lead to frameshifts or changes in protein function.",
            "Several mutations have been frequently observed in the SARS-CoV-2 genome, including D614G, a mutation in the spike protein that has become dominant worldwide. Other common mutations include A222V, A220V, and N439K in the spike protein, as well as P323L and R203K in the nucleocapsid protein. These mutations may provide a selective advantage to the virus, allowing it to spread more efficiently or evade host immune responses.",
            "The frequency of SARS-CoV-2 mutations varies across geographic regions, with some mutations being more prevalent in specific areas. For example, the D614G mutation is more common in Europe and North America, while the A222V mutation is more frequent in Asia. The mutation frequency also changes over time, with new mutations emerging and others declining as the virus continues to evolve. Furthermore, the frequency of mutations can vary depending on the viral lineage, with some lineages harboring more mutations than others. Overall, understanding the frequency and distribution of SARS-CoV-2 mutations is crucial for tracking the evolution of the virus and informing public health strategies."
        ]
    },
    "41": {
        "original": "What are the impacts of COVID-19 among African-Americans that differ from the rest of the U.S. population?",
        "expanded": [
            "African-Americans are disproportionately represented in essential worker occupations, such as healthcare, transportation, and food service, which increases their risk of exposure to COVID-19. Additionally, African-Americans are more likely to live in densely populated urban areas and have limited access to healthcare resources, including testing and treatment facilities. These demographic factors contribute to the higher rates of COVID-19 infection and mortality among African-Americans compared to the rest of the U.S. population.",
            "African-Americans are more likely to have underlying health conditions such as diabetes, hypertension, and heart disease, which are known to increase the risk of severe illness and death from COVID-19. The prevalence of these conditions is higher among African-Americans due to various factors, including limited access to healthy food options, inadequate healthcare, and socioeconomic disparities. As a result, African-Americans are more likely to experience severe symptoms and complications from COVID-19, leading to higher hospitalization and mortality rates.",
            "The economic and social consequences of COVID-19 have had a devastating impact on African-American communities. Many African-Americans have experienced job loss, reduced work hours, and decreased income, which has led to increased poverty and food insecurity. Moreover, the closure of schools and community centers has disrupted social networks and support systems, exacerbating feelings of isolation and anxiety. The lack of access to technology and digital resources has also hindered African-Americans' ability to participate in remote work and online education, further widening the economic and social disparities. These consequences have disproportionately affected African-Americans, perpetuating existing systemic inequalities and social injustices."
        ]
    },
    "42": {
        "original": "Does Vitamin D impact COVID-19 prevention and treatment?",
        "expanded": [
            "Research has shown that low levels of Vitamin D are associated with increased severity of COVID-19 symptoms. A study published in the Journal of Infectious Diseases found that patients with severe COVID-19 had lower Vitamin D levels compared to those with mild symptoms. Another study published in the Journal of Clinical Medicine found that Vitamin D deficiency was more common in COVID-19 patients who required intensive care unit (ICU) admission compared to those who did not require ICU care. These findings suggest that maintaining adequate Vitamin D levels may be important for reducing the severity of COVID-19.",
            "While some studies suggest that Vitamin D supplements may reduce the risk of COVID-19 infection, the evidence is not yet conclusive. A systematic review published in the journal Nutrients found that Vitamin D supplementation was associated with a reduced risk of acute respiratory tract infections, which includes COVID-19. However, the review noted that the quality of the evidence was limited, and more research is needed to confirm these findings. A recent randomized controlled trial published in the Journal of the American Medical Association found no significant difference in COVID-19 infection rates between participants who received Vitamin D supplements and those who did not. Therefore, while Vitamin D supplements may have some potential benefits, more research is needed to determine their effectiveness in preventing COVID-19.",
            "Vitamin D plays an important role in the regulation of the immune system, and research suggests that it may help to modulate the immune response to COVID-19. Vitamin D has been shown to inhibit the production of pro-inflammatory cytokines, which can contribute to tissue damage and disease severity. Additionally, Vitamin D has been found to enhance the expression of antimicrobial peptides, which can help to combat viral infections. A study published in the journal Frontiers in Immunology found that Vitamin D supplementation increased the production of immune cells called macrophages, which play a key role in fighting infections. These findings suggest that Vitamin D may have a beneficial impact on the immune system's response to COVID-19, although more research is needed to fully understand its effects."
        ]
    },
    "43": {
        "original": "How has the COVID-19 pandemic impacted violence in society, including violent crimes?",
        "expanded": [
            "According to a study published in the Journal of Experimental Criminology, the COVID-19 pandemic has led to a significant decline in overall crime rates globally. The study analyzed crime data from 27 cities across 23 countries and found that crime rates decreased by an average of 37% during the pandemic. This decline is attributed to increased lockdowns, social distancing measures, and reduced mobility, which have limited opportunities for criminal activity. However, the study also noted that certain types of crimes, such as domestic violence and cybercrime, have increased during the pandemic.",
            "The COVID-19 pandemic has led to a disturbing increase in domestic violence rates worldwide. With many countries imposing lockdowns and stay-at-home orders, victims of domestic violence have been trapped with their abusers, making it difficult for them to seek help. A report by the United Nations Office on Drugs and Crime found that domestic violence has increased by 20-30% in several countries, including the UK, US, and Australia. The report attributes this surge to increased stress, anxiety, and economic instability caused by the pandemic.",
            "The COVID-19 pandemic has had a mixed impact on gang violence and street crime. In some cities, gang violence has decreased due to reduced mobility and increased police presence. For example, in Chicago, gang-related homicides decreased by 23% in 2020 compared to the previous year. However, in other areas, gang violence has increased as rival gangs have taken advantage of the pandemic to settle scores and expand their territories. Additionally, the pandemic has led to an increase in street crime, such as robberies and thefts, as people have become more desperate and opportunistic in the face of economic uncertainty."
        ]
    },
    "44": {
        "original": "How much impact do masks have on preventing the spread of the COVID-19?",
        "expanded": [
            "Masks work by blocking respiratory droplets that contain the SARS-CoV-2 virus, which is primarily spread through person-to-person contact via respiratory droplets. When an infected person talks, coughs, or sneezes, they release these droplets into the air, which can land on the mouths, noses, or eyes of nearby people, infecting them. Masks create a physical barrier that prevents these droplets from escaping or entering the wearer's nose and mouth, thereby reducing the transmission of the virus.",
            "Studies have shown that different types of masks have varying effectiveness rates in preventing the spread of COVID-19. Surgical masks, which are loose-fitting and designed to cover the nose and mouth, can filter out approximately 70-80% of respiratory droplets. N95 respirator masks, which are tighter-fitting and designed to filter out at least 95% of airborne particles, have been shown to be even more effective, with a filtration rate of 95-99%. Cloth masks, which are made of breathable fabric, have a lower filtration rate of around 50-60%. It's essential to choose the right type of mask and wear it correctly to maximize its effectiveness.",
            "Several studies have demonstrated the real-world impact of widespread mask-wearing in preventing the spread of COVID-19. In countries like South Korea, Japan, and Taiwan, where mask-wearing was widely adopted early on, the rate of transmission was significantly lower compared to countries that did not implement mask mandates. In the United States, a study published in the Journal of the American Medical Association (JAMA) found that communities that implemented mask mandates saw a significant reduction in COVID-19 cases and hospitalizations. Additionally, a study on a cruise ship found that mask-wearing by passengers and crew reduced the transmission of COVID-19 by over 70%. These real-world examples demonstrate the effectiveness of mask-wearing in preventing the spread of COVID-19."
        ]
    },
    "45": {
        "original": "How has the COVID-19 pandemic impacted mental health?",
        "expanded": [
            "The COVID-19 pandemic has led to a surge in mental health issues globally. Some of the most common problems experienced by individuals include anxiety, depression, post-traumatic stress disorder (PTSD), and substance abuse. The uncertainty and fear surrounding the virus, combined with the forced isolation and lack of social interaction, have taken a toll on people's mental wellbeing. Additionally, the pandemic has also triggered obsessive-compulsive disorder (OCD) in some individuals, particularly those who are prone to anxiety. The constant need to wash hands, wear masks, and maintain social distancing has exacerbated these conditions, making it difficult for people to cope.",
            "The COVID-19 pandemic has disproportionately affected certain populations, exacerbating existing mental health inequalities. Healthcare workers, who are on the frontline of the pandemic, have reported high levels of stress, anxiety, and burnout due to the heavy workload and risk of infection. Similarly, individuals with pre-existing mental health conditions, such as bipolar disorder or schizophrenia, have struggled to access necessary medication and therapy, leading to a decline in their mental wellbeing. The elderly, who are already vulnerable to social isolation, have been particularly hard hit, with many experiencing loneliness, depression, and anxiety. Furthermore, marginalized communities, including those from low-income backgrounds, racial and ethnic minorities, and LGBTQ+ individuals, have faced barriers in accessing mental health services, worsening their mental health outcomes.",
            "The COVID-19 pandemic's impact on mental health is likely to have long-term consequences, even after the crisis has passed. The prolonged period of stress and uncertainty has the potential to create a lasting impact on individuals' mental wellbeing, potentially leading to chronic mental health conditions. Additionally, the pandemic has also disrupted the mental health care system, overwhelming services and leading to a shortage of mental health professionals. This may result in a shortage of available therapists and support services, making it difficult for individuals to access the help they need. Furthermore, the pandemic has also highlighted the need for mental health resources and infrastructure, which may lead to a shift in policymakers' priorities and funding allocation in the post-pandemic era. It is essential to address these consequences proactively to mitigate the pandemic's long-term impact on mental health."
        ]
    },
    "46": {
        "original": "what evidence is there for dexamethasone as a treatment for COVID-19?",
        "expanded": [
            "Dexamethasone, a corticosteroid, has been shown to reduce inflammation in the lungs, which is a hallmark of severe COVID-19. By suppressing the immune system's overactive response, dexamethasone can help mitigate the damage caused by cytokine storms, a life-threatening complication of COVID-19. Additionally, dexamethasone's anti-inflammatory properties can help reduce the severity of acute respiratory distress syndrome (ARDS), a common complication of severe COVID-19.",
            "The RECOVERY trial, a large randomized controlled trial conducted in the UK, found that dexamethasone significantly reduced mortality rates in patients with severe COVID-19. Specifically, the trial showed that dexamethasone reduced deaths by one-third in ventilated patients and by one-fifth in patients receiving oxygen only. These findings have been corroborated by several other studies, including the CoDEX trial and the CAPE-COVID trial, which also demonstrated the efficacy of dexamethasone in reducing mortality and improving clinical outcomes in patients with severe COVID-19.",
            "Based on the evidence from clinical trials, major health organizations such as the World Health Organization (WHO), the National Institutes of Health (NIH), and the Infectious Diseases Society of America (IDSA) have updated their guidelines to recommend the use of dexamethasone in treating severe COVID-19. Specifically, the guidelines recommend using dexamethasone in patients who require mechanical ventilation or oxygen therapy, as well as in those with severe COVID-19 who are at high risk of developing ARDS or cytokine storms. These guidelines emphasize the importance of using dexamethasone in conjunction with other evidence-based treatments and under the guidance of a qualified healthcare professional."
        ]
    },
    "47": {
        "original": "what are the health outcomes for children who contract COVID-19?",
        "expanded": [
            "Children who contract COVID-19 often exhibit mild to moderate symptoms, which may include fever, cough, runny nose, and fatigue. Some children may also experience vomiting, diarrhea, and abdominal pain. In severe cases, COVID-19 can lead to pneumonia, acute respiratory distress syndrome, and even multi-organ failure. According to the Centers for Disease Control and Prevention (CDC), most children with COVID-19 recover within 1-2 weeks without any serious complications.",
            "While most children with COVID-19 experience mild symptoms, some are at higher risk of developing severe illness and requiring hospitalization. According to the World Health Organization (WHO), children under 5 years old, especially those under 1 year, are at higher risk of severe illness. Children with underlying medical conditions, such as asthma, diabetes, and heart disease, are also more likely to experience severe symptoms. In addition, children with weakened immune systems, such as those with cancer or HIV/AIDS, may be more susceptible to severe illness.",
            "While the long-term health effects of COVID-19 in children are not yet fully understood, some studies suggest that children may experience lingering health issues after recovery. For example, some children may experience prolonged fatigue, muscle weakness, and cognitive impairment. In rare cases, children may develop multisystem inflammatory syndrome in children (MIS-C), a condition characterized by inflammation in multiple organs, including the heart, lungs, and brain. Further research is needed to fully understand the long-term health outcomes of COVID-19 in children."
        ]
    },
    "48": {
        "original": "what are the benefits and risks of re-opening schools in the midst of the COVID-19 pandemic?",
        "expanded": [
            "Re-opening schools during the COVID-19 pandemic can have several benefits. Firstly, it can help to minimize the disruption to children's education, which is crucial for their cognitive and social development. Prolonged school closures can lead to significant learning losses, particularly for disadvantaged students who may not have access to alternative learning resources. Additionally, re-opening schools can help to reduce the burden on working parents who have had to take time off to care for their children, thereby supporting the economy. Furthermore, schools can play a critical role in providing essential services such as meal programs, mental health support, and access to healthcare services, which are particularly important for vulnerable populations.",
            "Re-opening schools during the COVID-19 pandemic also poses significant risks. The most obvious risk is the potential for the virus to spread rapidly among students, teachers, and staff, particularly in crowded classrooms and communal areas. This could lead to outbreaks, hospitalizations, and even deaths, especially among vulnerable populations such as older teachers and students with underlying health conditions. Furthermore, schools may not have the necessary infrastructure or resources to implement effective infection control measures, such as social distancing, mask-wearing, and enhanced cleaning protocols. Additionally, re-opening schools could also lead to increased absenteeism among teachers and staff, which could further disrupt the education system.",
            "To mitigate the risks of re-opening schools during the COVID-19 pandemic, several measures can be taken. Firstly, schools can implement infection control measures such as social distancing, mask-wearing, and enhanced cleaning protocols to reduce the transmission of the virus. Secondly, schools can adopt flexible learning arrangements, such as staggered schedules, online learning, and smaller class sizes, to reduce the density of students and staff. Thirdly, schools can provide personal protective equipment (PPE) and training to teachers and staff on how to use them effectively. Additionally, schools can establish protocols for identifying and isolating suspected cases, and for communicating with parents and the wider community about COVID-19 cases and outbreaks. By taking these measures, schools can reduce the risks associated with re-opening during the pandemic and provide a safe learning environment for students."
        ]
    },
    "49": {
        "original": "do individuals who recover from COVID-19 show sufficient immune response, including antibody levels and T-cell mediated immunity, to prevent re-infection?",
        "expanded": [
            "Multiple studies have shown that individuals who recover from COVID-19 mount a robust antibody response against SARS-CoV-2. Antibodies, including IgG and IgM, can be detected in the blood of infected individuals, and their levels correlate with the severity of the disease. In particular, neutralizing antibodies, which are capable of blocking the virus from entering host cells, have been shown to be present in convalescent plasma and are thought to play a key role in protecting against re-infection.",
            "Studies have demonstrated that antibody levels against SARS-CoV-2 can persist for several months after recovery from COVID-19. In fact, a study published in The New England Journal of Medicine found that neutralizing antibody levels remained stable or even increased over a period of 3-4 months after symptom onset. While there is some decline in antibody levels over time, the majority of individuals who recover from COVID-19 retain detectable levels of neutralizing antibodies, suggesting that they may provide long-term protection against re-infection.",
            "In addition to antibody responses, T-cell mediated immunity also plays a critical role in protecting against SARS-CoV-2 infection. Studies have shown that individuals who recover from COVID-19 exhibit functional T-cell responses, including CD4+ and CD8+ T cells, which are capable of recognizing and responding to SARS-CoV-2 antigens. These T-cell responses have been shown to persist for several months after recovery and may provide an additional layer of protection against re-infection, even if antibody levels wane over time."
        ]
    },
    "50": {
        "original": "what is known about an mRNA vaccine for the SARS-CoV-2 virus?",
        "expanded": [
            "An mRNA vaccine is a type of vaccine that uses a piece of genetic material called messenger RNA (mRNA) to instruct cells in the body to produce a specific protein. This protein is then recognized by the immune system, which triggers an immune response to fight off the virus. mRNA vaccines do not contain live or attenuated viruses, making them safe and eliminating the risk of causing the disease they are intended to prevent.",
            "An mRNA vaccine for SARS-CoV-2 works by delivering a piece of mRNA that encodes for the spike protein of the virus. Once inside the cell, the mRNA is translated into the spike protein, which is then expressed on the surface of the cell. The immune system recognizes the spike protein as foreign and mounts an immune response, producing antibodies and immune cells that can recognize and attack the virus. This immune response provides protection against future infections with SARS-CoV-2.",
            "Multiple mRNA vaccines for SARS-CoV-2 are currently in various stages of development, with several having received Emergency Use Authorization (EUA) from regulatory agencies such as the US FDA. These vaccines have shown high efficacy in preventing severe illness and hospitalization due to COVID-19 in clinical trials. Widespread vaccination efforts are underway, with millions of doses having been administered globally. Ongoing research is focused on improving the vaccine's effectiveness against emerging variants, as well as exploring its potential for booster shots and pediatric use."
        ]
    }
}