{
    "1": {
        "original": "what is the origin of COVID-19",
        "expanded": "The origin of COVID-19, the disease caused by the severe acute respiratory syndrome coronavirus 2 (SARS-CoV-2), has been the subject of extensive research and investigation. According to the World Health Organization (WHO) and numerous scientific studies, the likely origin of the virus is from an animal source, specifically bats. It is believed that the virus was transmitted to humans through an intermediate animal host, such as pangolins or snakes, at a seafood market in Wuhan, China.\n\nThe Huanan Seafood Market, a large wholesale market selling live animals, including bats, snakes, and other exotic species, is considered the epicenter of the outbreak. The market, which was also a major hub for food processing and distribution, provided an environment where the virus could be transmitted from animals to humans.\n\nThe first reported cases of COVID-19 were in December 2019, with a cluster of pneumonia cases in Wuhan, China. The virus was initially detected in early January 2020, and by mid-January, the Chinese government had confirmed that a new coronavirus was the cause of the outbreak.\n\nSubsequent studies have confirmed that the virus is genetically similar to SARS-CoV-2, which was first detected in 2002 and also originated from bats. The genetic similarity suggests that the virus may have undergone natural selection and adaptation before being transmitted to humans. The exact route of transmission and the timing of the initial outbreak are still subject to ongoing research and debate, but the scientific consensus is that the origin of COVID-19 is an animal source, likely from bats, with an intermediate animal host."
    },
    "2": {
        "original": "how does the coronavirus respond to changes in the weather",
        "expanded": "The effects of weather conditions on the coronavirus (SARS-CoV-2), the virus responsible for COVID-19, have been a topic of interest and research. Studies have investigated how temperature, humidity, and other environmental factors influence the virus's behavior. Research has shown that temperature and humidity can impact the stability and transmissibility of the virus.\n\nHigh temperatures can accelerate the degradation of the coronavirus, making it less stable and viable on surfaces. This means that sunlight, for example, can inactivate the virus on surfaces, potentially reducing the risk of transmission through contact with contaminated surfaces. On the other hand, cold temperatures may slow down the degradation of the virus but also make it more stable, potentially prolonging its survival on surfaces.\n\nHumidity also plays a significant role in the stability of the virus. High humidity can slow down the evaporation of the virus from surfaces, potentially allowing it to persist for longer periods. This highlights the importance of maintaining good ventilation and air circulation in buildings to reduce the concentration of virus particles.\n\nFurthermore, research suggests that weather conditions can influence the behavior of the virus in other ways. For instance, weather-controlled influxes of pollen and other aeroallergens may increase respiratory issues, which in turn can make people more susceptible to the virus. Conversely, people may be more likely to spend more time indoors during cold or rainy weather, thereby increasing the opportunities for close contact with potentially infected individuals.\n\nWhile there are some indications that weather conditions may affect the coronavirus, it is essential to recognize that these findings do not necessarily imply a straightforward correlation between weather patterns and viral transmission. Proximity to infected individuals, adherence to public health guidelines, and personal hygiene are still the primary determinants of transmission risk. Nonetheless, understanding the virus's behavior under different weather conditions can provide valuable insights for developing effective strategies to mitigate its spread."
    },
    "3": {
        "original": "will SARS-CoV2 infected people develop immunity? Is cross protection possible?",
        "expanded": "Research suggests that individuals who have been infected with SARS-CoV-2, the virus that causes COVID-19, may develop some level of immunity against future infections. This immunity is believed to last for at least several months, and possibly longer in some cases. Studies conducted have shown that people who contracted COVID-19 in the spring of 2020 and again in the winter of 2020-2021, experienced less severe symptoms upon re-infection in the latter period, indicating a degree of immune protection. However, it is unclear how long this immunity will last and whether it will provide complete protection against future strains of the virus or reduce the severity of symptoms without preventing reinfection altogether.\n\nTheoretically, cross-protection against other coronaviruses that are closely related to SARS-CoV-2, might also be possible. Some studies indicate that individuals who have been vaccinated or previously infected with SARS-CoV-2 have demonstrated a degree of cross-reactivity against the Beta and Gamma variants of SARS-CoV-2, although the extent and duration of cross-protection against more distantly related coronaviruses remain speculative."
    },
    "4": {
        "original": "what causes death from Covid-19?",
        "expanded": "Death from COVID-19 is usually caused by the SARS-CoV-2 virus, which invades the body's cells and triggers a severe immune response. As the virus replicates, it weaken's the lungs, heart, and other vital organs, leading to acute respiratory distress syndrome. In severe cases, the virus can cause the body to produce a massive amount of pro-inflammatory proteins and cytokines, which can damage the lungs and other tissues. This can lead to respiratory failure, cardiac arrest, and multiple organ failure, ultimately causing the death of the individual. In elderly people, those with pre-existing medical conditions, and those with compromised immune systems, COVID-19 can cause a cytokine storm, a severe overactive immune response that can be fatal. The exact cause of death from COVID-19 can vary depending on the individual's overall health and the severity of the disease, but the virus's impact on the body is the primary cause of mortality."
    },
    "5": {
        "original": "what drugs have been active against SARS-CoV or SARS-CoV-2 in animal studies?",
        "expanded": "Several drugs have been investigated for their potential to be active against SARS-CoV or SARS-CoV-2 in animal studies, although it's essential to note that the efficacy of these results must be verified in human clinical trials before they can be considered as viable COVID-19 treatments. Some notable examples of drugs that have shown promise in animal studies include:\n\nRemdesivir: This antiviral drug, developed by Gilead Sciences, has been found to be effective in animal studies against SARS-CoV-2. Remdesivir works by inhibiting the virus's RNA polymerase, which is essential for viral replication. In animal models, remdesivir has demonstrated rapid decrease in viral load and improved clinical outcomes.\n\nLopinavir/Ritonavir: This HIV protease inhibitor combination therapy has been shown to be effective against SARS-CoV-2 in animal studies. Lopinavir/Ritonavir works by blocking the activity of two enzymes, protease and renin, which the virus needs to replicate. Clinical trials in patients with COVID-19 have yielded mixed results.\n\nRibavirin: This antiviral drug has been investigated for its potential to treat SARS-CoV-2. Animal studies have shown ribavirin to exert anti-viral effects, and it is often used in combination with other antiviral agents. Its effectiveness, however, is less clear in human trials.\n\nLopinavir/Ritonavir has also been tested alongside interferon-alfa and ribavirin in animal studies as a combination and showed notable efficacy against SARS-CoV-2.\n\nTrelegy Budesonide, a form of corticosteroid, was shown in small, animal studies to inhibit viral replication and reduce lung damage of SARS-CoV."
    },
    "6": {
        "original": "what types of rapid testing for Covid-19 have been developed?",
        "expanded": "Rapid testing for COVID-19 has become a crucial tool in the fight against the pandemic. Several types of rapid testing have been developed, offering a quicker and more convenient alternative to traditional PCR (polymerase chain reaction) tests. One of the most common types of rapid testing is the antigen test, also known as a lateral flow test. This test uses a small sample of mucus from the nose or throat and can detect the presence of COVID-19 antigens, such as the spike protein, in as little as 15-30 minutes. Another type of rapid testing is the antibody test, which detects the presence of antibodies in the blood that are produced in response to infection. This test can be used to determine if someone has had COVID-19 in the past and can also help identify individuals who have developed immunity to the virus. Another type of rapid testing is the multiplex test, which can detect multiple types of respiratory viruses, including COVID-19, at the same time. Additionally, several point-of-care tests have been developed, which allow healthcare professionals to perform rapid testing at the bedside, providing quick and accurate results. These rapid tests have been widely adopted in healthcare settings, schools, and communities around the world, helping to control the spread of COVID-19 and quickly identify individuals who may need further testing or treatment."
    },
    "7": {
        "original": "are there serological tests that detect antibodies to coronavirus?",
        "expanded": "In the wake of the 2019 novel coronavirus pandemic, serological tests that detect antibodies to the SARS-CoV-2 virus have been developed. These tests, also known as serology tests, aim to identify the presence of antibodies in an individual's blood that are reactive to the virus. Specifically, these tests look for the presence of IgG and IgM antibodies, which are produced in response to the virus and serve as markers of infection. \n\nIgG is a longer-lasting antibody, typically appearing 7-10 days after infection and persisting for several years, whereas IgM typically appears within 3-5 days of infection. Both IgG and IgM are used to track the course of infection, as their presence indicates active or recent infection. Researchers use serological tests not only to diagnose COVID-19 but also to explore the potential role of passive immunity through antibody transfer (e.g., from mom to child) in developing herd immunity.\n\nSome of the techniques used to detect these antibodies include:\n\n1. Elisa (Enzyme-Linked Immunosorbent Assay): utilizes antibodies specific to the antigen, with an enzyme as the reporting group, leading to an easy-to-spot color change.\n2. Immunochromatographic Assay (ICA) - Similar to ELISA, it involves a monoclonal antibody binding process and, once the reactant combines, the change is instantly visible.\n3. Indirect Fluorescent Assay (IFA) - Uses fluorescent anti-human immunoglobulin antisera as the detecting reagent on a fixed viral antigen specimen.\n4. Neutralizing Antibody Assay- a biochemical assay used in vitro that determines whether certain antibodies bind to and subsequently neutralize the virus; an excellent predictor of susceptibility.\n\nEach test has a different specificity, sensitivity and, overall, it would be challenging to choose an \"absolute\" test result as these may vary.\n\nKeep in mind that sensitivity can depend on factors, such as timing of symptom onset, and sample dilution factors, whereas antibody detection time can also reflect differences between tests.\n\nCorresponding serological techniques may offer clues to assess potential susceptibility to re-infection in recovered patients while allowing better tracking of those already immunized.\n\nCorrelation of antibody detection frequency in sera of individuals could lead to insights on individual, age-specific, socioeconomic factors potentially affecting susceptibility risk and provide clues to optimizing population health management.\n\nEarly recognition, detection, characterization, and serotyping all serve essential roles in preventing transmission of this pandemic across different segments of society with an urgent need for prompt response measures."
    },
    "8": {
        "original": "how has lack of testing availability led to underreporting of true incidence of Covid-19?",
        "expanded": "The scarcity of testing availability has significantly contributed to the underreporting of the true incidence of Covid-19 worldwide. In many countries, tests were initially limited in scope and availability, often restricted to high-risk individuals, such as healthcare workers or those with severe symptoms. This restricted testing framework left a large number of undiagnosed and unreported cases, making it difficult to accurately assess the spread of the virus. Moreover, testing bottlenecks and backlogs emerged in many countries, forcing authorities to prioritize those deemed most critical, further compounding the issue.\n\nThis limited testing availability led to a phenomenon known as the \"hidden pandemic.\" The majority of infected individuals without severe symptoms, who did not require hospitalization or were not prioritized for testing, went unmonitored and unreported. As a result, reported cases and mortality rates substantially underestimated the true scale of the pandemic. This omission not only hampered accurate tracking and surveillance but also hindered efforts to tailor public health measures to address the spread of the virus effectively.\n\nIn some areas, the lack of testing led to further complexities. For instance, many regions with limited testing capabilities did not have access to widely used PCR (polymerase chain reaction) tests, which are essential for diagnosing Covid-19. Instead, they relied on less sensitive rapid testing methods, resulting in inaccuracies and a lower ability to detect infections. As a consequence, cases remained underreported, and a comprehensive understanding of the virus's spread was elusive. The consequences of this limited testing availability are still evident today, as it continues to plague efforts to track and manage the pandemic effectively."
    },
    "9": {
        "original": "how has COVID-19 affected Canada",
        "expanded": "The COVID-19 pandemic has had a significant impact on Canada since its outbreak in early 2020. The virus has spread rapidly across the country, infecting millions of Canadians and causing thousands of deaths. The economic effects have been severe, with widespread lockdowns and restrictions on businesses, particularly in the tourism and hospitality sectors. Many small businesses have been forced to close permanently, and unemployment rates have soared.\n\nThe healthcare system has also been severely strained, with hospitals and healthcare workers overwhelmed by the surge in cases. To address the crisis, the Canadian government has implemented various measures, including travel restrictions, mask mandates, and vaccination programs. The vaccine rollout has been slow at times, but it has helped to slow the spread of the virus and reduce hospitalizations.\n\nThe pandemic has also had a significant impact on education, with many schools and universities transitioning to online learning. This has been particularly challenging for students who rely on schools for meals and social support. The pandemic has also highlighted existing social and economic inequalities, with marginalized communities disproportionately affected by the virus.\n\nDespite the challenges, Canada has shown resilience and adaptability in the face of the pandemic. Canadians have come together to support each other, with communities and individuals showing remarkable generosity and kindness. The pandemic has also accelerated the adoption of digital technologies, such as telemedicine and remote work, which are expected to have long-term benefits for the economy and society.\n\nOverall, the COVID-19 pandemic has had a profound impact on Canada, causing significant economic, social, and health challenges. However, the country's response has also shown its strength and capacity for adaptation, and it is expected that Canada will emerge from the pandemic stronger and more resilient than ever."
    },
    "10": {
        "original": "has social distancing had an impact on slowing the spread of COVID-19?",
        "expanded": "The effectiveness of social distancing measures in slowing the spread of COVID-19 is a topic of ongoing debate and research. However, numerous scientific studies and publicly available data provide strong evidence that social distancing has played a crucial role in reducing the transmission of the virus. Indeed, the World Health Organization (WHO) and the Centers for Disease Control and Prevention (CDC) have consistently emphasized the importance of social distancing in combating the spread of COVID-19.\n\nStudies have shown that social distancing measures, such as implementing physical distancing of at least 1 meter (3.3 feet), wearing masks, and avoiding crowded areas, have been instrumental in reducing the number of cases and hospitalizations. For example, a study published in the Journal of Infectious Diseases found that individuals who maintained a distance of at least 1 meter from others were significantly less likely to contract COVID-19 compared to those who did not.\n\nFurthermore, data from around the world has consistently demonstrated a correlation between social distancing measures and a decline in cases and hospitalizations. For instance, in the United States, several states that rapidly implemented social distancing measures, such as California and New York, experienced a significant decline in hospitalizations and cases. Similarly, in countries like South Korea and New Zealand, which implemented widespread social distancing measures early on, the transmission of the virus was effectively slowed.\n\nIn conclusion, a robust body of scientific evidence suggests that social distancing has had a significant impact on slowing the spread of COVID-19. As the global pandemic continues to evolve, it is essential to maintain and adapt social distancing measures to mitigating the spread of the virus and protecting public health."
    },
    "11": {
        "original": "what are the guidelines for triaging patients infected with coronavirus?",
        "expanded": "The triage of patients infected with coronavirus, also known as COVID-19, is a crucial step in preventing the spread of the disease and ensuring appropriate healthcare resources are allocated. The World Health Organization (WHO) and Centers for Disease Control and Prevention (CDC) have established guidelines for triaging patients with suspected or confirmed COVID-19. The primary objective of triage is to identify those patients who require immediate medical attention, those who can be managed at home, and those who need isolation or quarantine.\n\nUpon initial assessment, healthcare professionals should prioritize patients with severe symptoms, such as difficulty breathing, chest pain, or severe headache, who may require urgent medical intervention. Patients with mild symptoms, such as fever, cough, or fatigue, can generally be managed at home with supportive care and close monitoring. Patients with moderate symptoms, such as pneumonia or respiratory distress, may require hospitalization for oxygen therapy, antibiotics, or other treatment.\n\nKey guidelines for triaging patients with COVID-19 include:\n\n* Use personal protective equipment (PPE) when assessing patients, including masks, gloves, and gowns.\n* Conduct a thorough medical history, including travel and exposure history, and perform a physical examination.\n* Obtain a complete set of vital signs, including temperature, blood pressure, pulse, and oxygen saturation.\n* Use a standardized classification system, such as the National Early Warning Score (NEWS), to assess the patient's severity of illness.\n* Consider laboratory testing, such as polymerase chain reaction (PCR) or rapid antigen testing, to confirm the diagnosis of COVID-19.\n* Triage patients based on their risk of serious illness, age, and comorbidities, with higher-risk patients prioritized for hospitalization and ICU care.\n* Implement infection control measures, including contact precautions, airborne precautions, and droplet precautions, to prevent transmission to healthcare workers and other patients.\n* Monitor patients closely for deterioration and adjust their care plan accordingly.\n\nBy following these guidelines, healthcare professionals can effectively triage patients infected with COVID-19, optimize resource allocation, and minimize the transmission of the disease."
    },
    "12": {
        "original": "what are best practices in hospitals and at home in maintaining quarantine?",
        "expanded": "Keeping oneself or others safe from illnesses that require quarantine involves adherence to specific precautions both within a hospital setting and at home. Hospitals usually follow a strict infection control protocol as a preventative measure, including regular cleaning and disinfection of surfaces, often with the use of chemical disinfectants that contain bleach. Healthcare workers wear personal protective equipment (PPE) like masks, gloves, and gowns to minimize exposure. Separate facilities are designated for infected patients, and specific waste disposal procedures are observed.\n\nOn the home front, maintaining a quarantine area requires ensuring good ventilation, regular handwashing, and disinfection of surfaces using cleaning products that are effective against various microorganisms. Noise levels are reduced to prevent the spread of airborne pathogens. Routine waste disposal, isolation of potentially infected individuals, and visceral cleaning are common home practices. Washing of clothing, especially laundry that has come into contact with an infected person, is done in a controlled manner to prevent cross-contamination. In public health emergencies, there may be community guidelines and local regulations to adhere to for maximum protection."
    },
    "13": {
        "original": "what are the transmission routes of coronavirus?",
        "expanded": "The transmission routes of coronavirus are multifaceted and involve various modes of spread. The primary routes of transmission are through close contact and aerosolization. Close contact transmission occurs when an infected individual comes into direct physical contact with another person, such as through shaking hands, touching, or sharing food and drink. This contact can lead to the transfer of the virus through respiratory droplets, such as those produced by coughing or sneezing.\n\nAerosolization is another significant route of transmission, where the virus remains suspended in the air and can be inhaled by others. This can occur through talking, whispering, or even just being in the same room as an infected individual. The virus can also survive on surfaces for extended periods, allowing it to be transmitted through touching contaminated surfaces and then contacting one's face, eyes, or mouth.\n\nAdditionally, fecal-oral transmission can occur, particularly in areas where there is inadequate sanitation and hygiene. This involves the ingestion of food or water contaminated with the virus, which can then cause infection.\n\nOther transmission routes include through respiratory secretions, such as saliva, mucus, and blood, as well as person-to-person contact through touching contaminated surfaces or objects.\n\nIt is essential to practice good hygiene, such as frequent handwashing, covering the mouth and nose when coughing or sneezing, and avoiding close contact with individuals who are sick. These measures can significantly reduce the risk of transmission and help contain the spread of coronavirus."
    },
    "14": {
        "original": "what evidence is there related to COVID-19 super spreaders",
        "expanded": "The concept of \"super spreaders\" has been a subject of interest and research during the COVID-19 pandemic. A super spreader is an individual who is considered to be disproportionately responsible for spreading a disease, often due to factors such as high viral load, frequent interactions, and poor infection control practices.\n\nStudies have shown that a small group of individuals, often referred to as \"superspreaders,\" can account for a significant proportion of all transmissions. For example, one study published in The Lancet found that a single case of COVID-19 can generate up to 8.5 secondary cases on average, with 40% of these cases coming from just one of the infected individuals. Another study published in the New England Journal of Medicine found that a single infected person can generate up to 15 secondary cases, with the majority of these cases occurring in the first five days of illness.\n\nSeveral factors have been identified as contributing to an individual's status as a super spreader, including:\n\n* High viral load: Studies have shown that individuals with higher viral loads are more likely to transmit the virus to others.\n* Poor infection control practices: Individuals who do not follow proper infection control practices, such as not wearing masks, not washing their hands frequently, and not maintaining social distancing, are more likely to transmit the virus to others.\n* Frequent interactions: Individuals who interact with a large number of people, such as healthcare workers, airline passengers, and restaurant workers, are more likely to transmit the virus to others.\n* Age and health status: Older adults and individuals with underlying health conditions may be more likely to be super spreaders due to their compromised immune systems.\n\nIn terms of specific evidence related to COVID-19 super spreaders, a study published in the Journal of Infectious Diseases found that individuals who were not wearing masks were more likely to transmit the virus to others than those who were wearing masks. Another study published in the Journal of Public Health found that healthcare workers who did not follow proper infection control practices were more likely to transmit the virus to patients than those who did follow proper practices.\n\nOverall, the evidence suggests that a small group of individuals, often referred to as \"superspreaders,\" can account for a significant proportion of all COVID-19 transmissions. These individuals can be identified through a combination of factors, including high viral load, poor infection control practices, frequent interactions, and age and health status."
    },
    "15": {
        "original": "how long can the coronavirus live outside the body",
        "expanded": "The longevity of the coronavirus outside the human body is influenced by various environmental factors such as temperature, humidity, and surface type. Research indicates that the virus can survive for different lengths of time on various surfaces under different conditions.\n\nOn paper, the SARS-CoV-2 virus, which causes COVID-19, can remain active for up to 3 days at room temperature (around 20-24\u00b0C or 68-75\u00b0F) in dry environments, as demonstrated in a study published in The Lancet in 2020. However, the virus becomes more resilient at lower temperatures, with longer survival times observed at refrigerated temperatures (around 4\u00b0C or 39\u00b0F). In one study, the virus survived on stainless steel for up to 5 days at 5\u00b0C (41\u00b0F) and up to 3 days at 22\u00b0C (72\u00b0F).\n\nOn other surfaces such as plastic and base metal, the time that the virus stays active is generally less than on surfaces like paper. A study published in the Journal of the American Medical Association (JAMA) found that the virus survived for up to 4 hours on copper, which is why copper may be used to cover public surfaces to minimize the spread of the virus.\n\nIt's worth noting that while the virus can survive for an extended time, it may not remain infectious because it can lose its ability to replicate and cause illness over time."
    },
    "16": {
        "original": "how long does coronavirus remain stable  on surfaces?",
        "expanded": "The coronavirus, specifically the SARS-CoV-2 virus that causes COVID-19, can remain stable and transmissible on various surfaces for a certain period of time. \n\nResearch has shown that the virus can survive on certain surfaces for the following amounts of time:\n\n* Copper: 4 hours\n* Stainless steel: 6-8 hours\n* Plastic surfaces: 2-4 days\n* Fabric: 2-3 days\n* Wood: 2-5 days\n* Paper: 24 hours\n* Cardboard: 24 hours\n\nHowever, it's essential to note that these times may vary depending on several factors, such as environmental conditions, surface materials, and cleaning practices. Regular cleaning and disinfection of high-touch surfaces can help reduce the presence and transmission of the virus."
    },
    "17": {
        "original": "are there any clinical trials available for the coronavirus",
        "expanded": "Yes, there are numerous clinical trials available for the coronavirus. As the pandemic has spread globally, researchers and healthcare providers have launched numerous studies to investigate treatments, vaccines, and diagnostic tools for COVID-19. According to the World Health Organization (WHO), there are over 2,000 clinical trials registered worldwide related to COVID-19, with more being initiated every day. These trials are being conducted by organizations such as National Institutes of Health (NIH), Centers for Disease Control and Prevention (CDC), and pharmaceutical companies like Pfizer, Moderna, and AstraZeneca. Some trials are focused on developing vaccines, while others are investigating potential treatments, such as antiviral medications, convalescent plasma therapy, and monoclonal antibodies. Additionally, researchers are also exploring novel diagnostic techniques, like genetic tests and antigen-based tests, to improve the accuracy and speed of COVID-19 diagnosis. You can search for ongoing and available clinical trials on websites like clinicaltrials.gov, who.int, or your local health department's website to find out more about participation opportunities."
    },
    "18": {
        "original": "what are the best masks for preventing infection by Covid-19?",
        "expanded": "The Centers for Disease Control and Prevention (CDC) and the World Health Organization (WHO) recommend wearing a mask as a crucial measure to prevent the spread of COVID-19. However, not all masks are created equal, and some offer better protection than others. When it comes to preventing infection, the best masks are typically those that have three layers (or more) and are designed to filter out both droplet transmission and small airborne particles.\n\nSurgical masks, which have three layers, are often recommended for use by healthcare professionals and the general public alike. These masks are designed to cover the nose and mouth and have a filter that prevents large droplets, such as those created when an infected person talks or coughs, from escaping and infecting others. However, they do not filter out smaller airborne particles, such as those that can be inhaled.\n\nN95 masks, which have four layers and are made from a combination of two outside layers and a middle filter, offer even more protection against COVID-19. These masks are designed to fit snugly over the nose and mouth, and the filters block at least 95% of airborne particles, including those that are as small as 0.3 microns. Respirators, also known as FFP2 masks, offer similar protection to N95 masks and are designed for use in high-risk environments, such as hospitals and care facilities.\n\nKN95 masks are another type of respirator that are similar to N95 masks and are commonly used in some countries. When shopping for a mask, look for one that is labeled as \"N95\" or \"KN95\" and has been approved by a reputable organization, such as the CDC or the National Institute for Occupational Safety and Health (NIOSH). Some masks, particularly reusable cloth masks, may be worn for added protection but are not as effective as the above-mentioned respirator masks.\n\nIn terms of materials, look for masks made from high-quality materials that are breathable and comfortable to wear. Some popular materials include cotton, polyester, and mesh. Avoid masks made from thick, stiff materials that can cause discomfort or restrict breathing. Consider the added benefits of masks with adjustable ear loops, nose clips, or a one-size-fits-all design, which can help ensure a snug and secure fit.\n\nWhen choosing a mask, also consider the Centers for Disease Control and Prevention's guidelines, which recommend wearing a mask that:\n\n* Covers the nose and mouth\n* Fits snugly around the nose, mouth, and under the chin\n* Can be easily replaced with a new mask when it becomes wet or soiled\n* Allows for easy communication and vision\n* Has a design that is easy to wear and comfortable for extended periods\n\nOverall, wearing the right mask can significantly reduce the risk of COVID-19 transmission and protect not only the wearer but also others around them. By choosing a high-quality mask that meets these recommendations, individuals can help to reduce the spread of the virus and stay safe."
    },
    "19": {
        "original": "what type of hand sanitizer is needed to destroy Covid-19?",
        "expanded": "The World Health Organization (WHO) and the Centers for Disease Control and Prevention (CDC) recommend using alcohol-based hand sanitizers with at least 60% ethanol or 70% isopropanol to effectively destroy SARS-CoV-2, the virus that causes COVID-19. These types of hand sanitizers are able to inactivate the virus by denaturing its proteins and disrupting its genetic material.\n\nIt is important to note that not all hand sanitizers are created equal, and some may not be effective against COVID-19. For example, hand sanitizers that contain only benzalkonium chloride or other non-alcohol-based active ingredients may not be sufficient to kill the virus. Additionally, hand sanitizers that do not meet the minimum concentration of ethanol or isopropanol may not be effective against COVID-19.\n\nTherefore, when selecting a hand sanitizer to use during the COVID-19 pandemic, it is important to look for products that contain at least 60% ethanol or 70% isopropanol. It is also important to follow the instructions for use on the label and to rinse your hands thoroughly after applying the hand sanitizer."
    },
    "20": {
        "original": "are patients taking Angiotensin-converting enzyme inhibitors (ACE) at increased risk for COVID-19?",
        "expanded": "The relationship between Angiotensin-converting enzyme (ACE) inhibitors and the risk of contracting COVID-19 has been a topic of ongoing debate. ACE inhibitors are a commonly prescribed class of medications used to treat hypertension and heart failure by blocking the action of angiotensin-converting enzyme, a key component of the renin-angiotensin-aldosterone system. Studies have suggested that ACE inhibitors may potentially increase the risk of COVID-19 by disrupting the renin-angiotensin-aldosterone system and leading to overexpression of the angiotensin-converting enzyme 2 (ACE2) receptor, which is the primary entry point for SARS-CoV-2, the virus that causes COVID-19.\n\nHowever, several large-scale studies have failed to demonstrate a significant association between ACE inhibitor use and increased risk of COVID-19. A population-based cohort study of over 120,000 patients in the United States found no increased risk of contracting COVID-19 among patients taking ACE inhibitors compared to those not taking the medication. Similarly, a systematic review and meta-analysis of 15 studies found no evidence of a significant association between ACE inhibitor use and COVID-19 risk.\n\nAs such, current evidence suggests that patients taking ACE inhibitors at standard doses are not at increased risk for COVID-19. Patients taking ACE inhibitors should continue to follow recommended dosing instructions and consult with their healthcare provider if they have any concerns."
    },
    "21": {
        "original": "what are the mortality rates overall and in specific populations",
        "expanded": "The mortality rate refers to the rate at which deaths occur within a population over a specific time period, usually expressed per 1,000 people per year. Global mortality rates have been influenced by various factors, including advancements in medicine, changes in lifestyle, and significant events like pandemics. According to the World Health Organization (WHO), the estimated global mortality rate in 2020 was approximately 7.3 deaths per 1,000 people per year. This rate has generally decreased since the early 2000s.\n\nIn specific populations, mortality rates vary significantly. For example, the elderly population tends to have a higher mortality rate, with a life expectancy at birth of around 64 years as of 2019, according to WHO data. In contrast, infants born with HIV/AIDS and various other health conditions, such as cancer or neurological disorders, face a higher risk of mortality.\n\nChildhood, typically defined as the period between birth and age 14, also experiences varying mortality rates, with children in sub-Saharan Africa facing higher mortality rates, particularly in the first year of life. Conversely, deaths among children under the age of one are relatively low in high-income regions such as Northern Europe.\n\nMortality rates among under-five children\u2014children below the age of five\u2014have decreased in many countries over the past few decades due to improvements in healthcare delivery, immunization, and living conditions. According to the WHO, an estimated 2 million children under 15 die annually due to preventable diseases.\n\nUrban areas often experience higher mortality rates compared to rural regions due to overcrowding and increased exposure to diseases such as tuberculosis and malaria. In these settings, access to healthcare may be limited due to poverty and lack of resources, further contributing to higher mortality rates."
    },
    "22": {
        "original": "are cardiac complications likely in patients with COVID-19?",
        "expanded": "Cardiac complications are a significant concern in patients with COVID-19. The inflammatory response caused by the virus can lead to cardiovascular strain, deconditioning of the heart, and fluid buildup in the lungs. This can lead to heart failure, arrhythmias, and other cardiac issues. Patients with pre-existing cardiac conditions, such as coronary artery disease and heart failure, are at a higher risk of developing these complications. The use of certain medications, such as anticoagulants and corticosteroids, to treat COVID-19 can also increase the risk of cardiac events."
    },
    "23": {
        "original": "what kinds of complications related to COVID-19 are associated with hypertension?",
        "expanded": "COVID-19 has been linked to various complications, particularly in individuals with pre-existing medical conditions such as hypertension. Hypertension, or high blood pressure, is a common condition that affects millions of people worldwide, and research has shown that it can increase the risk of severe COVID-19 outcomes. Several complications related to COVID-19 have been associated with hypertension, including:\n\nAcute Respiratory Distress Syndrome (ARDS): Individuals with hypertension are more likely to develop ARDS, a life-threatening condition characterized by inflammation and fluid buildup in the lungs. This complication can lead to respiratory failure and require mechanical ventilation.\n\nCardiac Complications: Hypertension increases the risk of cardiac complications, such as myocardial infarction (heart attack), arrhythmias, and cardiomyopathy, in patients with COVID-19. These complications can lead to cardiac arrest and death.\n\nCerebrovascular Events: Hypertension is a known risk factor for cerebrovascular events, such as strokes and transient ischemic attacks (TIAs). COVID-19 has been linked to an increased risk of cerebrovascular events, particularly in individuals with pre-existing hypertension.\n\nKidney Injury: Hypertension can damage the kidneys, increasing the risk of kidney injury in patients with COVID-19. This complication can lead to acute kidney injury, chronic kidney disease, and even end-stage renal disease.\n\nPulmonary Embolism: Individuals with hypertension are more likely to develop pulmonary embolism, a potentially life-threatening condition characterized by a blockage in the lungs.\n\nThese complications are often more severe and life-threatening in individuals with hypertension, underscoring the importance of timely and effective treatment for COVID-19 in this population."
    },
    "24": {
        "original": "what kinds of complications related to COVID-19 are associated with diabetes",
        "expanded": "Research has shown that individuals with diabetes are at a higher risk of developing severe complications related to COVID-19. People with diabetes are more likely to experience severe respiratory illness, hospitalization, and death due to COVID-19 compared to the general population. This is attributed to the impaired immune response and chronic inflammation associated with diabetes, which can exacerbate the severity of COVID-19 symptoms.\n\nFurthermore, people with diabetes are more susceptible to developing diabetic ketoacidosis, a potentially life-threatening complication that can occur when the body starts breaking down fat for energy instead of glucose. This can lead to high levels of ketones in the blood and acidosis, which can further complicate the management of COVID-19.\n\nAn additional concern is the increased risk of pneumonia and acute respiratory distress syndrome (ARDS) in individuals with diabetes. This is thought to be due to the impaired immune response and the increased inflammatory response that can lead to lung injury and failure.\n\nMoreover, people with diabetes may also experience increased blood sugar fluctuations, which can worsen the outcome of COVID-19. This is particularly concerning as COVID-19 itself can cause blood sugar imbalances, further complicating the management of diabetes.\n\nEarly recognition and management of COVID-19 symptoms, particularly in individuals with diabetes, are critical to preventing severe complications and reducing the risk of hospitalization and mortality. Healthcare providers are advised to closely monitor blood sugar levels, electrolyte balance, and respiratory function in diabetic patients with COVID-19, and to resort to rapid and aggressive treatment strategies when necessary."
    },
    "25": {
        "original": "which biomarkers predict the severe clinical course of 2019-nCOV infection?",
        "expanded": "The severe clinical course of 2019-nCOV infection has been associated with various biomarkers, which can help clinicians identify patients at high risk of developing severe disease. Elevated levels of lactate dehydrogenase (LDH), typically used as a marker of tissue damage, have been found to be significantly associated with severe and critical illness in patients with COVID-19. Additionally, high levels of C-reactive protein (CRP), a measure of inflammation, has been linked to poor outcomes in severe cases of 2019-nCOV infection.\n\nThe risk of developing severe illness is also predicted by high levels of ferritin, a protein involved in iron metabolism, which can indicate severe systemic inflammation. Increased levels of D-dimer, a fragment of clotting factor I, have also been associated with severe and critical illness in patients with COVID-19, suggesting that coagulopathy may play a role in the progression of disease.\n\nFurthermore, high levels of procalcitonin (PCT), a biomarker of bacterial and viral infections, have been found to be elevated in patients with severe and critical illness, suggesting a potential role in the diagnosis and monitoring of severe cases of COVID-19. Finally, elevated levels of interleukin-6 (IL-6), a cytokine involved in the inflammatory response, have been linked to severe illness and poor outcomes in patients with COVID-19.\n\nIn conclusion, a combination of biomarkers, including LDH, CRP, ferritin, D-dimer, PCT, and IL-6, may predict the severe clinical course of 2019-nCOV infection, allowing clinicians to identify high-risk patients and provide timely interventions to improve outcomes."
    },
    "26": {
        "original": "what are the initial symptoms of Covid-19?",
        "expanded": "The initial symptoms of Covid-19, which is caused by the SARS-CoV-2 virus, can develop anywhere from 2-14 days after exposure to the virus. According to the World Health Organization (WHO), the most common initial symptoms of Covid-19 are typically mild and may resemble those of a common cold or flu. These early symptoms can include fever, cough, shortness of breath or difficulty breathing, fatigue, headache, sore throat, runny nose, and body aches. Some individuals may also experience nausea, diarrhea, and loss of appetite. In more severe cases, symptoms can include pneumonia, acute respiratory distress syndrome (ARDS), and in extreme cases, sepsis. In rare instances, a mild case of Covid-19 may not exhibit any noticeable symptoms at all, known as an asymptomatic carrier. It's essential to seek medical attention if symptoms persist or worsen over time."
    },
    "27": {
        "original": "what is known about those infected with Covid-19 but are asymptomatic?",
        "expanded": "Asymptomatic individuals who are infected with COVID-19, yet do not exhibit any noticeable symptoms, are a crucial aspect of the pandemic. Research has shed light on several key aspects of asymptomatic infection. Studies have shown that up to 40% of individuals who test positive for COVID-19 may not experience symptoms, although they can still transmit the virus to others. This means that asymptomatic individuals can potentially contribute to the spread of the virus, making it essential to identify and isolate them.\n\nDespite being symptom-free, asymptomatic individuals may still experience subtle changes in their bodies. Some studies have detected small amounts of viral RNA in the upper respiratory tract of asymptomatic individuals, indicating that they are still infected. Furthermore, research has found that asymptomatic individuals may exhibit changes in their immune responses, such as elevated levels of inflammatory markers, suggesting that their bodies are fighting off the infection.\n\nNotably, asymptomatic individuals are more likely to be younger and healthier, with a lower risk of severe illness or hospitalization. However, they can still transmit the virus to others, including vulnerable populations such as the elderly and those with underlying health conditions. Asymptomatic individuals may also be more likely to engage in behaviors that increase the risk of transmission, such as attending large gatherings or not following proper hygiene practices.\n\nIn terms of diagnosis, asymptomatic individuals may be more likely to be identified through screening tests, such as rapid antigen tests or PCR tests, rather than relying on symptoms alone. Healthcare providers may also use other factors, such as travel history, exposure to infected individuals, and symptoms reported by close contacts, to determine whether an individual is infected.\n\nOverall, understanding the characteristics and behaviors of asymptomatic individuals is crucial for developing effective strategies to control the spread of COVID-19. By recognizing that asymptomatic individuals can still transmit the virus, we can take steps to prevent transmission, such as improving testing and contact tracing, and promoting public health measures like social distancing and mask-wearing."
    },
    "28": {
        "original": "what evidence is there for the value of hydroxychloroquine in treating Covid-19?",
        "expanded": "Hydroxychloroquine, a medication traditionally used to treat malaria and autoimmune diseases such as lupus and rheumatoid arthritis, gained significant attention in early 2020 as a potential treatment for Covid-19. Several studies investigated its efficacy in treating the novel coronavirus. \n\nA study published in the International Journal of Antimicrobial Agents found that hydroxychloroquine showed promise in reducing the viral load of patients with Covid-19 in the early stages of the disease. However, its effectiveness in preventing severe disease progression was mixed. Another study suggested that treatment with hydroxychloroquine, combined with azithromycin (an antibiotic), may decrease the need for mechanical ventilation in patients with severe Covid-19. \n\nA key randomized clinical trial, the RECOVERY trial conducted in the UK, concluded that hydroxychloroquine did not significantly reduce the risk of death in hospitalized patients with Covid-19. In contrast, a small clinical trial in France found that patients taking hydroxychloroquine before hospital admission showed reduced mortality rates. \n\nThe varying results raise concerns about the suitability of hydroxychloroquine for broad treatment of Covid-19 and the potential benefits and risks it presents."
    },
    "29": {
        "original": "which SARS-CoV-2 proteins-human proteins interactions indicate potential for drug targets. Are there approved drugs that can be repurposed based on this information?",
        "expanded": "The severe acute respiratory syndrome coronavirus 2 (SARS-CoV-2) binds to and exploits numerous human proteins to facilitate its entry, replication, and evasion of the host's immune response. A detailed analysis of SARS-CoV-2 proteins-human proteins interactions has identified several potential drug targets. One such target is the interaction between the SARS-CoV-2 spike protein and the human receptor angiotensin-converting enzyme 2 (ACE2), which is essential for viral entry. Inhibitors of this interaction, such as small molecules or peptides, could potentially prevent SARS-CoV-2 from binding to and entering human cells.\n\nAnother potential target is the interaction between the SARS-CoV-2 nucleocapsid protein and human proteins involved in protein synthesis, such as eukaryotic translation initiation factor 4G (eIF4G). Inhibitors of this interaction could potentially disrupt viral protein synthesis and thereby limit viral replication.\n\nSeveral approved drugs have been repurposed or are being investigated for their potential to target these SARS-CoV-2 proteins-human proteins interactions. For example, treatments such as lopinavir and ritonavir, which are commonly used to treat HIV, have been shown to inhibit the interaction between SARS-CoV-2 spike protein and ACE2. Similarly, statins, which are used to treat high cholesterol, have been found to inhibit the interaction between SARS-CoV-2 nucleocapsid protein and eIF4G.\n\nAdditionally, clinical trials are ongoing to evaluate the efficacy of antiviral medications such as remdesivir and favipiravir, which have shown promising results in inhibiting SARS-CoV-2 replication in vitro. While these findings are encouraging, further research is needed to determine the safety and efficacy of these drug repurposals in treating SARS-CoV-2 infection in humans."
    },
    "30": {
        "original": "is remdesivir an effective treatment for COVID-19",
        "expanded": "Remdesivir, an antiviral medication, has received significant attention in the fight against COVID-19. As a treatment option, remdesivir has been widely tested and researched since the outbreak of the pandemic. Studies have shown that remdesivir can effectively speed up the recovery time of patients with severe COVID-19, particularly in hospitalized patients. In fact, a large-scale clinical trial conducted by the National Institute of Allergy and Infectious Diseases (NIAID) found that remdesivir significantly reduced the length of hospital stay and time to recovery compared to patients who did not receive the treatment. Additionally, a systematic review and meta-analysis of 14 clinical trials, published in the Journal of Medical Virology, found that remdesivir treatment was associated with improved clinical outcomes, including reduced mortality rates, in patients with severe COVID-19. While the effectiveness of remdesivir may vary depending on the severity of illness and individual patient characteristics, the available evidence suggests that it is a valuable treatment option for patients with severe COVID-19."
    },
    "31": {
        "original": "How does the coronavirus differ from seasonal flu?",
        "expanded": "The coronavirus (COVID-19) and seasonal flu are two distinct respiratory illnesses, with several key differences. One of the main differences is the duration of illness. Seasonal flu typically lasts around 1-2 weeks, while COVID-19 can cause symptoms to linger for weeks or even months. Another significant difference is the severity of illness. While both can cause mild symptoms, COVID-19 has been known to cause severe and even life-threatening complications, such as pneumonia, acute respiratory distress syndrome, and cardiac arrest. In contrast, seasonal flu tends to cause milder symptoms and is generally not life-threatening.\n\nAdditionally, coronaviruses, including COVID-19, are more contagious than seasonal flu viruses. They can spread more easily and rapidly, even before symptoms appear, whereas flu viruses typically take a few days to incubate before symptoms develop. Furthermore, coronaviruses can infect people via airborne transmission, close contact, or contaminated surfaces, whereas flu viruses are primarily spread through close contact with an infected person.\n\nPerhaps the most notable difference, however, is the lack of natural immunity to COVID-19. Unlike seasonal flu, where people may have developed some level of immunity due to repeated exposure and vaccination, COVID-19 is a novel virus that has not been previously encountered by the human immune system. This means that most people are free to contract the virus, making it more difficult to control spread.\n\nIn summary, while both the coronavirus and seasonal flu are respiratory illnesses, they exhibit distinct characteristics, including differences in duration, severity, contagiousness, and the presence of natural immunity."
    },
    "32": {
        "original": "Does SARS-CoV-2 have any subtypes, and if so what are they?",
        "expanded": "SARS-CoV-2, the virus responsible for the COVID-19 pandemic, has been reported to have multiple subtypes based on genetic variations. These subtypes are closely monitored by public health authorities and researchers to track the virus's evolution and identify potential new variants of concern. \n\nSeveral studies have identified multiple lineages of SARS-CoV-2, with varying degrees of divergence. Some of the notable subtypes of SARS-CoV-2 include D and G. However, new variants such as Alpha (B.1.1.7), Beta (B.1.351), Gamma (P.1), Delta (B.1.617.2), and Omicron (B.1.1.529) have been particularly concerning due to their increased transmissibility, and the threat they pose to global health efforts. \n\nThe emergence of these subtypes underscores the ongoing evolution of SARS-CoV-2 and the need for continuous monitoring and surveillance. Ongoing monitoring of these subtypes is essential to understand their epidemiology, transmission dynamics, and implications for vaccine effectiveness and public health interventions."
    },
    "33": {
        "original": "What vaccine candidates are being tested for Covid-19?",
        "expanded": "The global effort to develop a vaccine against COVID-19 has yielded numerous vaccine candidates, many of which are currently being tested in clinical trials. One of the most promising candidates is the mRNA-1273 vaccine developed by Moderna Therapeutics, which uses a piece of genetic material called messenger RNA (mRNA) to instruct cells to produce a protein that triggers an immune response. Another leading candidate is the AZD1222 vaccine developed by AstraZeneca, which uses a weakened chimpanzee common cold virus to deliver genetic material to cells, causing them to produce a protein that triggers an immune response.\n\nOther vaccine candidates being tested include the Pfizer-BioNTech BNT162b2 mRNA vaccine, which uses a similar mRNA technology to Moderna's vaccine; the Novavax NVX-CoV2373 protein-based vaccine, which uses a combination of protein and adjuvant to stimulate an immune response; and the Johnson & Johnson Ad26.COV2.S vaccine, which uses an adenovirus to deliver genetic material to cells, causing them to produce a protein that triggers an immune response. Additionally, several other vaccine candidates are also being tested, including those developed by China, India, and Russia.\n\nIt's worth noting that while these vaccine candidates are being tested, several have already shown promising results in early-stage clinical trials. However, it's crucial to continue testing and monitoring their safety and efficacy before they can be approved and distributed widely."
    },
    "34": {
        "original": "What are the longer-term complications of those who recover from COVID-19?",
        "expanded": "Research on the long-term complications of COVID-19 is ongoing, but existing studies indicate that some individuals who have recovered from the disease may experience persistent health issues. In some cases, survivors may develop long-term conditions such as:\n\nRespiratory problems: Chronic cough, shortness of breath, and breathing difficulties have been reported in some individuals who have recovered from COVID-19.\n\nMyocardial damage: Some patients who have had severe COVID-19 infections may experience heart damage, leading to conditions such as myocarditis or pericarditis.\n\nNeurological symptoms: Headaches, fatigue, and cognitive difficulties, such as memory and concentration problems, have been reported in some patients after recovery. In rare cases, some patients have experienced a condition called Post-Acute COVID-19 Syndrome (PACS), which can cause lingering symptoms such as fatigue, depression, anxiety, and cognitive impairment.\n\nKidney damage: Severe COVID-19 infections may lead to kidney damage or acute kidney injury, which in some cases may result in chronic kidney disease or end-stage renal disease.\n\nPulmonary fibrosis: In some individuals, COVID-19 may cause scarring in the lungs, leading to pulmonary fibrosis, a chronic and irreversible condition.\n\nOther potential long-term complications that are currently being studied include increased risk of stroke, Guillain-Barr\u00e9 Syndrome (GBS), and tics or tremors.\n\nIt's essential to note that not everyone who recovers from COVID-19 will experience these complications, and the extent to which they occur and their impact on patients' health is still being researched and understood. However, it's crucial for those who have had COVID-19 to stay in touch with their healthcare providers to monitor their health and address any concerns or symptoms promptly."
    },
    "35": {
        "original": "What new public datasets are available related to COVID-19?",
        "expanded": "In response to the COVID-19 pandemic, numerous public datasets have been made available to aid in research, monitoring, and decision-making. Some notable new datasets include:\n\n* The COVID-19 Open Research Dataset (CORD-19) is a growing collection of over 430,000 scholarly articles, book chapters, and pre-prints related to COVID-19, compiled by the Allen Institute for Artificial Intelligence (AI2). This dataset aims to accelerate the development of treatments, vaccines, and diagnostics.\n* The Johns Hopkins University Coronavirus Resource Center publishes daily updates on COVID-19 cases, deaths, and recoveries by country, region, and global totals. This dataset is updated regularly and is available for download in CSV format.\n* The CEPI (Coalition for Epidemic Preparedness Innovations) COVID-19 vaccine pipeline dataset provides information on vaccine candidates in development, including their target populations, development stages, and clinical trial results. This dataset is updated regularly and is available for download as an Excel spreadsheet.\n* The Open COVID-19 Data Working Group provides a centralized registry of datasets related to COVID-19, including data on cases, deaths, testing, and more, from various sources such as government agencies, research institutions, and non-profit organizations.\n* The GEAR (Global Epidemic Analytics and Research) dataset is a comprehensive collection of COVID-19 data from the World Health Organization (WHO), including country-level epidemic curves, transmission dynamics models, and economic impact assessments.\n* The COVID-19 Symptom Study Dataset, hosted by the University of Oxford, contains aggregated data on symptoms, outcomes, and test results for over 5 million participants worldwide, aiming to better understand the disease and its transmission.\n\nThese datasets cater to various research interests and purposes, from tracking the pandemic's spread to identifying potential treatment options and vaccine candidates. They offer valuable resources for researchers, policymakers, and anyone interested in better understanding and combating COVID-19."
    },
    "36": {
        "original": "What is the protein structure of the SARS-CoV-2 spike?",
        "expanded": "The SARS-CoV-2 spike, also known as the S2 protein, is a critical component of the virus's outer envelope. It is composed of a trimeric structure made up of three identical ectodomains, each of which is approximately 1300 amino acids in length. The S2 protein is anchored to the viral membrane via a transmembrane domain and a stalk region. The ectodomains are responsible for recognizing and binding to the human angiotensin-converting enzyme 2 (ACE2) receptor, which is necessary for the virus to enter host cells. The protein structure of the S2 protein has been determined through a combination of X-ray crystallography, cryo-electron microscopy, and molecular dynamics simulations. These studies have revealed a unique, \"horseshoe-shaped\" structure, with each ectodomain consisting of a long, rod-like stalk and a globular head domain. The head domains are thought to be the primary binding sites for ACE2, and the stalk regions are thought to facilitate the conformational changes necessary for receptor binding and fusion."
    },
    "37": {
        "original": "What is the result of phylogenetic analysis of SARS-CoV-2 genome sequence?",
        "expanded": "Phylogenetic analysis of the SARS-CoV-2 genome sequence has provided valuable insights into the origins and spread of the virus. A comprehensive analysis of the genomic data has revealed that SARS-CoV-2 is most closely related to the bat coronavirus RaTG13, which is found in Rhinolophus bats in China. This finding suggests that bats may be the natural reservoir of SARS-CoV-2, and that the virus may have jumped to humans through an intermediate host, likely the pangolin, which is a mammal that is also found in China.\n\nPhylogenetic analysis has also revealed that SARS-CoV-2 is part of the sarbecovirus subgenus, which includes other coronaviruses that infect bats and other mammals. The analysis has shown that SARS-CoV-2 is distinct from the human coronavirus HCoV-OC43, which is a well-known human pathogen, and is most closely related to a set of bat coronaviruses that were first identified in China in 2013.\n\nFurthermore, the phylogenetic analysis has provided evidence that SARS-CoV-2 is a descendant of a common ancestor with the SARS-CoV virus, which caused a global outbreak in 2002-2003. This suggests that the genetic material of SARS-CoV-2 may have evolved from the SARS-CoV virus through a process of viral recombination and mutation.\n\nOverall, the result of the phylogenetic analysis of the SARS-CoV-2 genome sequence has provided important insights into the origins and evolution of the virus, and has helped scientists to better understand how it spreads and how it may be controlled."
    },
    "38": {
        "original": "What is the mechanism of inflammatory response and pathogenesis of COVID-19 cases?",
        "expanded": "The inflammatory response to COVID-19 is a complex process that involves multiple biochemical and cellular pathways. The pathogenesis of the disease begins when the SARS-CoV-2 virus binds to the angiotensin-converting enzyme 2 (ACE2) receptor on the surface of host cells, particularly epithelial cells in the respiratory tract. This binding triggers the activation of the innate immune response, which is characterized by the release of pro-inflammatory cytokines such as interleukin-1 (IL-1), interleukin-6 (IL-6), and tumor necrosis factor-alpha (TNF-alpha) from activated immune cells, including macrophages and dendritic cells.\n\nThe release of these cytokines triggers a cascade of downstream signaling pathways that lead to the activation of various immune cells, including T cells and B cells. T cells, in particular, play a crucial role in the adaptive immune response, recognizing and responding to SARS-CoV-2 peptides presented by major histocompatibility complex (MHC) molecules on the surface of antigen-presenting cells. This activation leads to the production of more pro-inflammatory cytokines, such as interferon-gamma (IFN-gamma), which further amplifies the inflammatory response.\n\nIn severe cases of COVID-19, the uncontrolled activation of immune cells can lead to an exaggerated and uncoordinated inflammatory response, often referred to as a cytokine storm. This storm is characterized by an rapid and extreme elevation of cytokine levels, which can cause tissue damage, organ dysfunction, and even death. The cytokine storm is thought to contribute to the development of acute respiratory distress syndrome (ARDS), acute cardiac injury, and secondary infections that are common complications of severe COVID-19.\n\nIn addition to the inflammatory response, the pathogenesis of COVID-19 also involves the direct damage caused by the virus to host cells. SARS-CoV-2 can induce apoptosis (programmed cell death) and mitochondrial dysfunction, leading to cell death and tissue damage. This direct damage can also trigger the production of pro-inflammatory cytokines, further exacerbating the inflammatory response.\n\nThe significant toll of COVID-19 is also attributed to the immune dysregulation, which occurs in the late stages of the disease. Immune cells, especially T cells, may become dysfunctional or exhausted, leading to impaired immune function and increased susceptibility to secondary infections. Furthermore, the immune response may shift from an initial antiviral response to an auto-inflammatory response, where immune cells mistakenly recognize and attack healthy tissues, exacerbating tissue damage and organ dysfunction.\n\nOverall, the mechanism of inflammatory response and pathogenesis of COVID-19 is a complex interplay of multiple biochemical and cellular pathways, involving both direct viral damage and immune dysregulation. Understanding these mechanisms is crucial for the development of effective therapeutics and vaccines against this disease."
    },
    "39": {
        "original": "What is the mechanism of cytokine storm syndrome on the COVID-19?",
        "expanded": "Cytokine storm syndrome is a potentially life-threatening condition that can occur in individuals infected with COVID-19. It is characterized by an uncontrolled and excessive release of pro-inflammatory cytokines, such as interleukin-1 (IL-1), interleukin-6 (IL-6), and tumor necrosis factor-alpha (TNF-alpha), into the bloodstream. This triggers a cascade of inflammatory responses, causing widespread tissue damage, organ dysfunction, and ultimately, multi-organ failure.\n\nThe mechanism of cytokine storm syndrome in COVID-19 begins when the SARS-CoV-2 virus infects and activates immune cells, such as macrophages and T-cells, in the lungs and other affected tissues. This leads to the production of pro-inflammatory cytokines and chemokines, which in turn recruit additional immune cells, including neutrophils and monocytes, to the site of infection. The influx of these cells releases even more pro-inflammatory mediators, creating a self-reinforcing cycle of inflammation that becomes uncontrolled and spirals out of control.\n\nThe cytokine storm is thought to be amplified by various factors, including age, sex, and underlying medical conditions, as well as the severity and duration of the viral infection. In severe cases, the cytokine storm can lead to the development of acute respiratory distress syndrome (ARDS), septic shock, and multi-organ failure, which are the most common causes of death in patients with COVID-19.\n\nCurrently, there is no established treatment specifically designed to target cytokine storm syndrome in COVID-19, although corticosteroids and immunomodulatory therapies have been used to mitigate its effects. Ongoing research aims to identify effective therapeutic strategies to prevent and treat cytokine storm syndrome, including the development of targeted cytokine inhibitors and immunomodulatory drugs."
    },
    "40": {
        "original": "What are the observed mutations in the SARS-CoV-2 genome and how often do the mutations occur?",
        "expanded": "The SARS-CoV-2 genome, which is responsible for the COVID-19 pandemic, has been under constant surveillance since its emergence in late 2019. Through extensive genetic sequencing and surveillance efforts, researchers have detected numerous mutations within the genome. These mutations can be divided into two main categories: synonymous and nonsynonymous mutations.\n\nSynonymous mutations do not result in any change to the amino acid sequence of the protein, whereas nonsynonymous mutations can lead to amino acid substitutions, additions, or deletions. The frequency and distribution of these mutations have been tracked over time, providing insights into the virus's evolutionary history.\n\n Studies have identified several notable mutations, including the D614G substitution in the spike protein, which was initially detected in late 2019 and has since become a dominant variant globally. Other mutations, such as E484K and K417N, have also gained attention due to their potential role in antigenic drift and reduced sensitivity to neutralizing antibodies. \n\nIn terms of frequency, the rate of mutation within the SARS-CoV-2 genome is relatively high, with estimates suggesting an average of 1-2 mutations per 100 base pairs per month. However, the rate of mutation can vary depending on factors such as the virus's reproduction rate and the effectiveness of surveillance systems. As a result, new mutations continue to emerge, and the global database of SARS-CoV-2 genomic sequences is being constantly updated to keep pace with the evolving virus."
    },
    "41": {
        "original": "What are the impacts of COVID-19 among African-Americans that differ from the rest of the U.S. population?",
        "expanded": "The COVID-19 pandemic has had a disproportionate impact on African-Americans, exacerbating existing health disparities and social vulnerabilities. Compared to the rest of the US population, African-Americans have been disproportionately affected in several ways. Firstly, African-Americans are more likely to contract COVID-19, despite making up only 13% of the US population, they account for 22% of reported cases and 35% of COVID-19-related hospitalizations. This is largely due to underlying health conditions, such as diabetes, hypertension, and heart disease, which are more prevalent in African-American communities. Secondly, African-Americans are more likely to die from COVID-19, with a mortality rate 2.3 times higher than that of whites. This disparity can be attributed to limited access to healthcare, poor living conditions, and occupational hazards, such as working in frontline healthcare, food services, and public transportation, where close contact with others increases the risk of transmission.\n\nAfrican-Americans are also more likely to experience intense stress, anxiety, and depression during the pandemic, which can exacerbate underlying health conditions and reduce immunity. The economic impacts of the pandemic have also disproportionately affected African-Americans, with many losing their jobs or experiencing income reductions, leading to increased levels of financial insecurity and social isolation. Furthermore, the pandemic has highlighted existing systemic issues, such as lack of access to healthcare, quality education, and economic opportunities, which have perpetuated long-standing health and economic disparities. To address these disparities, it is essential to develop targeted interventions, such as increasing telemedicine access, providing economic support and financial resources, and tackling systemic racism and discrimination, to mitigate the devastating impacts of COVID-19 on African-American communities."
    },
    "42": {
        "original": "Does Vitamin D impact COVID-19 prevention and treatment?",
        "expanded": "Vitamin D, a fat-soluble vitamin, has been extensively studied for its potential role in preventing and treating COVID-19. Research has suggested that vitamin D levels may be inversely related to the risk of severe COVID-19, with lower levels associated with increased severity of the disease. Several studies have found that individuals with vitamin D deficiency are more likely to develop severe COVID-19 and have a higher risk of death.\n\nAdditionally, some studies have suggested that vitamin D supplementation may have a beneficial effect in preventing and treating COVID-19. For example, a systematic review of 25 randomized controlled trials found that vitamin D supplementation was associated with a significant reduction in the risk of COVID-19 infection and severity. Another study published in the Journal of Infection Prevention found that vitamin D supplementation was associated with a reduced risk of intensive care unit admission and mechanical ventilation in patients with severe COVID-19.\n\nWhile the evidence is promising, it is essential to note that the relationship between vitamin D and COVID-19 is complex and influenced by various factors, including age, sex, and underlying health conditions. Moreover, the optimal dose and duration of vitamin D supplementation for COVID-19 prevention and treatment remain unclear, and further research is needed to clarify the effectiveness of vitamin D as a therapeutic agent.\n\nIn conclusion, while the existing evidence suggests that vitamin D may play a role in preventing and treating COVID-19, it is crucial to consider the limitations of the current research and the need for further studies to confirm the findings and establish the optimal use of vitamin D as a adjunctive therapy for COVID-19."
    },
    "43": {
        "original": "How has the COVID-19 pandemic impacted violence in society, including violent crimes?",
        "expanded": "The COVID-19 pandemic has had a profound impact on violence in society, including violent crimes. As governments implemented lockdowns, social distancing measures, and stay-at-home orders, people were forced to confine themselves to their homes for extended periods. This isolation can lead to increased stress, anxiety, and frustration, which can in turn contribute to aggressive behavior. \n\nStatistics suggest that in the United States, for instance, homicides increased by 21% in the first quarter of 2020 compared to the same period the previous year. This surge in violence was attributed to the pandemic's disruption of social services, including domestic violence hotlines, and the increased economic insecurity and stress caused by the lockdown. Similarly, in the UK, police reports showed a 34% rise in domestic abuse during lockdown. The pandemic has also led to an increase in violent incidents in public spaces, such as streets and parks, as people vent their frustration and anger due to the prolonged confinement.\n\nMoreover, the pandemic has also exposed the existing vulnerabilities in the global response to violence. The lockdowns and social distancing measures have severely impacted the work of crisis centers, shelters, and support services, leaving survivors of violence without access to essential help. Furthermore, the increased reliance on online communication and remote work has also created new avenues for online harassment, stalking, and other forms of digital violence.\n\nOverall, the COVID-19 pandemic has highlighted the urgent need for improved social services, support systems, and community resources to address the growing concern of violence in society. It has also underscored the importance of prioritizing mental health and well-being, as well as developing effective strategies for managing the emotional and psychological toll of the pandemic."
    },
    "44": {
        "original": "How much impact do masks have on preventing the spread of the COVID-19?",
        "expanded": "The use of masks in preventing the spread of COVID-19 has been a topic of significant debate and research since the outbreak of the pandemic. Studies have consistently shown that masks can play a crucial role in reducing the transmission of the virus. One of the earliest studies published in the New England Journal of Medicine found that in households where one person was infected with COVID-19, the risk of transmission to others decreased by 79% if one or more people wore masks. Another study published in the Journal of Hospital Infection found that the use of surgical masks significantly reduced the rate of hospital-acquired infections among healthcare workers.\n\nAdditionally, mask use has been shown to be particularly effective in settings where social distancing is difficult or impossible, such as in public transportation, hospitals, and grocery stores. A study conducted in Hong Kong, for example, found that the use of masks in public transportation significantly reduced the spread of COVID-19, with the number of cases decreasing by 61% among mask-wearers and 41% among non-mask-wearers.\n\nWhile it is important to note that mask use is not a guarantee against transmission, as other factors such as proper hygiene, ventilation, and social distancing also play a critical role in preventing the spread of COVID-19. However, the overwhelming scientific evidence suggests that masks can significantly reduce the transmission of the virus and have a positive impact on public health."
    },
    "45": {
        "original": "How has the COVID-19 pandemic impacted mental health?",
        "expanded": "The COVID-19 pandemic has had a profound impact on mental health worldwide. The sudden and unprecedented shift to remote work, social distancing measures, and isolation from others have taken a toll on individuals' mental well-being. The pandemic has brought about a sense of uncertainty, fear, and anxiety, leading to increased levels of stress, worry, and anxiety disorders. The constant stream of news and information about the pandemic has created a state of hypervigilance, making it difficult for people to disconnect and relax.\n\nMoreover, the loss of social connections and support networks has exacerbated feelings of loneliness and isolation, which can have long-term negative effects on mental health. The pandemic has also disrupted normal routines and rhythms, leading to sleep disturbances, appetite changes, and decreased motivation. Additionally, the economic instability and job loss caused by the pandemic have placed significant financial stress on individuals and families, further contributing to mental health issues.\n\nThe pandemic has also had a disproportionate impact on certain groups, including older adults, younger children, and individuals with pre-existing mental health conditions. The isolation and confinement can exacerbate symptoms of cognitive decline and dementia in older adults, while children may experience increased tantrums, clinginess, and developmental delays due to the lack of social interaction and structure.\n\nIt is essential to prioritize mental health during these challenging times by practicing self-care, seeking professional help when needed, and fostering social connections and community support. By acknowledging the mental health impact of the pandemic and taking proactive steps to address it, we can work towards promoting resilience and well-being in the face of adversity."
    },
    "46": {
        "original": "what evidence is there for dexamethasone as a treatment for COVID-19?",
        "expanded": "Dexamethasone is a corticosteroid medication that has garnered significant attention in the fight against COVID-19. In June 2020, an international team of researchers, led by the RECOVERY Trial, published a groundbreaking study in The New England Journal of Medicine (NEJM) that investigated the effectiveness of dexamethasone as a treatment for severe COVID-19 patients.\n\nThe study, which included over 6,500 patients, randomly assigned participants to receive either dexamethasone or usual care. The results showed that dexamethasone significantly reduced the 28-day mortality rate in patients who required oxygen therapy, both invasive mechanical ventilation and non-invasive positive pressure ventilation. In fact, dexamethasone reduced the mortality rate by 35% in patients who received oxygen therapy and by 20% in all patients, regardless of whether they received oxygen or not.\n\nThis significant decrease in mortality rate has been attributed to dexamethasone's ability to reduce the lung inflammation and prevent worsening of the disease. Furthermore, the study found that dexamethasone had no adverse effects on the patients, and no increase in secondary infections or other complications was observed.\n\nSince the publication of this study, numerous other trials have confirmed the benefits of dexamethasone as a treatment for COVID-19. The WHO and several national health organizations have subsequently recommended dexamethasone as a treatment for patients with severe COVID-19. In summary, the evidence supports the use of dexamethasone as a treatment for COVID-19 patients who require oxygen therapy, demonstrating a significant reduction in mortality rate without significant adverse effects."
    },
    "47": {
        "original": "what are the health outcomes for children who contract COVID-19?",
        "expanded": "The health outcomes for children who contract COVID-19 can vary depending on their age, health status, and other individual factors. According to the World Health Organization (WHO), children with COVID-19 generally experience milder symptoms compared to adults, with common symptoms including fever, cough, and sore throat. However, some children may develop more severe symptoms, such as pneumonia, bronchitis, and conjunctivitis.\n\n Studies have shown that children under the age of 5 are at higher risk of developing severe illness and hospitalization due to COVID-19. For this age group, complications can include wheezing, pneumonia, and respiratory distress. In rare cases, COVID-19 can also lead to multi-system inflammatory syndrome in children (MIS-C), which is a condition characterized by inflammation in various parts of the body.\n\nFortunately, the death rate associated with COVID-19 in children is relatively low. According to the Centers for Disease Control and Prevention (CDC), the mortality rate for children under the age of 18 is estimated to be around 0.02%, with most deaths occurring in children with underlying health conditions.\n\nOverall, while COVID-19 can pose risks to children's health, the vast majority of children recover from the illness with supportive care and treatment. Vaccination has also been shown to be effective in preventing severe illness and hospitalization in children, making it an important tool in controlling the spread of the virus and protecting childhood health."
    },
    "48": {
        "original": "what are the benefits and risks of re-opening schools in the midst of the COVID-19 pandemic?",
        "expanded": "The decision to re-open schools during the COVID-19 pandemic is a complex and multifaceted issue, with both benefits and risks associated with it. On one hand, re-opening schools can provide a much-needed sense of normalcy and routine for students, especially those in younger grades, and can help to mitigate the learning loss and social isolation that has occurred during the pandemic. Additionally, re-opening schools can also provide essential childcare and support for working parents, many of whom are struggling to balance their jobs and childcare duties. Furthermore, schools can serve as a hub for community outreach and support, providing a safe and welcoming space for students to access resources and services such as meals, mental health support, and healthcare.\n\nHowever, there are also significant risks associated with re-opening schools during the pandemic. The most obvious risk is the potential for the rapid spread of COVID-19 within the school community, which could lead to outbreaks, hospitalizations, and even fatalities. This is particularly concerning in areas with high infection rates or where the community has poor access to healthcare resources. The re-opening of schools also places a significant burden on the healthcare system, as students and families who are affected by outbreaks may need to be tested, quarantined, or require hospital care.\n\nMoreover, re-opening schools during the pandemic may also exacerbate existing health disparities and inequities, as schools with limited resources, funding, or access to healthcare may be less equipped to provide a safe learning environment, and vulnerable populations such as students with pre-existing health conditions, English language learners, and those from low-income backgrounds may be disproportionately affected.\n\nFinally, re-opening schools during a pandemic can also have significant social and emotional implications for students, particularly those who may have experienced trauma or loss during the pandemic. The transition back to in-person learning may be challenging for some students, who may have formed strong bonds with their teachers and peers in virtual settings. The loss of this structure and social support may lead to feelings of isolation, anxiety, and decreased motivation, which can negatively impact their academic and emotional well-being.\n\nIn conclusion, the decision to re-open schools during the pandemic requires careful consideration of the benefits and risks, and should be based on a thorough assessment of the local health context, community resources, and the specific needs and risks of the school and its students."
    },
    "49": {
        "original": "do individuals who recover from COVID-19 show sufficient immune response, including antibody levels and T-cell mediated immunity, to prevent re-infection?",
        "expanded": "The immune response triggered by COVID-19 infection has been a subject of significant research, with studies examining the development of both antibody levels and T-cell mediated immunity in individuals who recover from the disease.\n\nEarly research suggested that individuals who have recovered from COVID-19 develop high levels of antibodies against the SARS-CoV-2 virus, including IgM and IgG antibodies, which play a crucial role in preventing future infections. In fact, studies have shown that recovered individuals exhibit high levels of these antibodies, often exceeding those in individuals who have been vaccinated against the virus. These antibody levels tend to peak within 14-21 days after the onset of symptoms and can provide protection against future infections for an extended period.\n\nIn addition to antibody-driven immunity, research has also indicated that individuals who have recovered from COVID-19 develop T-cell mediated immunity. T-cells, including CD4+ and CD8+ T-cells, are crucial in recognizing and eliminating infected cells and generating long-term immunity. Studies have shown that recovered individuals exhibit elevated levels of these T-cells, often for a longer duration than the presence of antibodies. The presence of functional T-cells is particularly important, as they can recognize and target the virus even if the initial antibody levels decline over time.\n\nFurthermore, research has demonstrated that the combination of high antibody levels and robust T-cell mediated immunity provides effective protection against re-infection with SARS-CoV-2. For example, one study found that individuals who had recovered from COVID-19 and tested positive for antibodies were less likely to be re-infected compared to those without detectable antibodies. Similarly, another study showed that individuals with high levels of T-cells were also less likely to be re-infected.\n\nIn summary, individuals who recover from COVID-19 develop a robust immune response, including significant levels of antibodies and active T-cell mediated immunity, providing protection against future infections. The presence of both antibody levels and functional T-cells collectively enhances the body's ability to prevent re-infection with SARS-CoV-2, offering a degree of long-term immunity that can provide peace of mind for individuals who have already contracted the disease."
    },
    "50": {
        "original": "what is known about an mRNA vaccine for the SARS-CoV-2 virus?",
        "expanded": "Since the outbreak of the SARS-CoV-2 pandemic, researchers have been actively exploring various vaccine candidates to combat the virus. Among these, an mRNA vaccine has shown significant promise. mRNA vaccines are based on a novel technology that uses a piece of genetic material known as messenger RNA (mRNA) to instruct human cells to produce a protein from the virus, which in turn stimulates an immune response.\n\nThe mRNA vaccine against SARS-CoV-2, developed by Pfizer and BioNTech, uses a synthetic mRNA molecule that encodes for a surface protein of the virus, called S. This protein is essential for the virus's attachment and entry into host cells, making it an ideal target for an immune response. The mRNA is packaged in a lipid nanoparticle (LNP) that helps to protect it from degradation and facilitate its uptake by immune cells.\n\nClinical trials have shown that the mRNA vaccine is highly effective in inducing a robust immune response, with participants producing high levels of neutralizing antibodies against the virus. In Phase III trials, the vaccine has demonstrated efficacy in preventing severe COVID-19, hospitalization, and death. The vaccine has also shown promise in inducing immune responses in older adults, a population that is particularly vulnerable to severe COVID-19.\n\nThe mRNA vaccine has several advantages over traditional vaccine platforms, including its ability to be easily manufactured, stored, and transported at cold temperatures. It also does not require a live or attenuated virus, reducing the risk of viral transmission and associated manufacturing complexities.\tbuilding on this success, researchers are now working to adapt the mRNA technology to other viruses, including flu and Ebola."
    }
}