{
    "1": {
        "original": "Should teachers get tenure?",
        "expanded": "The debate surrounding teacher tenure has been a contentious issue in the education sector for decades. On one hand, proponents of teacher tenure argue that it provides a sense of job security, which is essential for attracting and retaining top talent in the teaching profession. Tenure allows teachers to focus on their teaching and planning without the constant threat of termination, allowing them to develop lasting relationships with students and colleagues. It also acknowledges the significant amount of education and training required to become a qualified teacher, providing recognition for their hard work and dedication.\n\nOn the other hand, opponents of tenure argue that it can lead to a lack of accountability and a \"good old boys\" network, where poor-performing teachers are insulated from consequences and resistant to change. Without proper evaluation and accountability, teachers may not be incentivized to continuously improve their practice or adapt to changing educational standards. Additionally, tenure has been criticized for creating an unwritten rule that a teacher cannot be fired, even if they are consistently underperforming, resulting in students receiving subpar education.\n\nResearch has shown that teacher evaluation systems that balance accountability with support and professional development can be an effective way to retain good teachers and improve teaching quality. Some argue that performance-based evaluation systems, where teacher performance is tied to student outcomes and ongoing professional development, are a more effective and equitable solution that addresses concerns around tenure while still providing necessary job security. Ultimately, whether or not teachers should get tenure is a complex issue that warrants careful consideration of the benefits and drawbacks."
    },
    "2": {
        "original": "Is vaping with e-cigarettes safe?",
        "expanded": "The safety of vaping with e-cigarettes is a topic of ongoing debate and controversy. While some argue that e-cigarettes are a safer alternative to traditional tobacco cigarettes, others claim that they pose significant health risks. The truth lies somewhere in between.\n\nE-cigarettes, also known as vapes, use a battery-powered heating element to vaporize a liquid solution containing nicotine, flavorings, and other chemicals. The vapor is then inhaled by the user, providing a nicotine fix similar to smoking. However, the long-term effects of vaping are still unknown, and many experts warn that the chemicals used in e-liquids can be harmful to human health.\n\nSome of the potential risks associated with vaping include respiratory problems, such as bronchitis and pneumonia, as well as cardiovascular issues, like heart attacks and strokes. Additionally, e-liquids can contain harmful chemicals like heavy metals, volatile organic compounds, and ultrafine particles, which can be inhaled deep into the lungs and potentially cause long-term damage.\n\nFurthermore, the use of e-cigarettes has been linked to a mysterious lung injury known as EVALI (e-cigarette or vaping product use-associated lung injury), which has caused widespread concern and hospitalizations. The exact cause of EVALI is still unknown, but it is believed to be related to the use of contaminated e-liquids or the addition of THC (tetrahydrocannabinol), the psychoactive compound found in marijuana, to e-liquids.\n\nIn conclusion, while e-cigarettes may be a safer alternative to traditional tobacco cigarettes, they are not without risks. The long-term effects of vaping are still unknown, and the use of e-cigarettes has been linked to several serious health problems. As a result, it is essential to approach vaping with caution and to carefully consider the potential risks and benefits before making a decision."
    },
    "3": {
        "original": "Should insider trading be allowed?",
        "expanded": "The debate over whether insider trading should be allowed is a contentious issue that has been ongoing for decades. Insider trading refers to the practice of buying or selling a company's securities with access to confidential or non-public information about the company's financial health, future plans, or market developments. Some argue that insider trading is a necessary evil in the market, allowing executives and employees to profit from their knowledge and expertise. From this perspective, insiders have a fiduciary duty to act in the best interests of the company and its shareholders, and insider trading allows them to do so in a way that aligns with their interests.\n\nOn the other hand, many argue that insider trading is unfair and creates an uneven playing field for investors. Those with access to confidential information have an unfair advantage over outsiders who do not have the same knowledge, placing them at a disadvantage in the market. This can lead to market volatility and undermine trust in the financial system. Furthermore, insider trading can be used to manipulate the market and further enrich executives and other insiders, potentially distorting the market and causing harm to other investors.\n\nIn addition, the rules that govern insider trading are often unclear and open to interpretation, making it difficult for individuals to know what constitutes illegal trading. This ambiguity can lead to misunderstandings and enforcement challenges. To make matters worse, the rewards for insider trading can be enormous, making it a temptation that some may find irresistible.\n\nHowever, there are also arguments in favor of allowing insider trading. For instance, some argue that insider trading can actually benefit companies by aligning the interests of insiders with those of the company and its shareholders. This can lead to more accurate stock prices and better decision-making. Additionally, regulations around insider trading can be misunderstood or overly broad, limiting the ability of insiders to act in the best interests of the company.\n\nUltimately, whether or not insider trading should be allowed is a complex issue with valid arguments on both sides. While it may provide benefits, it also poses significant risks to investors and the integrity of the market."
    },
    "4": {
        "original": "Should corporal punishment be used in schools?",
        "expanded": "The debate over whether corporal punishment should be used in schools has been ongoing for decades. Proponents of corporal punishment argue that it is an effective way to discipline students and maintain order in the classroom. They claim that physical punishment can help to deter misbehavior and promote respect for authority. On the other hand, opponents of corporal punishment argue that it is a form of child abuse and can have long-term psychological and emotional consequences for students. They point out that there are alternative forms of discipline, such as positive reinforcement and restorative justice, that are more effective and less harmful.\n\nIn recent years, many schools have banned corporal punishment, citing concerns about student safety and well-being. In fact, a 2019 report by the American Academy of Pediatrics concluded that there is no evidence that corporal punishment is an effective way to improve student behavior or academic performance. The report also noted that corporal punishment can lead to increased aggression, anxiety, and depression in students.\n\nWhile some may argue that corporal punishment is necessary to maintain order in the classroom, the potential harm it can cause to students far outweighs any perceived benefits. In a world where we strive to create safe and supportive learning environments, corporal punishment has no place in our schools. Instead, we should focus on promoting positive relationships between teachers and students, and using evidence-based discipline strategies that prioritize student well-being and development."
    },
    "5": {
        "original": "Should social security be privatized?",
        "expanded": "The debate surrounding the privatization of Social Security has been ongoing for decades, with proponents arguing that it would provide individuals with more control over their retirement savings and opponents claiming that it would leave vulnerable populations, such as the elderly and the disabled, without a guaranteed safety net. Those in favor of privatization believe that individuals should be free to invest their Social Security contributions in a diversified portfolio, allowing them to reap the benefits of the free market and potentially earn higher returns. On the other hand, critics argue that privatization would increase poverty and inequality, as the wealthy would have an advantage over the poor in accessing the market and navigating its risks.\n\nFrom a purely financial perspective, privatization may seem like a sensible approach, as it would eliminate the long-term unfunded liabilities that currently burden the Social Security trust funds. However, this solution overlooks the fundamental social security purpose: to provide a basic level of income and economic security to vulnerable members of society. The concept of social security is predicated on the idea of collective risk-sharing, where individuals contribute to a communal fund that provides a basic level of support in times of need. By privatizing this system, we would be abandoning this notion of shared responsibility and entrusting the fate of individuals to the whims of the market.\n\nMoreover, privatization would likely lead to reduced benefits and increased costs for those who need Social Security the most. As investments fluctuate, benefits could be cut or reduced, leaving individuals without the support they rely on. Furthermore, the administrative costs of privatization would be prohibitively high, likely amounting to tens of billions of dollars annually. In contrast, the current system is operated at a relatively low administrative cost, with funds mainly going towards providing benefits.\n\nIn conclusion, while the idea of privatizing Social Security may seem appealing to some, it is ultimately a misguided approach that prioritizes individual gain over the collective good. Social Security is not just a system of retirement savings, but a social safety net designed to provide economic security and stability to those who need it most. To ensure the long-term sustainability of this system, we should focus on shoring up its financial foundation, addressing the looming funding crisis through a combination of fiscal adjustments and progressive reforms, rather than dismantling the entire system in favor of individualized investments."
    },
    "6": {
        "original": "Is a college education worth it?",
        "expanded": "The question of whether a college education is worth it is a crucial one, with far-reaching implications for individuals, families, and society as a whole. On one hand, proponents of higher education argue that the benefits of a college degree far outweigh the costs. First and foremost, a college education opens doors to greater career opportunities and higher earning potential. According to the Bureau of Labor Statistics, workers with a bachelor's degree typically earn more than $1 million more over the course of their lifetime compared to those without one. Moreover, recent studies have shown that college graduates are more likely to land high-paying jobs, experience greater job security, and have better prospects for advancement. \n\nOn the other hand, criticisms of higher education argue that the costs of attending college are too high, and that the benefits may not be worth the investment. For many students, the burden of student loans and debt can be overwhelming, leading some to question whether the returns are truly worth the risk. Additionally, some argue that the rising cost of tuition and fees has led to a widening gap between the college-educated elite and the working class, exacerbating existing social and economic inequalities. \n\nUltimately, the answer to this question depends on one's individual circumstances, goals, and priorities. For those with the means and ambition, a college education can be a valuable investment that sets them up for long-term success. On the other hand, for those who are struggling to make ends meet or who have alternative paths to success, the cost and complexity of higher education may not be justified. As we consider this question, it is essential to weigh the benefits and drawbacks carefully and to approach this decision with a clear-eyed understanding of the opportunities and challenges that lie ahead."
    },
    "7": {
        "original": "Should felons who have completed their sentence be allowed to vote?",
        "expanded": "The right to vote is a fundamental aspect of democracy, and it is essential to ensure that all eligible citizens can exercise this right freely and fairly. One of the most contentious issues surrounding voting rights is the question of whether felons who have completed their sentence should be allowed to vote.\n\nOn one hand, some argue that restoring voting rights to felons would undermine the punishment and deterrent effect of criminal penalties. After all, the fissure between the criminal justice system and the democratic process must be respected, lest the rule of law be circumvented. Moreover, opponents argue that there is a risk of repeat offenses if felons are allowed to participate in the democratic process, as they may be tempted to engage in activities that lead to further criminal activity.\n\nOn the other hand, proponents of enfranchising felons argue that the consequences of criminal punishment should not be perpetual. Following a sentence, a felon has paid their debt to society and is no longer a threat to public safety. Moreover, voting is a fundamental right that is essential for citizens to participate in the democratic process and to hold elected officials accountable. It has been argued that denying felons the right to vote after serving their sentence is nothing more than a form of punishment, which is not in line with the principles of rehabilitation and reintegration that are central to the criminal justice system.\n\nIn conclusion, it is essential to strike a balance between the need to respect the rule of law and the need to uphold democratic principles. Rather than perpetually punishing felons, it is more effective to focus on rehabilitation and reintegration. Allowing felons who have completed their sentence to vote would not only be a just and fair decision but also a vital step towards a more inclusive and participatory democracy."
    },
    "8": {
        "original": "Should abortion be legal?",
        "expanded": "The debate surrounding abortion has been a contentious issue for decades, with passionate arguments on both sides of the equation. Proponents of legal abortion argue that it is a fundamental right, essential for women's health, autonomy, and equality. They contend that women have the right to control their own bodies, make decisions about their reproductive health, and choose whether to carry a pregnancy to term. They also point out that criminalizing abortion often drives it underground, leading to unsafe and potentially deadly procedures.\n\nOn the other hand, opponents of abortion believe that it is morally and ethically wrong, equivalent to taking the life of an unborn child. They argue that human life begins at conception and that it is the responsibility of society to protect the most vulnerable members of our community. They also worry about the potential long-term physical and emotional damage that can result from an abortion, as well as the potential impact on society's values and norms.\n\nUltimately, whether or not abortion should be legal is a complex issue that requires a nuanced and multifaceted approach. Rather than simply polarizing the debate, we should consider the multiple perspectives and weigh the ethical, legal, and medical factors involved. We must also acknowledge that this is a deeply personal issue that affects individuals in unique and complex ways. By fostering a culture of empathy, understanding, and respect, we can work towards creating a society that is just, compassionate, and equitable for all."
    },
    "9": {
        "original": "Should students have to wear school uniforms?",
        "expanded": "The debate over whether students should wear school uniforms has been ongoing for years, with both proponents and opponents presenting valid arguments. While some argue that uniforms promote a sense of discipline and equality among students, others claim that they stifle individuality and creativity. On one hand, uniforms can help to eliminate distractions in the classroom, such as brightcolors and logos that can be distracting, and can provide students with a sense of belonging to a particular group or community. Additionally, uniforms can be seen as a way to level the playing field, allowing students from different socio-economic backgrounds to feel more equal. On the other hand, uniforms can be seen as restrictive and limiting, prohibiting students from expressing their personalities and individuality through their clothing choices. Moreover, uniforms can be expensive and may place an undue burden on parents who already struggle to make ends meet. Ultimately, whether or not to implement school uniforms is a decision that should be made by the school administration and teachers, taking into account the specific needs and values of the school and its students."
    },
    "10": {
        "original": "Should any vaccines be required for children?",
        "expanded": "The debate over whether vaccines should be required for children has been a contentious issue for many years. While some argue that mandatory vaccination laws infringe on parental rights and could potentially lead to serious adverse reactions, the overwhelming scientific consensus is that vaccines are a crucial tool in protecting public health.\n\nVaccines have been instrumental in controlling and eradicating some of the most deadly and infectious diseases in history, including smallpox, polio, and measles. In fact, the Centers for Disease Control and Prevention (CDC) reports that since the introduction of vaccination, the incidence of vaccine-preventable diseases has declined by over 90%. This is no coincidence - vaccines work by stimulating the body's immune system to produce antibodies, providing immunity against specific diseases and preventing the spread of illness.\n\nFurthermore, mandatory vaccination laws have been shown to increase vaccination rates and reduce the risk of outbreaks. A study published in the New England Journal of Medicine found that states with mandatory vaccination laws for preschool-age children had higher vaccination rates and lower rates of vaccine-preventable disease outbreaks compared to states with fewer or no vaccination laws.\n\nIn light of the evidence, requiring certain vaccines for children is not only reasonable but necessary to ensure public health and safety. It is important to strike a balance between protecting children from serious health risks and respecting parental concerns and beliefs. One possible solution is to offer educational resources and counseling to parents to help them make informed decisions about vaccinating their children, while also ensuring that those who opt out are aware of the risks associated with doing so.\n\nIn conclusion, requiring certain vaccines for children is a responsible and effective way to protect public health. By fostering a culture of vaccination, we can create a safer and healthier community for everyone."
    },
    "11": {
        "original": "Should performance-enhancing drugs be accepted in sports?",
        "expanded": "The debate over the use of performance-enhancing drugs in sports has been ongoing for decades, with proponents and opponents of their use presenting strong arguments. On one hand, some argue that the use of performance-enhancing drugs is a necessary evil in today's competitive sports landscape, as it allows athletes to reach their full potential and push the boundaries of human achievement. They argue that the benefits of these drugs outweigh the risks, and that they are a fair way to level the playing field, giving athletes from all countries and backgrounds an equal chance to succeed. Additionally, many athletes feel that the pressure to perform and the desire to give their fans the best possible competition leads them to turn to performance-enhancing drugs as a means to gain a competitive edge.\n\nOn the other hand, others argue that the use of performance-enhancing drugs is morally reprehensible and undermines the very essence of fair competition. They claim that the use of such drugs is unfair and cheating, and that it destroys the integrity of the game, eroding trust and confidence among fans and athletes alike. Moreover, the long-term health risks associated with these drugs, such as cancer, heart disease, and liver damage, are a significant concern. It is argued that the use of these drugs goes against the fundamental principles of sportsmanship and fair play, and that it is the responsibility of athletic organizations and governing bodies to ensure a level playing field.\n\nIn conclusion, while there are valid arguments on both sides of the debate, it is clear that the use of performance-enhancing drugs in sports is a complex issue that has far-reaching implications for athletes, teams, and the sport as a whole. Ultimately, whether or not performance-enhancing drugs should be accepted in sports depends on one's values and beliefs about the importance of fair competition, athlete well-being, and the integrity of the game."
    },
    "12": {
        "original": "Should birth control pills be available over the counter?",
        "expanded": "The availability of birth control pills over-the-counter (OTC) is a topic of ongoing debate in the medical community. Some argue that it is about time that contraception became easily accessible without the need for a prescription. Others point out that access to medical care and diagnosis could still be necessary in cases of irregular menstrual cycles or suspected underlying health conditions that require monitoring.\n\nIt's clear that the unintended consequence of unintended pregnancies weighs heavily in favor of greater access to birth control options. An estimated 20-50% of unplanned pregnancies are attributed to incorrect use or inconsistent access to prescription birth control pills, placing a significant financial, emotional, and mental strain on individuals and communities.\n\nMany countries have made headway in this direction. Countries like the Netherlands and Ireland have already removed some oral contraceptives from behind-the-counter medication status. In the US, California has taken a proactive stance by introducing the Abortion and Contraceptive Equity Act, making the following birth control medications OTC: hormonal injections, progestin-based vaginal rings, and birth control patch.\n\nHowever, detractors raise concerns over appropriate diagnoses, potential allergies or intolerances, and adverse side effects. Underscoring these fears are alarming statistics: despite easy accessibility, the abortion rate is still relatively high.\n\nWeighing against this critical concern is a long-proven track record of reliability and safety exhibited by properly used birth control methods, including oral hormones, the most widely available birth control option. Ongoing awareness campaigns, user guidance education, and expanded reproductive care services could supplement accessibility. Additionally, with evolving biotechnology, even simpler oral medications may alleviate certain restrictions.\n\nUltimately, with rigorous medical oversight and increased efforts to address socio-economical disparities and public knowledge, making some forms of birth control accessible without prescriptions could significantly increase compliance rates, reduce unexpected pregnancies, and ultimately pave a clearer path towards personal health agency."
    },
    "13": {
        "original": "Can alternative energy effectively replace fossil fuels?",
        "expanded": "The transition to alternative energy sources has gained significant momentum in recent years, with many experts and policymakers arguing that it can effectively replace fossil fuels as the primary source of energy. Alternative energy sources, such as solar, wind, hydro, and geothermal power, have made tremendous progress in terms of efficiency, cost, and scalability. Solar energy, for instance, has seen a remarkable decline in costs, making it competitive with fossil fuels in many parts of the world. Wind power, on the other hand, has become a significant contributor to the global energy mix, with many countries investing heavily in offshore wind farms.\n\nMoreover, technological advancements have enabled the development of hybrid power systems, which combine different renewable energy sources to provide a stable and reliable supply of electricity. For example, solar power can be paired with energy storage systems to ensure a constant supply of electricity during periods of low sunlight. Similarly, wind power can be combined with hydroelectric power to provide a stable and predictable supply of electricity.\n\nWhile there are still challenges to overcome, such as intermittency and energy storage, many experts believe that alternative energy can effectively replace fossil fuels in the long run. In fact, several countries have already set ambitious targets to transition to 100% renewable energy, with some aiming to achieve this goal by 2050. For instance, Costa Rica has set a target of becoming carbon-neutral by 2050, while Norway aims to achieve 100% renewable energy by 2030.\n\nFurthermore, the economic benefits of transitioning to alternative energy are significant. Renewable energy creates jobs, stimulates local economies, and reduces reliance on imported fossil fuels. In addition, the costs of renewable energy are decreasing rapidly, making it a more viable option for businesses and households.\n\nIn conclusion, while there are still challenges to overcome, alternative energy has the potential to effectively replace fossil fuels as the primary source of energy. With continued technological advancements, economies of scale, and policy support, it is likely that alternative energy will play a dominant role in the global energy mix in the coming decades."
    },
    "14": {
        "original": "Is sexual orientation determined at birth?",
        "expanded": "The debate surrounding whether sexual orientation is determined at birth has sparked intense discussion in the fields of psychology, biology, and sociology. While some research suggests that sexual orientation is innate and present at birth, others argue that it is shaped by environmental factors and experiences. From a biological perspective, studies have identified genetic and hormonal factors that contribute to the development of sexual orientation. For instance, research has shown that gay and lesbian individuals often have brain structure and fossilized differences compared to heterosexual individuals. Additionally, twin and adoption studies have found a correlation between identical twins and concordance rates, suggesting a strong genetic component. However, others argue that early life experiences, social learning, and cultural influences also play a significant role in shaping an individual's sexual orientation. Environmental factors such as parental relationships, peers, and media representation can influence an individual's understanding and expression of their sexual orientation. Ultimately, the complexity of the issue means that the question of whether sexual orientation is determined at birth remains a subject of ongoing scientific inquiry and debate."
    },
    "15": {
        "original": "Should animals be used for scientific or commercial testing?",
        "expanded": "The use of animals in scientific and commercial testing is a highly debated topic, with proponents and opponents presenting compelling arguments on both sides. On one hand, animal testing has been instrumental in advancing our understanding of human and animal diseases, and has led to the development of numerous life-saving treatments and medicines. For instance, the discovery of penicillin and the development of vaccines against diseases such as polio and measles were made possible through animal testing. Additionally, animal testing is often necessary to ensure the safety and efficacy of consumer products, such as cosmetics and pharmaceuticals.\n\nOn the other hand, many argue that animal testing is morally unjustifiable and that there are alternative methods that can achieve similar results without causing harm to animals. The use of animals in testing raises ethical concerns, as it involves causing pain, suffering, and death to sentient beings. Furthermore, many animal welfare organizations and experts argue that animal testing is often unnecessary and that the results obtained are not always reliable or applicable to humans.\n\nIn recent years, there has been a growing trend towards the development and use of alternative methods, such as in vitro testing, computer simulations, and human clinical trials. These methods can provide similar results to animal testing without the need to harm animals. Moreover, many companies and governments are starting to phase out animal testing in favor of these alternative methods.\n\nUltimately, the decision to use animals in scientific and commercial testing is a complex one that requires careful consideration of the ethical, scientific, and practical implications. While animal testing has played a significant role in advancing our understanding of the world and improving human health, it is essential to weigh the benefits against the potential harm caused to animals. As our understanding of animal welfare and ethics continues to evolve, it is likely that we will see a shift towards the use of alternative methods that prioritize animal welfare and reduce the need for animal testing."
    },
    "16": {
        "original": "Should prescription drugs be advertised directly to consumers?",
        "expanded": "The debate over whether prescription drugs should be advertised directly to consumers has been ongoing for decades. On one hand, proponents argue that direct-to-consumer (DTC) advertising can increase awareness and education about the benefits and risks of various medications. This can lead to more informed patients who are better equipped to discuss treatment options with their healthcare providers. Additionally, DTC ads can promote competition among pharmaceutical companies, leading to better prices and more innovative products.\n\nOn the other hand, critics contend that DTC advertising can have unintended consequences. For instance, it may lead to over-prescribing and over-reliance on medication, rather than addressing the root causes of health issues through lifestyle changes and other interventions. Furthermore, DTC ads can be misleading or incomplete, failing to adequately disclose potential side effects or risks. This can lead to patient dissatisfaction, poor treatment outcomes, and increased healthcare costs.\n\nUltimately, the decision to advertise prescription drugs directly to consumers should be based on the benefits and risks of DTC advertising, as well as the potential impact on the healthcare system as a whole. While responsible DTC advertising can be beneficial, it is essential to ensure that such ads are accurate, transparent, and comply with strict regulations to protect patients' health and well-being."
    },
    "17": {
        "original": "Should recreational marijuana be legal?",
        "expanded": "The debate surrounding recreational marijuana legalization has been a contentious one, with proponents arguing that it would generate significant revenue and reduce criminal justice burdens, while opponents contend that it would increase substance abuse and pose risks to public health and safety. Proponents of legalization point to the fact that many countries and states have already legalized recreational marijuana use, and that it would allow adults to make informed choices about their own behavior without resorting to the black market or risking arrest. They also argue that legalizing recreational marijuana would reduce the criminal justice system's focus on minor drug offenses, allowing resources to be redirected to more serious crimes.\n\nOn the other hand, opponents of legalization argue that legalizing recreational marijuana would have unintended consequences, such as increased rates of substance abuse and addiction, as well as increased risks of automobile accidents and workplace accidents due to impaired driving and performance. They also express concern that legalizing recreational marijuana would send the wrong message to young people, encouraging them to engage in dangerous and unhealthy behaviors.\n\nUltimately, the decision to legalize recreational marijuana should be based on a thorough examination of the available evidence and careful consideration of the potential consequences. While there are valid arguments on both sides of the issue, it is clear that legalizing recreational marijuana would be a significant change with far-reaching impacts on our society. It is crucial that policymakers take a thoughtful and nuanced approach to this issue, considering the potential benefits and risks, and working to create a system that balances personal freedom with public health and safety concerns."
    },
    "18": {
        "original": "Should churches remain tax-exempt?",
        "expanded": "The question of whether churches should remain tax-exempt has sparked intense debate in the United States. On one hand, granting tax-exempt status to churches allows them to maintain their independence and focus on their mission of spreading faith and serving the community. This exemption permits them to allocate their resources towards charitable work, humanitarian aid, and educational programs, rather than diverting funds to pay taxes. It also recognizes the unique role that churches play in providing essential services, such as food banks, shelters, and counseling services, which are often unavailable from secular institutions.\n\nOn the other hand, critics argue that tax-exempt status is unfair and results in a financial burden on taxpayers, who must make up for the revenue lost due to the exemption. They also claim that many churches engage in political activism and partisan activities, which should be subject to taxation just like other organizations. Furthermore, some argue that tax-exempt status disproportionately benefits the wealthy and large congregations, while smaller churches and those serving vulnerable populations often struggle to access the resources they need to maintain their operations.\n\nConsidering the arguments on both sides, a more nuanced approach might be the way forward. A revised system could include stricter regulations on church spending and lobbying activities, to ensure that tax-exempt status is not abused. This would help maintain the distinction between faith-based organizations and partisan political entities. It is also essential to reform the tax code to address issues of inequality and fairness, ensuring that smaller churches and communities have access to the resources they need to serve. By doing so, we can strike a balance between supporting the vital work of churches and promoting transparency and fairness in the tax system."
    },
    "19": {
        "original": "Should gay marriage be legal?",
        "expanded": "The question of whether gay marriage should be legal is a contentious and deeply personal issue that has sparked heated debate and division in many societies around the world. On one hand, many argue that marriage is a fundamental human right that should be available to all individuals, regardless of their sexual orientation. They point out that gay couples have the same emotional and financial needs as straight couples, and that denying them the right to marry is discriminatory and unjust. This perspective is supported by numerous studies and experts who argue that there is no rational basis for denying gay couples the right to marry.\n\nOn the other hand, others argue that marriage is a sacred institution that has existed between a man and a woman for centuries, and that changing its definition to include same-sex couples would undermine traditional values and societal norms. They claim that marriage is a crucial institution for the well-being of children and society at large, and that redefining it would have unintended consequences for families and communities.\n\nHowever, it is important to recognize that the debate around gay marriage is not simply about abstract principles or moral values. It is also about real people's lives, including those of gay and lesbian individuals who have been denied the dignity and respect that comes with marriage. For many, marriage is not just a legal institution, but an important aspect of their emotional and psychological well-being. By recognizing the right of all individuals to marry the person they love, we can promote greater understanding, acceptance, and equality.\n\nUltimately, the decision of whether or not to legalize gay marriage is a complex one that requires careful consideration of the legal, moral, and social implications. While there are valid arguments on both sides, it is clear that denying gay couples access to marriage is discriminatory and unjust. As such, it is our responsibility as a society to ensure that all individuals are treated with dignity and respect, regardless of their sexual orientation or gender identity."
    },
    "20": {
        "original": "Is drinking milk healthy for humans?",
        "expanded": "Drinking milk is a topic of ongoing debate among health experts and individuals alike. On one hand, milk is often touted as a nutritious beverage rich in calcium, protein, and vitamins D and B12, which are essential for building and maintaining strong bones and teeth. Whole milk, in particular, is a good source of conjugated linoleic acid (CLA), a fatty acid that may have anti-inflammatory properties. Moreover, milk has been associated with a reduced risk of osteoporosis, osteopenia, and other bone-related disorders.\n\nOn the other hand, some critics argue that milk may not be as beneficial for humans as previously thought. For instance, lactose intolerance, a condition where the body is unable to digest lactose, a sugar found in milk, affects millions of people worldwide. Additionally, many commercial milk products are highly processed and contain added sugars, artificial flavorings, and preservatives, which may negate any potential health benefits. Furthermore, the protein in milk, casein, has been linked to an increased risk of cancer and cardiovascular disease.\n\nIt is also worth noting that the nutritional content of milk can vary greatly depending on the type of milk and the breed of the cow. For example, organic milk may contain higher levels of omega-3 fatty acids and conjugated linoleic acid than conventionally produced milk.\n\nIn conclusion, while milk may have some potential health benefits, it is important to consider individual nutritional needs, lactose tolerance, and the quality of the milk product. As with any food or beverage, it is essential to consume milk in moderation and choose unprocessed, organic, and grass-fed options whenever possible."
    },
    "21": {
        "original": "Is human activity primarily responsible for global climate change?",
        "expanded": "The overwhelming scientific consensus is that human activities are the primary cause of global climate change. Burning fossil fuels such as coal and oil leads to the emission of carbon dioxide, a potent greenhouse gas that traps heat in the Earth's atmosphere and contributes to a warming effect. Additionally, land use changes such as deforestation and the clearing of forests for agriculture and urbanization release stored carbon into the atmosphere, further exacerbating the warming trend. The production and transportation of meat, particularly beef, also releases methane, a potent greenhouse gas that has a significant impact on the climate. Furthermore, industrial agriculture, which relies heavily on synthetic fertilizers and pesticides, releases nitrous oxide and other greenhouse gases. The concentrations of greenhouse gases in the atmosphere have increased significantly since the Industrial Revolution, leading to an observed warming of the planet. The evidence for human involvement in climate change is clear: rising global temperatures, melting glaciers, and shifting weather patterns all point to human activities as the primary driver of global climate change."
    },
    "22": {
        "original": "Is a two-state solution an acceptable solution to the Israeli-Palestinian conflict?",
        "expanded": "The Israeli-Palestinian conflict is one of the most enduring and complex issues in international relations, with no clear resolution in sight. One of the most debated solutions is the two-state solution, which proposes the establishment of an independent Palestinian state alongside the State of Israel. While some consider this solution acceptable, others argue that it is flawed and does not address the core issues driving the conflict.\n\nProponents of the two-state solution argue that it is the most realistic and practical way to achieve peace and stability in the region. By creating a separate Palestinian state, the international community can recognize the legitimacy of both Israeli and Palestinian claims to the land, and provide a framework for resolving outstanding issues such as borders, settlements, and refugees. The two-state solution also offers a chance for Israel to maintain its Jewish majority and for Palestine to have its own sovereign territory.\n\nHowever, critics of the two-state solution argue that it is a compromise that fails to address the fundamental injustices and power imbalances that underlie the conflict. They point out that the creation of a Palestinian state would likely lead to the displacement of many Palestinian refugees who have been living in Israel for generations, and that the borders and boundaries of the proposed state would be heavily influenced by Israeli interests. Additionally, the two-state solution does not address the issue of Israeli settlements in the occupied territories, which many see as a major obstacle to peace.\n\nUltimately, whether the two-state solution is acceptable depends on one's perspective on the conflict and the values and principles that guide one's approach to resolving it. While it may be seen as a pragmatic solution by some, others may view it as a compromise that fails to address the root causes of the conflict."
    },
    "23": {
        "original": "Should euthanasia or physician-assisted suicide be legal?",
        "expanded": "The debate surrounding euthanasia and physician-assisted suicide has been an ongoing and contentious issue for many years. On one hand, proponents of legalizing euthanasia and physician-assisted suicide argue that individuals should have the right to choose their own death, particularly if they are suffering from a terminal illness or unbearable pain. They claim that allowing patients to choose their own fate would alleviate their suffering and allow them to pass away with dignity. This perspective emphasizes the importance of patient autonomy and self-determination.\n\nOn the other hand, opponents of euthanasia and physician-assisted suicide raise concerns about the potential for abuse and the value of human life. They worry that vulnerable individuals, such as the elderly or those with mental illnesses, may be coerced into ending their lives prematurely through manipulation or financial gain. They also argue that the acceptance of euthanasia would delegitimize the medical profession, undermine the value of palliative care, and create a slippery slope that could lead to the premature death of individuals with chronic conditions or disabilities.\n\nFurthermore, some experts raise concerns about the medical criteria for determining which patients are eligible for euthanasia, suggesting that the boundaries may be porous and subjective. They argue that patients with mental illnesses, for example, may experience shifting symptoms and may have their conditions worsen over time, leading to inconsistent or premature diagnoses. Additionally, defining what constitutes \"suffering\" and \"end-of-life\" can be difficult, and the court process may be flawed, leading to capricious decision-making.\n\nUltimately, the question of whether to legalize euthanasia or physician-assisted suicide is a complex and contentious issue that requires careful consideration of the competing interests and values at play. Some countries, such as the Netherlands and Canada, have legalized euthanasia under strict guidelines and monitoring, but it is not clear whether this approach would work in all jurisdictions, and the risks associated with it must be weighed carefully. Despite the controversy, many proponents of euthanasia and physician-assisted suicide argue that incrementally introducing access to this option could lead to society becoming more accepting of assisted dying, while allowing those in the most severe pain to make end-of-life choices when their quality of life is fundamentally changing due to medical conditions such as terminal cancer."
    },
    "24": {
        "original": "Does lowering the federal corporate income tax rate create jobs?",
        "expanded": "The relationship between lowering the federal corporate income tax rate and job creation is a topic of ongoing debate among economists and policymakers. Proponents of tax cuts argue that reducing the corporate tax rate would incentivize businesses to invest more in their operations, leading to increased hiring and job growth. This is because lower tax rates would leave businesses with more disposable income, which they could use to expand their workforce, increase wages, or invest in new projects.\n\nHowever, opponents of tax cuts point out that the evidence supporting this claim is mixed and often dependent on specific economic conditions. For example, a study by the International Monetary Fund found that reducing corporate tax rates can have a positive impact on job creation, but only when combined with other pro-business policies, such as cutting labor taxes and increasing trade openness. On the other hand, a study by the Congressional Budget Office concluded that the impact of tax cuts on job creation is often small and temporary, and that other factors such as economic growth, innovation, and government spending are more important drivers of job growth.\n\nFurthermore, it's worth noting that many corporations already have significant amounts of cash on hand and are not necessarily constrained by high tax rates from investing in their businesses or hiring new employees. In this sense, reducing the corporate tax rate may not be the most effective way to stimulate job growth.\n\nIn conclusion, while there is some evidence to suggest that lowering the federal corporate income tax rate could lead to job creation, the relationship between the two is complex and influenced by a variety of factors. Policymakers should consider a range of economic indicators and other policy tools when designing their approach to promoting job growth and economic development."
    },
    "26": {
        "original": "Do standardized tests improve education?",
        "expanded": "The effectiveness of standardized tests in improving education is a topic of ongoing debate. On one hand, proponents argue that these tests provide a fair and objective measure of student learning, allowing for the evaluation of student performance across different schools and districts. This, in turn, enables policymakers to make informed decisions about resource allocation and teacher accountability. Additionally, standardized tests can identify areas where students are struggling, allowing teachers to target specific areas of improvement.\n\nOn the other hand, critics argue that standardized tests have a number of drawbacks. For instance, they can be overly broad, failing to capture the full range of student learning and reducing complex subjects to simple multiple-choice questions. Additionally, the emphasis on test preparation can lead to a narrow focus on rote memorization and teaching to the test, rather than fostering critical thinking and creativity. Furthermore, standardized tests can be culturally biased, disproportionately affecting students from low-income and minority backgrounds who may not have equal access to test preparation resources.\n\nIn recent years, there has been a growing movement towards assessing student learning in more holistic and nuanced ways. For example, some schools are incorporating project-based assessments and performance tasks, which allow students to demonstrate their knowledge and skills in more authentic and meaningful ways. Others are piloting competency-based models, where students progress through courses based on their demonstrated mastery of specific skills and knowledge.\n\nUltimately, whether standardized tests improve education depends on how they are used and the context in which they are administered. When used in conjunction with other forms of assessment and in a way that complements teaching practices, standardized tests can be a valuable tool for monitoring student progress and informing instructional decisions. However, when used as the sole measure of student learning or education quality, they can be overly burdensome and even counterproductive."
    },
    "27": {
        "original": "Should more gun control laws be enacted?",
        "expanded": "The debate over gun control laws has been a contentious issue in the United States for decades. On one hand, proponents of stricter gun control argue that the ease with which individuals can access firearms contributes to the country's high rate of gun violence and mass shootings. They point to the fact that the United States has some of the most permissive gun laws in the world, with over 40,000 people killed annually in gun-related incidents. They also argue that stricter background checks, waiting periods, and limits on magazine capacity could help to reduce the number of gun-related deaths.\n\nOn the other hand, opponents of stricter gun control argue that the Second Amendment guarantees the right to bear arms and that any attempts to restrict this right are an infringement on individual freedoms. They also argue that stricter gun control laws would not be effective in preventing gun violence, as criminals would still find ways to obtain firearms illegally. Additionally, they point to the fact that many mass shootings have occurred in areas with strict gun control laws, such as schools and movie theaters.\n\nDespite these differing opinions, there is evidence to suggest that stricter gun control laws could be effective in reducing gun violence. Studies have shown that states with stricter gun control laws have lower rates of gun-related deaths. For example, a study by the Journal of the American Medical Association found that states with universal background checks and waiting periods had a 17% lower rate of gun-related deaths compared to states with more lenient laws.\n\nUltimately, the decision to enact stricter gun control laws is a complex one that requires careful consideration of the potential benefits and drawbacks. While there is no one-size-fits-all solution to the problem of gun violence, it is clear that some form of regulation is necessary to protect public safety. By implementing evidence-based policies that balance individual freedoms with public safety concerns, we can work towards reducing the number of gun-related deaths and promoting a safer society for all."
    },
    "28": {
        "original": "Should prostitution be legal?",
        "expanded": "The question of whether prostitution should be legal is a highly debated and controversial topic. Proponents of legal prostitution argue that it would allow for the regulation of the industry, making it safer for sex workers and reducing the risk of sexually transmitted infections and violence. They also argue that legalization would allow the government to collect taxes on the industry, generating revenue and reducing the burden on law enforcement. Additionally, some argue that prostitution is already a pervasive and underground industry, and that legalizing it would allow for better working conditions, fair wages, and access to social benefits for sex workers.\n\nOn the other hand, opponents of legal prostitution argue that it would normalize and perpetuate harmful attitudes towards women and marginalized communities, and that it would perpetuate human trafficking and the exploitation of vulnerable individuals. They also argue that legalization would not necessarily improve the working conditions or safety of sex workers, and that it would simply provide a platform for further exploitation. Furthermore, many opponents believe that prostitution is inherently dehumanizing and that it undermines the value and dignity of human life.\n\nUltimately, the decision to legalize prostitution is complex and controversial, and there is ongoing debate about the potential benefits and drawbacks. While some argue that legalization would lead to improved working conditions and safety, others believe that it would perpetuate harmful and exploitative practices."
    },
    "29": {
        "original": "Should the government allow illegal immigrants to become citizens?",
        "expanded": "The debate over whether the government should allow illegal immigrants to become citizens is a complex and contentious issue. On one hand, proponents argue that illegal immigrants have already been living and working in the country for years, contributing to the economy and paying taxes. They also argue that it is unjust to deny these individuals citizenship, as they have built lives and families in the United States, often with no other country to return to. Furthermore, granting citizenship to illegal immigrants could help the government to better track their movements and prevent future illegal entries.\n\nOn the other hand, opponents argue that rewarding illegal behavior with citizenship would undermine the rule of law and encourage others to enter the country illegally. They also express concerns about the economic impact of granting citizenship to millions of new Americans, particularly if they are not skilled workers or do not speak English. Additionally, some argue that the naturalization process should be reserved for those who have followed the legal path to residency, such as through family sponsorship or employment-based visas.\n\nUltimately, the decision to allow illegal immigrants to become citizens is a matter of policy and requires careful consideration of various factors. While there are valid arguments on both sides, the government must weigh the benefits of creating a path to citizenship against the potential risks and challenges. By providing a clear and consistent legal framework, the government can empower illegal immigrants to integrate into society while also maintaining respect for the law and the country's borders."
    },
    "30": {
        "original": "Should adults have the right to carry a concealed handgun?",
        "expanded": "The debate surrounding the right to carry a concealed handgun is a complex and contentious issue, with strong arguments on both sides. On one hand, proponents of concealed carry laws argue that law-abiding adults who are properly trained and licensed to carry handguns are more likely to be safer and more responsible in situations where they may be threatened or find themselves in danger. They cite statistics showing that areas with concealed carry laws tend to have lower crime rates, whereas states without such laws may see an increase in violent crime. Proponents also argue that the right to self-defense is a fundamental right, and that the government should not unduly restrict citizens from being able to protect themselves.\n\nOn the other hand, opponents of concealed carry laws argue that allowing adults to carry handguns increases the risk of accidental shootings, retaliatory violence, and escalating confrontations. They also point out that individuals who carry concealed handguns may pose a threat to others, particularly in cases where the carrier's mental health or judgment is compromised. Additionally, some argue that allowing concealed carry infringes on the rights of non-carrying individuals who have not chosen to own or be trained with firearms.\n\nUltimately, the decision to carry a concealed handgun should be made on a case-by-case basis, with consideration given to an individual's background, training, and the specific circumstances of their community. A balance must be struck between the right to self-defense and the potential risks associated with carrying a concealed handgun. This balance can be achieved through rigorous background checks, mental health screenings, and strict training requirements for handgun owners and carriers."
    },
    "31": {
        "original": "Is obesity a disease?",
        "expanded": "The debate over whether obesity is a disease has been ongoing for several years. The World Health Organization (WHO) defines obesity as a \"complex condition caused by a combination of genetic, environmental, psychological, and socioeconomic factors.\" While some argue that obesity is a lifestyle choice, rather than a disease, a growing body of research suggests that it is a genuine medical condition that requires a comprehensive approach to treatment and management.\n\nOne of the key arguments in favor of recognizing obesity as a disease is the significant negative impact it has on an individual's health. Obese individuals are at a higher risk for a range of chronic health problems, including type 2 diabetes, heart disease, stroke, and certain types of cancer. Obesity also increases the risk of premature death, with one study suggesting that obese individuals may die up to 10 years earlier than their non-obese peers.\n\nFurthermore, the American Medical Association (AMA) has officially recognized obesity as a disease, citing the significant evidence demonstrating the condition's impact on an individual's health and well-being. The AMA's policy change is a significant step forward in the fight against obesity, as it acknowledges the need for a comprehensive approach to treatment and management that goes beyond simply telling individuals to \"eat less and exercise more.\"\n\nIn conclusion, while there are certainly factors that contribute to obesity, such as diet and lifestyle choices, the overwhelming evidence suggests that obesity is a complex condition that requires a comprehensive approach to treatment and management. Recognizing obesity as a disease is an important step forward in the effort to address this growing public health concern, and it is essential that healthcare providers, policymakers, and individuals work together to develop effective solutions to this critical health issue."
    },
    "32": {
        "original": "Do electronic voting machines improve the voting process?",
        "expanded": "The introduction of electronic voting machines has brought about significant changes in the way people vote in elections. Proponents of electronic voting machines argue that they improve the voting process by increasing efficiency and speed. With electronic voting machines, voters can cast their ballots quickly and easily, reducing the amount of time needed to wait in line to vote. This is particularly beneficial for large-scale elections where long wait times can be a major turn-off for voters.\n\nIn addition, electronic voting machines can also enhance the secrecy of the voting process. Traditional paper ballots can be visible to poll workers and fellow voters, potentially compromising the secrecy of the ballot. Electronic voting machines, on the other hand, keep votes private, as the screens are private and the votes are cast electronically.\n\nAnother benefit of electronic voting machines is that they can provide accurate and quick results. Electronic voting machines can tabulate votes quickly and accurately, making it possible to have results available on election night. This can increase voter turnout, as voters can see how their favorite candidate is performing in real-time.\n\nHowever, some critics argue that electronic voting machines can be vulnerable to hacking and tampering, which could compromise the integrity of the election. While this is a valid concern, it's worth noting that modern electronic voting machines are designed with security features to prevent tampering. Additionally, audits and recounts can be conducted to ensure the accuracy of the results.\n\nIn conclusion, electronic voting machines can improve the voting process by increasing efficiency, enhancing secrecy, and providing quick and accurate results. While there are potential risks associated with electronic voting, these can be mitigated with proper security measures and oversight. Overall, electronic voting machines have the potential to make the voting process more convenient and accessible for voters."
    },
    "33": {
        "original": "Should people become vegetarian?",
        "expanded": "The decision to adopt a vegetarian lifestyle is a personal one, and there are valid arguments on both sides. On one hand, a well-planned vegetarian diet can provide numerous health benefits, including reducing the risk of heart disease, type 2 diabetes, and certain types of cancer. Vegetarian diets tend to be high in fiber, vitamins, and minerals, and low in saturated fat and cholesterol, making them a great option for people looking to manage their weight or improve their overall health. Additionally, animal agriculture is a significant contributor to greenhouse gas emissions and deforestation, so adopting a plant-based diet can be a more environmentally friendly choice.\n\nOn the other hand, vegetarians may need to pay closer attention to their nutrient intake to avoid deficiencies, particularly with proteins, iron, and vitamins B12 and D. Additionally, some vegetarians may struggle to find suitable alternatives to traditional foods like meat, eggs, and dairy, which can be a significant social and cultural challenge. Furthermore, there is a concern that a vegetarian diet may be less diverse and potentially lead to a loss of essential nutrients.\n\nUltimately, the decision to become a vegetarian depends on individual circumstances, goals, and priorities. For some, the health and environmental benefits of a vegetarian diet may outweigh the potential challenges, while for others, a more balanced and varied diet may be the best option. Regardless of the choice, it is essential to prioritize informed decision-making and consult with a healthcare professional or registered dietitian for personalized advice."
    },
    "34": {
        "original": "Are social networking sites good for our society?",
        "expanded": "The impact of social networking sites on society is a topic of ongoing debate. On one hand, these platforms have made it easier for people to connect with others who share similar interests, values, and experiences. Social media has bridged geographical and cultural divides, allowing individuals to form and maintain relationships with people from around the world. This has improved communication, understanding, and collaboration among people from diverse backgrounds.\n\nMoreover, social networking sites have enabled businesses and organizations to reach a wider audience, expanding their customer base and promoting economic growth. They also provide a platform for people to express themselves, share ideas, and access a vast amount of information. In this sense, social media can foster a sense of community and social cohesion.\n\nHowever, there are also concerns about the negative effects of social networking sites. Cyberbullying, online harassment, and the spread of misinformation can create a toxic online environment, which can have serious consequences for mental health. The excessive use of social media has also been linked to decreased face-to-face interaction, decreased attention span, and increased loneliness. Furthermore, the curated and superficial nature of social media can create unrealistic expectations and promote consumerism and materialism.\n\nUltimately, whether social networking sites are good for our society depends on how we use them. When employed responsibly and in moderation, these platforms can have numerous benefits. However, it is essential to be aware of their pitfalls and to use them in a way that promotes positive interactions, respect, and understanding. By being mindful of the impact of social media on our lives, we can harness its potential to build a more connected and compassionate society."
    },
    "35": {
        "original": "Do violent video games contribute to youth violence?",
        "expanded": "The debate about whether violent video games contribute to youth violence has been a long-standing one, with experts and researchers presenting varying viewpoints. On one hand, some argue that exposure to violent video games can increase aggressive thoughts, feelings, and behaviors in children and adolescents. Studies have shown that playing violent video games can lead to desensitization to violence, increased aggression, and a decrease in empathy. This can be particularly concerning during a critical period of social and emotional development, such as adolescence.\n\nOn the other hand, many critics argue that the link between violent video games and youth violence is overstated, and that other factors, such as family environment, socioeconomic status, and prior exposure to violence, are more significant predictors of aggression. Additionally, the Supreme Court has ruled that the First Amendment protects the distribution and sale of violent video games, citing the industry's self-regulation and the lack of scientific consensus on the issue.\n\nHowever, a growing body of research suggests that the impact of violent video games on youth violence may be more complex and nuanced than initially thought. For example, some studies have found that the type of violent video game played, as well as the player's underlying personality traits and emotional states, can influence the impact of the game on aggression. Furthermore, other environmental factors, such as the presence of parental involvement, school-based programs, and community resources, may moderate the relationship between violent video game exposure and aggression.\n\nIn conclusion, while there is no consensus on whether violent video games contribute to youth violence, the debate highlights the need for a comprehensive understanding of the potential risks and benefits associated with video game exposure. Ongoing research and monitoring are necessary to better understand the complex interplay between media, environment, and youth behavior, and to develop effective strategies for promoting a safe and healthy environment for children and adolescents."
    },
    "36": {
        "original": "Is golf a sport?",
        "expanded": "Whether golf is considered a sport or not is a topic of ongoing debate and controversy. On one hand, many people argue that golf is not a truly athletic pursuit, as players are often required to rely on technical skill and physical finesse rather than purely physical exertion. It's not uncommon to hear criticisms of golf as \"too leisurely\" or \"not physically demanding\" enough to be considered a true sport. Additionally, golf's focus on personal achievement and individual competition seems to clash with the classic ideals of teamwork and friendly competition often associated with traditionally athletic sports.\n\nOn the other hand, proponents of golf's sport status highlight its demands on physical health and skill. Golf requires its players to maintain a consistently high level of physical strength, endurance, and balance throughout an entire round; in fact, many studies have shown that golf players engage in significant physical activities during each round, using multiple major muscle groups such as legs, core, and shoulders. Furthermore, the strategic and mental challenge of the game requires skill, concentration, and situational awareness, all factors that are also present in more \"traditional\" competitive sports. Ultimately, determining whether golf is a true sport requires considering the nuance of the game: while it may not appeal to all athletes or provide the same level of exhaustion as high-intensity exercise, it is undoubtedly an engaging and demanding activity for those who participate. Whether one calls it a \"sport\" or not is a matter of personal judgment."
    },
    "37": {
        "original": "Is cell phone radiation safe?",
        "expanded": "The safety of cell phone radiation has been a subject of debate for many years, with numerous studies attempting to determine the potential health risks associated with using mobile devices. The International Commission on Non-Ionizing Radiation Protection (ICNIRP) has established guidelines for exposure to radiofrequency electromagnetic fields (RF-EMFs), which are emitted by cell phones and other wireless devices.\n\nAccording to the World Health Organization (WHO), RF-EMFs are unlikely to pose any serious health risks to the general population. The organization has classified RF-EMFs as \"possibly carcinogenic to humans,\" but notes that this classification is based on limited evidence and further research is needed to fully understand the potential risks.\n\nSome studies have suggested that RF-EMF exposure may be linked to increased risks of certain types of cancer, such as brain tumors and leukemia. However, many of these studies have methodological flaws and have been criticized for their findings. The majority of scientific research has found no conclusive evidence to support the claim that cell phone radiation is carcinogenic.\n\nIn 2019, the National Toxicology Program (NTP) conducted a comprehensive study on the health effects of RF-EMF exposure in rats and mice. While the study did find some evidence of tumors in the exposed animals, the NTP concluded that the findings were not conclusive and that further research was needed to determine the potential health risks.\n\nIn light of the conflicting evidence, many experts and organizations remain uncertain about the safety of cell phone radiation. As a precaution, some recommend taking steps to minimize exposure, such as using hands-free devices or keeping devices away from the head and body. However, the majority of scientific evidence suggests that cell phone radiation is unlikely to pose a significant health risk to the general population."
    },
    "38": {
        "original": "Should marijuana be a medical option?",
        "expanded": "The debate over whether marijuana should be a medical option has been ongoing for decades. Proponents argue that marijuana has been shown to effectively alleviate chronic pain, nausea, and inflammation, among other medicinal benefits. In fact, numerous studies have confirmed that THC, the primary psychoactive compound in marijuana, has potent analgesic and anti-inflammatory properties. Moreover, anecdotal evidence from millions of patients who have turned to marijuana as a last resort for treatment of their symptoms suggests that it has the potential to improve their quality of life.\n\nOn the other hand, opponents argue that marijuana is a Schedule I drug, meaning it has a high potential for abuse and no accepted medical use, as deemed by the federal government. They also cite concerns about the risks of addiction, impaired cognitive function, and potential long-term mental health effects.\n\nDespite these concerns, many states have chosen to legalize marijuana for medical use, and a growing body of evidence suggests that it can be a safe and effective treatment option for certain conditions. In 2016, the International Association for Cannabis as Medicine (IACM) published a comprehensive review of the evidence on cannabis as medicine, concluding that it has a \"significant therapeutic potential\" for a range of medical conditions.\n\nUltimately, whether marijuana should be a medical option is a complex issue that requires a careful consideration of the evidence, as well as the potential risks and benefits. While more research is needed to fully understand the effects of marijuana on human health, it is clear that it has the potential to be a valuable tool in the treatment of certain medical conditions. As such, it is reasonable to consider it a medical option for patients with certain symptoms, under the guidance of a healthcare professional."
    },
    "39": {
        "original": "Should the federal minimum wage be increased?",
        "expanded": "The debate over whether the federal minimum wage should be increased is a longstanding and complex issue, devoid of easy answers. On one hand, proponents of raising the minimum wage argue that it would greatly benefit low-income workers who have seen their purchasing power eroded over the past few decades due to inflation and stagnant wage growth. By increasing the minimum wage, these workers would be able to afford basic necessities and improve their living standards. Furthermore, a higher minimum wage could also help alleviate poverty and reduce the financial burden on social welfare programs, which would likely lead to long-term economic benefits.\n\nOn the other hand, opponents of raising the minimum wage argue that it would lead to job losses and reduced economic growth. The reasoning behind this viewpoint is that businesses would be forced to absorb the increased labor costs by either cutting employees' hours, laying them off, or increasing prices for goods and services. This could potentially lead to higher unemployment rates, particularly among low-skilled workers, and have a disproportionate impact on small businesses which might struggle to adjust to the new labor costs.\n\nHowever, a closer examination of the evidence suggests that the opposing fears may be overstated. Raising the minimum wage has been implemented in various cities and countries without disproportionately harming employment rates. For instance, Seattle's minimum wage hike in 2015 resulted in some small job losses, but a study showed that this was largely mitigated by other economic developments in the region. Moreover, many countries with higher minimum wages, such as Denmark and Sweden, have maintained low unemployment rates and strong economic growth.\n\nIn conclusion, while the decision to increase the federal minimum wage should consider the complexities of potential job losses and economic impact, the long-term benefits of a higher minimum wage appear to outweigh the costs. The case for a higher minimum wage is strengthened by the fact that the government has allowed corporations to take a larger share of productivity gains through tax cuts and investments, whereas workers have not seen equivalent gains. As the federal minimum wage has not kept pace with inflation or productivity since the 1970s, it is undeniable that a raise is necessary to ensure fair wages and fairness in the labor market."
    },
    "40": {
        "original": "Should the death penalty be allowed?",
        "expanded": "The debate surrounding the death penalty is a complex and multifaceted issue that has been a topic of discussion among politicians, lawyers, and the general public for centuries. Those who advocate for the death penalty argue that it serves as a deterrent to crime, providing a harsh punishment for the most severe crimes, such as murder and treason, and thereby protecting society from further harm. They also point to the Bible's teachings on an \"eye for an eye, a tooth for a tooth,\" suggesting that retribution is a just and righteous response to heinous crimes.\n\nOn the other hand, a significant number of people oppose the death penalty, citing the potential for wrongful convictions, racial bias in sentencing, and the inherent cruelty of state-sanctioned killing. They argue that life imprisonment serves as a more severe sentence, offering justice without morally equivalent to taking a life. Additionally, many point to studies that suggest that the death penalty has not been proven to be an effective deterrent, with states that impose capital punishment experiencing rates of violent crime that are no lower, and in some cases higher, than those that do without it.\n\nMoreover, with advances in forensic science and DNA testing, the likelihood of wrongful convictions is becoming increasingly minimized. Yet, instances of execution exonerating victims continue to occur, establishing concerns about the reliability of the justice system's ability to accurately determine guilt. The racial and socioeconomic disparities that lead to rogue sentences also underscore the subjective nature of justice, sparking controversy over whether it is fair to demand capital punishment from society while denying such punishment to some, largely affecting minority groups. This has led some to argue that the death penalty is an institutionally criticized functionality bound by error.\n\nUltimately, with ongoing concerns about the morality, fairness, and effectiveness of the death penalty, the decision on whether to disallow or permit the use of capital punishment in a judicial system must be based on precise ethical and anthropological analysis. Such a consideration will take into account a comprehensive assessment of arguments pro and against it, especially examining what option \u2013 life imprisonment or death penalty \u2013 equips justice and overall societal well-being by providing a fair, effective, and morally defensible way to enact justice, respond to victimized families, and participate effectively in the protection of society."
    },
    "41": {
        "original": "Should student loan debt be easier to discharge in bankruptcy?",
        "expanded": "For decades, student loan debt has plagued millions of individuals, limiting their financial freedom and independence. With the rising cost of higher education, the problem has become increasingly dire. Many argue that the current system, which makes it difficult to discharge student loan debt in bankruptcy, is overly harsh. These critics contend that the \"undue hardship\" standard required to discharge student loans is often too high, making it nearly impossible for struggling borrowers to wipe their debt slate clean.\n\nProponents of easing the discharge of student loan debt in bankruptcy assert that this would encourage lenders to be more responsible in their lending practices, and would help alleviate the financial burden on individuals who are simply unable to pay. They point out that other types of debt, such as credit card debt and medical bills, can often be discharged in bankruptcy, so why should student loans be treated differently? Furthermore, a more flexible approach to student loan discharge would allow individuals to start fresh, free from the crushing weight of debt that can hinder their financial stability.\n\nHowever, there are also arguments against making it easier to discharge student loan debt. Some argue that doing so would undermine the integrity of the federal student loan program, as it is designed to support the long-term education and career goals of students. They argue that relaxing the discharge rules would encourage students to take on more debt, knowing that they can easily have it discharged down the line. Others point out that many student loans are federal, which are insured by taxpayers, and that this would ultimately be a burden on the public fisc. They propose that a more nuanced approach would be to reform the student loan program itself, to make it easier to manage debt and more accessible to those who need it.\n\nUltimately, the question of whether student loan debt should be easier to discharge in bankruptcy is a complex and contentious issue. While there are valid arguments on both sides, it is clear that the current system is creating undue hardship for many individuals. A balanced approach that considers both the practical needs of borrowers and the long-term goals of the education system could be a more equitable solution."
    },
    "42": {
        "original": "Should fighting be allowed in hockey?",
        "expanded": "The debate surrounding the allowance of fighting in hockey has been a longstanding one, with proponents arguing that it serves as a means of self-preservation and protecting oneself, while opponents claim it is a brutal and unnecessary aspect of the sport. Those in favor of fighting argue that it allows players to defend themselves against bigger, more aggressive opponents, and that it adds an element of physicality and intensity to the game. Furthermore, some believe that fighting helps to maintain a level of respect among players, as opponents are less likely to take liberties on the ice if they know that they may face retribution.\n\nOn the other hand, those who oppose fighting argue that it is a dangerous and potentially devastating act that can lead to serious injury, concussion, and even long-term brain damage. They point to studies that have shown a direct link between fighting and increased risk of CTE, a degenerative brain disease common among former football players. Additionally, opponents of fighting argue that it is not an effective means of discipline, as players often engage in fighting regardless of whether they have been checked or knocked off their feet, and that it can lead to a culture of violence and retaliation on the ice.\n\nIn conclusion, the decision to allow or ban fighting in hockey is complex and multifaceted. While fighting may have its benefits, such as providing an outlet for physicality and defending oneself, it also poses significant risks to player safety and well-being. A balance must be struck, perhaps through the implementation of strict guidelines and regulations surrounding fighting, to ensure that the physicality and intensity of the game are maintained while prioritizing the well-being of the players."
    },
    "43": {
        "original": "Should bottled water be banned?",
        "expanded": "The debate about whether bottled water should be banned has been ongoing for several years. On one hand, proponents argue that the environmental impact of plastic bottles is unsustainable and poses a significant threat to the planet. The production and transportation of bottled water require massive amounts of energy, leading to greenhouse gas emissions and resource depletion. Moreover, plastic bottles do not biodegrade and instead contribute to the growing problem of plastic waste, with millions of tons of plastic ending up in our oceans and landfills each year.\n\nOn the other hand, opponents argue that banning bottled water would negatively impact public health and convenience. Bottled water is a convenient and accessible source of hydration for many people, particularly in areas with poor tap water quality or limited access to clean drinking water. Additionally, the bottled water industry provides employment opportunities and economic benefits for many communities.\n\nA more effective approach might be to implement regulations and incentives that encourage the switch to sustainable packaging options and better practices throughout the entire supply chain. Governments and companies could implement refillable bottle schemes, improve recycling infrastructure, and promote education and awareness about the importance of reducing plastic waste. Individuals can also make a difference by reducing their own consumption of bottled water, carrying reusable water bottles, and supporting companies that prioritize sustainability.\n\nUltimately, banning bottled water may not be the most practical or effective solution. Instead, a holistic approach that addresses the complex issues surrounding bottled water and promotes sustainability through multiple channels is likely to be a more successful way to reduce plastic waste and protect the environment."
    },
    "44": {
        "original": "Should election day be a national holiday?",
        "expanded": "Election Day, the day when citizens exercise their right to choose their leaders, can be a significant event in a nation's democratic process. One argument in favor of making Election Day a national holiday is that it would increase voter turnout. When Christmas Day and Thanksgiving are national holidays, more people have the opportunity to spend quality time with family and friends, but what about those who wish to spend their free day exercising their civic duty? By declaring Election Day a national holiday, more people would likely take the time to vote, which could lead to a more representative government that accurately reflects the will of the population.\n\nOn the other hand, declaring Election Day a national holiday would come with economic costs. Large businesses may have to close, which would result in lost revenue. However, in a more civic-minded approach, many businesses have deemed Election Day a day off for their employees, closing shop to allow staff to exercise their citizenship. Small businesses and non-profit organizations could also choose to participate, even if no official holiday is declared.\n\nMoreover, polls have shown that voting is an important civic duty for many citizens. By making Election Day a national holiday, voting could become more accessible and less intimidating, especially for first-time voters and those from underrepresented groups. It could also encourage greater participation in the electoral process, particularly in areas with traditionally low voter turnout.\n\nIn conclusion, although there may be some economic drawbacks, declaring Election Day a national holiday comes with significant benefits, primarily a higher voter turnout and a more accurate reflection of the populace's views."
    },
    "45": {
        "original": "Should the penny stay in circulation?",
        "expanded": "The penny, one of the original denominations of United States currency, has been a part of everyday transactions for over two centuries. Despite its long history, the penny's continued circulation is a topic of debate among economists, politicians, and the general public. Some argue that the penny's copper content outweighs its value, making it a waste to produce and maintain in circulation. They propose that abolishing the penny would save the government millions of dollars annually on production and distribution. On the other hand, supporters of the penny argue that its rhetorical value is still significant, serving as a tangible representation of the dollar's purchasing power and providing a tangible medium for small transactions. They also point out that monetary savings from removing the penny would not necessarily trickle down to the consumer, as businesses and organizations would simply pass on the costs elsewhere. Furthermore, there is also the concern that removing the penny would lead to price rounding, resulting in higher prices for consumers. Ultimately, the decision of whether to eliminate the penny hinges on weighing the costs and benefits, with no clear conclusion in sight."
    },
    "46": {
        "original": "Should net neutrality be restored?",
        "expanded": "The debate over net neutrality has been a contentious issue in recent years, with proponents on both sides presenting compelling arguments. On one hand, those in favor of restoring net neutrality cite the importance of a free and open internet, where all websites and online content are treated equally, regardless of their size or source. They argue that without net neutrality, larger companies with more resources will be able to pay for faster loading speeds and more prominent placement on the internet, leaving smaller websites and independent content creators at a disadvantage.\n\nThis, they argue, would stifle innovation and limit the ability for new ideas and perspectives to emerge online. In addition, net neutrality ensures that internet service providers (ISPs) cannot manipulate the content we access and the way we access it, maintaining the integrity of the internet as a platform for free expression and access to information.\n\nOn the other hand, advocates for deregulation argue that the current rules stifling the growth and innovation of the internet, as they constrain ISPs' ability to manage their networks and invest in new technologies to improve services. They claim that the costs of complying with net neutrality regulations are passed on to consumers in the form of slower speeds and higher prices. Furthermore, they argue that by lifting the rules, ISPs will be incentivized to invest in infrastructure development and improve their services, promoting better connectivity and higher-quality online experiences.\n\nHowever, restoring net neutrality can also be seen as a vital safeguard against the undue influence of large corporations in shaping internet access and content. History has shown that the absence of regulations often leads to the concentration of market power, with behemoths exploit consumer data, limit choice, and exclude smaller competitors. Without net neutrality, smaller websites and content providers would be exposed to these pitfalls, significantly limiting their ability to reach audiences and participate in online conversations.\n\nDespite the complexities of this issue, many argue that restoring net neutrality is essential to ensure that the internet remains a public resource where information can flow freely and all voices are heard. Given the potential risks associated with abandoning the principle that the internet is a free and open space for all, it appears that reimposing net neutrality regulations is the more viable option for preserving a fair and accessible digital landscape."
    },
    "47": {
        "original": "Is homework beneficial?",
        "expanded": "The debate surrounding the value of homework has been ongoing for decades, with some educators and parents arguing that it is essential for academic success, while others claim it is a pointless exercise in frustration. On one hand, homework can be beneficial for students in several ways. Firstly, it helps to reinforce learning concepts and reinforce understanding of new ideas. When students are given tasks to complete at home, they are forced to apply what they have learned in the classroom to real-world scenarios, thereby solidifying their knowledge in their minds. This repetition can also help to improve their problem-solving skills, as they are required to analyze and think critically about the material.\n\nFurthermore, homework can also help to develop time management and organization skills, essential for students as they progress to higher levels of education. Assigning homework ensures that students learn to prioritize tasks, allocate time effectively, and manage their work-life balance, all of which are valuable skills that will benefit them in the long run.\n\nAdditionally, homework can promote independent learning and self-discipline in students. By requiring them to complete tasks without direct supervision, teachers can assess a student's ability to work independently and take responsibility for their own learning. This confidence and autonomy can carry over into other areas of their life, instilling a strong work ethic and a sense of self-motivation.\n\nHowever, it is also worth noting that excessive homework can have detrimental effects on students. Prolonged periods of homework can lead to burnout, stress, and decreased motivation, particularly for students who may already struggle with academic work. Parents and educators must strike a balance between providing adequate practice opportunities and not overloading students with too much work. Ultimately, the value of homework lies in its relevance and effectiveness in supporting student learning. If done correctly, homework can be a valuable teaching tool that enhances student understanding, but if done incorrectly, it can be a source of frustration and stress.\n\nDespite these potential benefits, a growing body of research suggests that homework may have limited or no impact on student achievement, particularly for younger students. Some studies have found that the relationship between homework and academic success is weak or nonexistent, and that extracurricular activities and class time can be just as effective in improving student learning. This has led some educators to re-examine the role of homework in modern education, and to consider alternative approaches that focus on more engaging and interactive learning experiences.\n\nIn conclusion, homework can be beneficial for students when used judiciously and with a clear understanding of its purpose. It can reinforce learning, develop essential skills, and promote independent learning. However, it is equally crucial to recognize the potential drawbacks of excessive homework and to avoid overwhelming students with too much work. By striking a balance between homework and other learning activities, parents and educators can help students achieve a richer and more effective learning experience."
    },
    "48": {
        "original": "Should the voting age be lowered?",
        "expanded": "The idea of lowering the voting age has been debated among political leaders and citizens alike. Proponents of lowering the voting age argue that 18-year-olds are already considered adults and should have the right to participate in the democratic process. They argue that by doing so, it would encourage more young people to take an active interest in politics and increase civic engagement. Furthermore, lowering the voting age would ensure that the perspectives of young people are represented in government, allowing for a more diverse and inclusive representation.\n\nOn the other hand, opponents of lowering the voting age argue that 16- and 17-year-olds are still developing their critical thinking skills and may not have the necessary emotional maturity to make informed decisions at the ballot box. They also argue that young people may be more susceptible to manipulation and persuasion by political Parties and special interest groups, which could lead to uninformed voting.\n\nWhile there are valid arguments on both sides, it is crucial to consider the potential benefits of lowering the voting age, such as increased civic engagement and more diverse representation. However, it is equally important to consider the potential drawbacks, such as the vulnerability of young people to manipulation and the potential for uninformed voting. Ultimately, the decision to lower the voting age should be based on a thorough understanding of the potential consequences and a balance between the desire to promote civic engagement and the need to ensure informed decision-making."
    },
    "49": {
        "original": "Should body cameras be mandatory for police?",
        "expanded": "The debate surrounding the use of body cameras by law enforcement officers has been ongoing for several years, with some arguing that they should be mandatory for all police officers. Proponents of mandatory body cameras claim that they can increase transparency and accountability within police departments, as well as reduce the risk of allegations of police misconduct. Body cameras can record interactions between officers and the public, providing a clear and unbiased account of what occurred during a particular incident. This can be invaluable in determining the truth of a situation and ensuring that officers are held accountable for their actions.\n\nOn the other hand, some argue that mandatory body cameras could have unintended consequences, such as creating a culture of fear among officers who may feel that they are being overly scrutinized. Additionally, the cost of equipping all police departments with body cameras could be prohibitively expensive, and the technology itself may require significant resources to maintain and update.\n\nIt is also worth noting that some police departments have already implemented the use of body cameras on a voluntary basis, with positive results. In cities such as Ferguson, Missouri, and Chicago, Illinois, police departments have reported a significant decrease in complaints and use-of-force incidents after the implementation of body cameras.\n\nIn conclusion, while there are valid arguments on both sides of the debate, the potential benefits of mandatory body cameras for police officers, including increased transparency and accountability, make it a worthwhile consideration for law enforcement agencies to adopt."
    },
    "50": {
        "original": "Should everyone get a universal basic income?",
        "expanded": "The idea of a universal basic income (UBI) has gained significant attention in recent years due to its potential to provide a safety net for individuals and alleviate poverty. Proponents argue that a UBI would enable people to live decently without relying solely on employment and provide a cushion against economic shocks such as job loss or illness. \n\nOn the other hand, critics point out that a UBI would be expensive, inefficient, and may deter people from working. They also argue that a more targeted approach, like welfare programs, could be more effective in addressing poverty. \n\nHowever, as automation and artificial intelligence continue to displace jobs, the likelihood of widespread unemployment increases, making the UBI more necessary. Income inequality has also become a pressing issue, and some argue that a UBI could help bridge the wealth gap. Moreover, personal and financial independence can have benefits for mental health and happiness. \n\nIn conclusion, while there are legitimate concerns about the feasibility and efficacy of a universal basic income, exploring the concept is essential in providing a social safety net and promoting economic stability."
    }
}