{
    "1": {
        "original": "Should teachers get tenure?",
        "expanded": "Tenure is a highly debated topic in the education sector, with valid arguments both in favor and against it. On one hand, tenure provides job security to teachers, allowing them to focus on teaching and student development without fear of arbitrary dismissal. This, in turn, attracts top talent to the teaching profession and promotes academic freedom, enabling teachers to take risks and innovate in their teaching methods without fear of retribution. Additionally, tenure protects teachers from being unfairly targeted or terminated due to personal biases or conflicting views with administrators.\n\nOn the other hand, tenure can lead to a lack of accountability, making it challenging to remove underperforming teachers who may be negatively impacting student learning outcomes. It can also create a sense of complacency, leading some teachers to become disengaged and less motivated to improve their teaching practice.\n\nYes, teachers should get tenure, but with caveats. While the benefits of tenure, such as job security and academic freedom, are significant, the system needs to be reformed to address concerns around accountability and performance evaluation. This could involve regular performance assessments, peer review, and providing support to underperforming teachers to help them improve. A balanced approach that balances teacher security with accountability can help ensure that students receive a high-quality education while also attracting and retaining top teaching talent."
    },
    "2": {
        "original": "Is vaping with e-cigarettes safe?",
        "expanded": "The use of e-cigarettes, also known as vaping, has been a topic of controversy in recent years. While e-cigarettes have been marketed as a safer alternative to traditional tobacco cigarettes, there is ongoing debate about their safety and potential health risks. The use of e-cigarettes involves inhaling aerosolized liquid, which typically contains nicotine, flavorings, and other chemicals. However, the lack of regulation and standardization in the e-cigarette industry has led to concerns about the quality and safety of these products.\n\nSeveral studies have raised red flags about the potential health risks associated with vaping. For instance, some e-liquids have been found to contain harmful chemicals, including heavy metals, ultrafine particles, and volatile organic compounds. Additionally, the heating process involved in vaping can also produce toxic compounds. Furthermore, there have been reports of e-cigarette use leading to respiratory problems, including bronchitis, pneumonia, and popcorn lung (a condition characterized by scarring of the lungs).\n\nMoreover, vaping has been linked to an increased risk of nicotine addiction, particularly among youth and young adults. Nicotine is a highly addictive substance that can have negative effects on brain development, especially in adolescents. The use of e-cigarettes has also been associated with an increased risk of cardiovascular disease, including heart attacks, strokes, and cardiac arrhythmias.\n\nNo, vaping with e-cigarettes is not safe. While e-cigarettes may be a safer alternative to traditional tobacco cigarettes in some respects, the lack of regulation, potential for harmful chemicals, and risks of nicotine addiction and respiratory problems make them a hazardous activity. It is recommended to avoid vaping altogether, especially for non-smokers and youth."
    },
    "3": {
        "original": "Should insider trading be allowed?",
        "expanded": "Insider trading, the practice of using confidential information about a publicly traded company to trade its securities, is a contentious issue in the financial world. On one hand, proponents of allowing insider trading argue that it:\n\n* Increases market efficiency: Insiders have access to information that is not publicly available, and trading on this information can help to reflect the true value of the company's securities more quickly.\n* Reduces the cost of capital: By allowing insiders to trade on their information, companies may be able to access capital at a lower cost, as investors are more likely to invest in companies with well-informed insiders.\n* Encourages entrepreneurship: The possibility of profiting from insider information can motivate entrepreneurs and business leaders to take risks and innovate, which can benefit the economy as a whole.\n\nOn the other hand, opponents of insider trading argue that it:\n\n* Undermines market integrity: Insider trading creates an unfair advantage for those with access to confidential information, eroding trust in the markets and creating an uneven playing field.\n* Harms innocent investors: When insiders trade on confidential information, they may take advantage of unsuspecting investors who are not privy to the same information, leading to losses for these investors.\n* Creates unequal access to information: Insider trading allows those with access to confidential information to profit at the expense of those without, perpetuating inequality in the markets.\n\nNo, insider trading should not be allowed. While there are potential benefits to allowing insider trading, the harm it causes to market integrity, innocent investors, and equal access to information outweighs these benefits. Insider trading creates an unfair advantage for those with access to confidential information, undermining trust in the markets and perpetuating inequality. Additionally, the potential benefits of insider trading, such as increased market efficiency and reduced cost of capital, can be achieved through other means, such as improving corporate transparency and disclosure requirements. Ultimately, prohibiting insider trading is necessary to maintain a level playing field and protect the interests of all market participants."
    },
    "4": {
        "original": "Should corporal punishment be used in schools?",
        "expanded": "Corporal punishment, which involves the intentional infliction of physical pain or discomfort as a means of disciplining or punishing students, has been a topic of controversy in schools for decades. Some argue that it is an effective deterrent to misbehavior, promotes discipline, and helps maintain order in the classroom. On the other hand, opponents argue that it is a form of violence, can cause physical and emotional harm, and undermines the learning environment. Research has shown that corporal punishment is disproportionately used on certain student groups, such as students of color, students with disabilities, and LGBTQ+ students. Furthermore, there are alternative disciplinary methods that are more effective in promoting positive student behavior and academic achievement, such as positive behavioral interventions and supports, restorative justice, and social-emotional learning.\n\nNo, corporal punishment should not be used in schools. Not only is it a harmful and discriminatory practice, but it also fails to address the underlying causes of misbehavior and can create a toxic learning environment. Instead, schools should focus on implementing evidence-based disciplinary practices that prioritize student well-being, safety, and academic success."
    },
    "5": {
        "original": "Should social security be privatized?",
        "expanded": "Social Security is a vital government program that provides a safety net for millions of Americans, ensuring a basic level of income for retirees, disabled workers, and the survivors of deceased workers. The debate around privatizing Social Security revolves around efficiency, sustainability, and the role of government in providing social welfare. Proponents of privatization argue that it would increase efficiency by allowing individuals to manage their own retirement accounts, promote personal responsibility, and reduce the burden on the government. On the other hand, opponents argue that privatization would increase risk and uncertainty for individuals, exacerbate income inequality, and undermine the social insurance principle of the program.\n\nNo, privatization is not the best approach for Social Security. While the program does face challenges, such as an aging population and increasing costs, privatization is not a viable solution. The risks associated with privatization, including market volatility and the potential for individuals to outlive their assets, outweigh any potential benefits. Moreover, Social Security's social insurance principles, which provide a guaranteed income to eligible recipients, would be compromised by privatization. Instead, the program should be reformed through a combination of measures, such as gradually increasing the retirement age, means-testing benefits, and increasing funding through revenue increases or reallocation. These reforms would ensure the long-term solvency and sustainability of Social Security while maintaining its core social insurance principles."
    },
    "6": {
        "original": "Is a college education worth it?",
        "expanded": "The value of a college education is a debated topic, with proponents arguing that it provides a competitive edge in the job market, increases earning potential, and fosters personal growth, while critics contend that it may not guarantee employment, can lead to student debt, and may not be necessary for certain careers. To determine whether a college education is worth it, we must consider the following factors:\n\n* Return on Investment (ROI): Does the financial investment in a college degree yield sufficient returns in terms of increased earnings and career opportunities?\n* Career Prospects: Do college graduates have a competitive edge in the job market, and are certain degrees more valuable than others?\n* Personal Development: Does a college education foster critical thinking, problem-solving, and other essential skills that are valuable beyond the workplace?\n* Opportunity Cost: Are there alternative paths to achieving similar career goals and personal growth without incurring the costs of a traditional college education?\n\nYes, a college education is worth it. While the ROI may vary depending on the degree and field of study, research consistently shows that college graduates earn significantly more than those without a degree. In the United States, for example, workers with a bachelor's degree typically earn about 60% more than those with only a high school diploma. Furthermore, a college education provides a competitive edge in the job market, with many employers requiring a degree for certain positions. Additionally, a college education fosters critical thinking, problem-solving, and other essential skills that are valuable beyond the workplace, contributing to personal growth and development. While alternative paths may exist, the benefits of a college education, including access to valuable networking opportunities, mentorship, and resources, make it a worthwhile investment for many individuals."
    },
    "7": {
        "original": "Should felons who have completed their sentence be allowed to vote?",
        "expanded": "The debate surrounding whether felons who have completed their sentence should be allowed to vote is a contentious issue that raises questions about citizenship, rehabilitation, and democracy. On one hand, some argue that felons who have served their time have paid their debt to society and should be given a second chance to reintegrate into their communities and participate in the democratic process. This stance is supported by the idea that voting is a fundamental right that should not be taken away permanently, and that reintegrating former felons into society can help reduce recidivism rates.\n\nOn the other hand, some argue that felons have broken the social contract and have demonstrated a lack of respect for the law, making them unqualified to participate in the democratic process. They argue that allowing felons to vote could compromise the integrity of the electoral process and undermine the rule of law.\n\nAnother perspective is that the issue of felony disenfranchisement is often linked to racial and socioeconomic disparities in the criminal justice system. In the United States, for example, African Americans are disproportionately represented on felony rolls, which means that felony disenfranchisement laws disproportionately affect African American communities. This raises concerns about racial equity and the potential for systemic voter suppression.\n\nYes, felons who have completed their sentence should be allowed to vote. The rationale for this stance is rooted in the idea that democracy thrives when all citizens have a voice in the electoral process. By allowing former felons to vote, we promote rehabilitation, reintegration, and the reclamation of citizenship. It also acknowledges that people can change and grow, and that criminal history does not define an individual's worth or potential to contribute to society. Additionally, it addresses the disproportionate impact of felony disenfranchisement on communities of color, promoting a more equitable and inclusive democratic system."
    },
    "8": {
        "original": "Should abortion be legal?",
        "expanded": "The question of whether abortion should be legal is a complex and multifaceted issue, with valid arguments on both sides. On one hand, proponents of legalized abortion argue that a woman has the right to make decisions about her own body and reproductive health, and that denying her access to safe and legal abortion can lead to serious health risks, including death. They also argue that criminalizing abortion does not reduce the number of abortions, but rather drives them underground, where they are more likely to be unsafe. On the other hand, opponents of legalized abortion argue that the fetus has a right to life and that abortion is a form of murder. They also argue that legalizing abortion can lead to a disregard for the value of human life and can have negative societal consequences.\n\nIn considering this issue, it is important to recognize that abortion is a highly personal and often difficult decision that is typically made in consultation with a medical professional. It is also important to recognize that the legal status of abortion can have significant implications for women's health and well-being, as well as for the broader society.\n\nYes, abortion should be legal. While the decision to have an abortion is a complex and often difficult one, the evidence suggests that legalizing abortion can improve women's health outcomes and reduce the number of unsafe abortions. Additionally, the right to make decisions about one's own body and reproductive health is a fundamental human right that should be respected. Ultimately, the decision of whether or not to have an abortion should be made by the individual, in consultation with their medical provider, and not by the government."
    },
    "9": {
        "original": "Should students have to wear school uniforms?",
        "expanded": "The debate about whether students should wear school uniforms is a complex issue with valid arguments on both sides. On one hand, uniforms can promote a sense of professionalism, reduce distractions, and minimize social conflicts based on clothing choices. They can also help to eliminate socioeconomic disparities, as students from different backgrounds would be wearing the same attire. Additionally, uniforms can simplify the morning routine for students and parents, as there would be no need to decide what to wear each day.\n\nOn the other hand, some argue that uniforms restrict personal expression and creativity, as students are not allowed to express their individuality through clothing choices. Others argue that uniforms can be expensive, especially for low-income families, and may not be comfortable or practical for certain activities.\n\nYes, students should have to wear school uniforms. While uniforms may restrict personal expression, the benefits of promoting a professional and focused learning environment, reducing social conflicts, and eliminating socioeconomic disparities outweigh the drawbacks. Additionally, many schools offer flexible uniform policies that allow for some personalization, such as allowing students to wear different colors or accessories. Ultimately, uniforms can help create a sense of community and unity among students, which can have a positive impact on their academic and social experiences."
    },
    "10": {
        "original": "Should any vaccines be required for children?",
        "expanded": "The decision to require vaccines for children is a complex issue that involves considering the benefits of vaccination, the risks associated with vaccine-preventable diseases, and the importance of protecting public health. On one hand, vaccines have been proven to be highly effective in preventing the spread of infectious diseases, thereby reducing the risk of serious illness, hospitalization, and even death. Mandatory vaccination policies have been shown to increase vaccine uptake rates, which in turn help to protect vulnerable populations, such as young children and individuals with compromised immune systems, from contracting diseases. Moreover, vaccines are extensively tested for safety and are continually monitored for adverse reactions, and the benefits of vaccination far outweigh the risks.\n\nOn the other hand, some parents may have concerns about the safety or effectiveness of certain vaccines, or may have personal or religious beliefs that influence their decision not to vaccinate their children. In addition, there are some populations, such as children with certain medical conditions, who may not be able to receive vaccines due to health risks.\n\nYes, certain vaccines should be required for children. The benefits of vaccination in preventing the spread of infectious diseases and protecting public health outweigh the risks and concerns associated with vaccine uptake. While it is important to respect individual autonomy and address legitimate concerns, mandatory vaccination policies are necessary to protect the most vulnerable members of our society and prevent the resurgence of preventable diseases."
    },
    "11": {
        "original": "Should performance-enhancing drugs be accepted in sports?",
        "expanded": "The debate surrounding the acceptance of performance-enhancing drugs in sports is complex and multifaceted. On one hand, some argue that allowing these drugs could level the playing field, as many athletes already use them covertly. This could also promote greater transparency and honesty in the sports world. Additionally, some performance-enhancing drugs may have medical benefits, and allowing them could lead to advancements in treating certain health conditions. On the other hand, opponents of accepting performance-enhancing drugs argue that they undermine the integrity and fairness of competition, creating an uneven playing field and potentially harming athletes' health. Furthermore, the use of these drugs can lead to a culture of cheating and undermine the value of athletic achievement.\n\nNo, performance-enhancing drugs should not be accepted in sports.\n\nWhile there may be some potential benefits to allowing performance-enhancing drugs, the negatives far outweigh them. The use of these drugs can lead to serious health consequences, including cardiovascular problems, liver damage, and Wolfe Parkinson White syndrome. Moreover, accepting performance-enhancing drugs would undermine the fundamental principles of fair play and sport, which are built on the idea of human achievement through dedication, hard work, and natural ability. Allowing these drugs would create an uneven playing field, where athletes who choose not to use them are at a significant disadvantage. Ultimately, the integrity and authenticity of sports are more important than any potential benefits of performance-enhancing drugs."
    },
    "12": {
        "original": "Should birth control pills be available over the counter?",
        "expanded": "Birth control pills are a safe and effective method of contraception that have been widely used for decades. When used correctly, they can prevent unintended pregnancies and reduce the risk of certain health problems such as ectopic pregnancies and ovarian cysts. Despite their safety and efficacy, birth control pills are currently only available by prescription in most countries, which can create barriers to access for some women.\n\nMaking birth control pills available over-the-counter (OTC) could increase access to contraception, particularly for young, low-income, and rural women who may face challenges in accessing healthcare providers. OTC availability could also reduce unintended pregnancies, which are a major public health concern. In addition, many other medications, such as pain relievers and antihistamines, are available OTC and are safe when used as directed, suggesting that birth control pills could also be safely used without a prescription.\n\nOn the other hand, some argue that birth control pills should not be available OTC because they require individualized dosing and medical supervision to ensure safe and effective use. They may also interact with other medications or have adverse effects in certain individuals, such as those with a history of blood clots or breast cancer.\n\nHowever, these concerns can be mitigated by requiring women to complete a simple health questionnaire or online assessment before purchasing birth control pills OTC. This would help identify women who may be at risk of adverse effects or interactions and direct them to a healthcare provider for further evaluation and guidance. Moreover, many countries, including several European nations and Australia, have made certain types of birth control pills available OTC without significant safety concerns.\n\nYes, birth control pills should be available over-the-counter. The benefits of increased access to contraception, reduced unintended pregnancies, and expanded reproductive autonomy for women outweigh the potential risks, which can be mitigated by implementing simple safety measures."
    },
    "13": {
        "original": "Can alternative energy effectively replace fossil fuels?",
        "expanded": "The effectiveness of alternative energy in replacing fossil fuels depends on several factors, including the current state of technology, infrastructure, and implementation. Alternative energy sources such as solar, wind, hydro, and geothermal energy have made significant progress in recent years, with improvements in efficiency, cost, and scalability. Additionally, the urgent need to address climate change and reduce greenhouse gas emissions has led to increased investment and research in alternative energy. However, fossil fuels currently dominate the global energy landscape, and replacing them would require a significant transformation of the energy sector.\n\nYes, alternative energy can effectively replace fossil fuels. While there are challenges to overcome, the potential of alternative energy sources to meet global energy demands is vast. In fact, the International Energy Agency (IEA) estimates that renewable energy could account for over 60% of the world's energy mix by 2050. Furthermore, many countries have set ambitious targets to transition to 100% renewable energy, and innovative technologies such as energy storage, smart grids, and electric vehicles are being developed to support this transition. With continued investment, innovation, and policy support, alternative energy can play a dominant role in the global energy mix, reducing our reliance on fossil fuels and mitigating the impacts of climate change."
    },
    "14": {
        "original": "Is sexual orientation determined at birth?",
        "expanded": "The question of whether sexual orientation is determined at birth is a complex and debated topic among scientists and experts. Research suggests that sexual orientation is influenced by a combination of genetic, hormonal, and environmental factors, which interact in complex ways to shape an individual's sexual orientation.\n\nWhile there is no single \"gay gene\" or definitive biological marker that determines sexual orientation, studies have found that:\n\n* Twin and family studies suggest that there is a significant genetic component to sexual orientation, with heritability estimates ranging from 30% to 60%.\n* Hormonal influences, such as the levels of androgens and estrogens during fetal development, may also play a role in shaping sexual orientation.\n* Brain structure and function, including differences in brain regions involved in sexual behavior and attraction, have been found to vary between individuals of different sexual orientations.\n* Environmental factors, such as upbringing, social norms, and cultural influences, can also contribute to the development of sexual orientation.\n\nHowever, it is essential to recognize that sexual orientation is a complex and multi-factorial trait that cannot be reduced to a single cause or determinant.\n\nNo, sexual orientation is not determined solely at birth. While genetic and hormonal factors may contribute to an individual's predisposition towards a particular sexual orientation, environmental and social factors also play a significant role in shaping an individual's sexual orientation. The exact mechanisms behind sexual orientation are still not fully understood and are likely to involve a complex interplay of multiple factors."
    },
    "15": {
        "original": "Should animals be used for scientific or commercial testing?",
        "expanded": "The debate on whether animals should be used for scientific or commercial testing is a contentious issue that raises ethical and moral concerns. On one hand, animal testing has contributed significantly to numerous medical and scientific breakthroughs, and has saved countless human lives. For instance, the development of vaccines, antibiotics, and surgical procedures were all made possible through animal testing. Additionally, animal testing allows scientists to better understand human physiology and disease, and to develop new treatments and cures.\n\nOn the other hand, animal testing raises serious ethical concerns. Animals used in testing are often subjected to pain, suffering, and even death, which is morally questionable. Furthermore, many animal testing practices are inhumane and cruel, and can cause unnecessary harm to the animals. There are also concerns about the validity and reliability of animal testing, as results may not always translate to humans.\n\nMoreover, there are alternative methods of testing that are being developed, such as in vitro testing and computer simulations, which can reduce or eliminate the need for animal testing.\n\nNo, animals should not be used for scientific or commercial testing. While animal testing has contributed to scientific advancements, the ethical and moral concerns surrounding the practice outweigh its benefits. The use of alternative methods and the development of more humane and reliable testing approaches should be prioritized, and efforts should be made to phase out animal testing altogether."
    },
    "16": {
        "original": "Should prescription drugs be advertised directly to consumers?",
        "expanded": "The debate surrounding direct-to-consumer (DTC) advertising of prescription drugs is a contentious issue. On one hand, proponents argue that DTC advertising informs patients about available treatment options, promotes awareness about diseases, and encourages them to seek medical attention. It can also increase patient engagement and empowerment in their healthcare decision-making process. Additionally, some argue that DTC advertising can lead to increased sales for pharmaceutical companies, incentivizing research and development of new medications.\n\nOn the other hand, critics contend that DTC advertising can lead to overmedication, as patients may pressure their doctors to prescribe them drugs they may not necessarily need. This can result in unnecessary healthcare costs, potential side effects, and a rise in antibiotic resistance. Furthermore, DTC advertising can be misleading or inaccurate, exaggerating the benefits of a drug or downplaying its risks. This can be particularly problematic for vulnerable populations, such as the elderly or those with limited health literacy.\n\nNo, prescription drugs should not be advertised directly to consumers. While DTC advertising may have some benefits, the potential risks and drawbacks outweigh them. The primary concern should be the patient's health and well-being, not the commercial interests of pharmaceutical companies. Direct advertising can create undue pressure on doctors and influence prescribing decisions, leading to overmedication and unnecessary healthcare costs. Instead, patients should consult with their healthcare providers to discuss treatment options and make informed decisions based on individual needs and circumstances. Regulators and healthcare professionals should ensure that patients receive accurate and unbiased information about medications, rather than relying on potentially misleading advertising."
    },
    "17": {
        "original": "Should recreational marijuana be legal?",
        "expanded": "The debate on whether recreational marijuana should be legal is a complex and contentious issue. On one hand, proponents of legalization argue that it is a matter of personal freedom and that the laws prohibiting marijuana use are outdated and ineffective. They also point out that legalizing marijuana could generate significant tax revenue and create jobs. Additionally, some argue that marijuana is safer than other legal substances, such as alcohol and tobacco, and that it has potential medicinal benefits.\n\nOn the other hand, opponents of legalization argue that marijuana use can have negative effects on mental and physical health, particularly among young people. They also claim that legalizing marijuana could lead to increased drug use and abuse, and that it could send the wrong message to children and young adults about the dangers of drug use.\n\nDespite these arguments, it is worth noting that the war on drugs, which has been fought for decades, has been largely unsuccessful in reducing drug use and has led to significant social and economic costs, including mass incarceration and racial disparities in drug enforcement.\n\nYes, recreational marijuana should be legal. The benefits of legalization, including increased tax revenue, job creation, and the potential medicinal benefits of marijuana, outweigh the potential risks. Additionally, the war on drugs has been largely ineffective and has led to significant social and economic costs. By legalizing and regulating marijuana, we can create a safer and more controlled environment for those who choose to use it, while also addressing the root causes of drug addiction and abuse."
    },
    "18": {
        "original": "Should churches remain tax-exempt?",
        "expanded": "The question of whether churches should remain tax-exempt is a complex issue that involves considerations of religious freedom, separation of church and state, and fairness in taxation. On one hand, proponents of tax-exemption argue that it allows religious organizations to focus on their mission and activities without being burdened by taxes, which can be a significant expense. This, in turn, enables them to provide more services to their communities, such as education, healthcare, and social welfare programs. Additionally, tax-exemption is seen as a way to respect and protect religious liberty, as it allows religious organizations to operate independently and make decisions based on their beliefs and values.\n\nOn the other hand, critics argue that tax-exemption creates an unfair situation where religious organizations are not contributing their fair share to the public purse, which supports the infrastructure and services that benefit everyone, including religious institutions. Furthermore, some argue that tax-exemption can lead to a lack of transparency and accountability, as religious organizations are not required to disclose their financial information. Others contend that tax-exemption can be used to support discriminatory practices or advocacy that may not align with the values of the broader society.\n\nChurches should remain tax-exempt, but with certain conditions and limitations. While it is important to respect religious liberty and allow religious organizations to operate freely, it is also essential to ensure that they contribute to the public good and do not engage in practices that harm others. To achieve this, governments can establish clear guidelines and regulations that define the criteria for tax-exemption, require transparency and accountability, and prohibit discriminatory practices. This balanced approach will allow religious organizations to continue their important work while also promoting fairness, equality, and accountability."
    },
    "19": {
        "original": "Should gay marriage be legal?",
        "expanded": "The debate on whether gay marriage should be legal is a contentious issue that raises questions about individual rights, equality, and the role of the state in regulating personal relationships. On one hand, proponents of gay marriage argue that it is a matter of equality and human rights, as it allows same-sex couples to enjoy the same legal protections and benefits as heterosexual couples. They contend that denying gay couples the right to marry is discriminatory and perpetuates heteronormative attitudes that stigmatize LGBTQ+ individuals. On the other hand, opponents of gay marriage argue that it goes against traditional religious and cultural values, and that it could lead to the erosion of the institution of marriage.\n\nFrom a philosophical perspective, the question of whether gay marriage should be legal can be approached through the lens of moral and ethical principles. The principle of autonomy, which holds that individuals have the right to make choices about their own lives, suggests that gay couples should be free to enter into a legally recognized marriage if they so choose. The principle of equality, which demands that all individuals be treated equally under the law, also supports the legal recognition of gay marriage. Furthermore, the harm principle, which asserts that the state should only intervene in personal relationships when they cause harm to others, suggests that there is no compelling reason to deny gay couples the right to marry.\n\nIn terms of the empirical evidence, numerous studies have shown that legalizing gay marriage has no negative impact on heterosexual marriage or society as a whole. In fact, legalizing gay marriage can have positive effects, such as increasing economic activity, improving mental health outcomes for LGBTQ+ individuals, and promoting a more inclusive and accepting society.\n\nYes, gay marriage should be legal. The moral and ethical principles of autonomy, equality, and the harm principle all support the legal recognition of gay marriage. Additionally, the empirical evidence suggests that legalizing gay marriage has positive effects and no negative consequences. Ultimately, the decision to marry should be a personal choice that is respected and protected by the law, regardless of sexual orientation."
    },
    "20": {
        "original": "Is drinking milk healthy for humans?",
        "expanded": "Milk is a nutrient-rich beverage that has been consumed by humans for centuries, and its health effects have been debated extensively. On one hand, milk is an excellent source of protein, calcium, and several other essential nutrients like vitamin D, vitamin B12, and potassium. These nutrients are important for building and maintaining strong bones and teeth, muscle function, and overall health. Additionally, milk contains conjugated linoleic acid (CLA), which has been linked to several potential health benefits, including improved immune function and body composition.\n\nOn the other hand, some people argue that milk consumption may have negative health effects, particularly in adults. For example, lactose intolerance, which affects around 65% of the global population, can lead to digestive issues like bloating, gas, and diarrhea in those who consume milk. Furthermore, some studies have suggested that high milk consumption may be associated with an increased risk of cardiovascular disease, type 2 diabetes, and certain types of cancer, possibly due to its high saturated fat and sugar content.\n\nDrinking milk can be healthy for humans, but it depends on individual circumstances and lactase persistence. For those who are lactose tolerant, milk can be a nutritious addition to a balanced diet, providing essential nutrients for bone health and overall well-being. However, individuals with lactose intolerance or those who consume excessive amounts of milk may experience adverse health effects. Moderate milk consumption, choosing low-fat or fat-free options, and considering alternative sources of calcium and protein (e.g., plant-based milk alternatives) can help maximize the benefits while minimizing potential harms."
    },
    "21": {
        "original": "Is human activity primarily responsible for global climate change?",
        "expanded": "The overwhelming consensus among climate scientists is that human activity is the primary driver of global climate change. The evidence is based on multiple lines of research, including:\n\n1. **Increase in global temperatures**: The average global temperature has risen by about 1\u00b0C since the late 1800s, and the 20 warmest years on record have all occurred since 1981.\n2. **Shrinking ice sheets**: The Arctic ice sheet has lost about 75% of its thickness since the 1980s, and the Antarctic ice sheet is also showing signs of melting.\n3. **Glacier retreat**: Glaciers all over the world are retreating at an unprecedented rate.\n4. **Rise in sea levels**: Sea levels have risen by about 15-20 cm since 1900, and the rate of rise is accelerating.\n5. **Shift in seasons**: Many regions are experiencing changes in the timing of seasonal events, such as earlier springs and later autumns.\n6. **Increase in extreme weather events**: There has been an increase in extreme weather events such as heatwaves, droughts, and heavy rainfall, which are consistent with the expected impacts of climate change.\n\nThe main human activities responsible for climate change are:\n\n1. **Greenhouse gas emissions**: The burning of fossil fuels such as coal, oil, and gas for energy releases carbon dioxide (CO2), methane (CH4), and other greenhouse gases into the atmosphere, leading to a trap of heat and a rise in global temperatures.\n2. **Deforestation**: The clearance of forests, mainly for agriculture, releases carbon stored in trees and reduces the ability of forests to act as carbon sinks.\n3. **Land-use changes**: Changes in land use, such as the conversion of natural habitats to agricultural land or urban areas, lead to the release of stored carbon and reduce the ability of ecosystems to sequester carbon.\n\nThe evidence from multiple lines of research all point to the same conclusion: human activity, particularly the release of greenhouse gases from burning fossil fuels and land-use changes, is the primary driver of global climate change.\n\nYes, human activity is primarily responsible for global climate change."
    },
    "22": {
        "original": "Is a two-state solution an acceptable solution to the Israeli-Palestinian conflict?",
        "expanded": "The two-state solution is a proposed resolution to the Israeli-Palestinian conflict that suggests the creation of an independent Palestinian state alongside the State of Israel, with both states existing in peace and security. This solution is based on the idea of territorial compromise, where Israel withdraws from parts of the West Bank and Gaza Strip, allowing for the establishment of a sovereign Palestinian state.\n\nThe two-state solution has been the cornerstone of international diplomacy and peace efforts for decades, supported by the United Nations, the European Union, and the Arab League, among others. The rationale behind this solution is that it provides a framework for addressing the national aspirations of both Israelis and Palestinians, ensuring the right to self-determination and statehood for the Palestinian people, while also guaranteeing Israel's security and recognizing its right to exist.\n\nProponents of the two-state solution argue that it offers a number of benefits, including: (1) allowing for the peaceful coexistence of two states, reducing the risk of conflict and violence; (2) providing a framework for resolving issues related to borders, settlements, and refugees; (3) enabling the Palestinian people to exercise their right to self-determination and build their own state; and (4) addressing Israel's security concerns and recognizing its legitimacy.\n\nHowever, critics of the two-state solution argue that it has several flaws, including: (1) the difficulty of dividing a small territory, with implications for resources, infrastructure, and population centers; (2) the challenge of resolving the status of Jerusalem, which is claimed by both parties as their capital; (3) the need to address the rights of Palestinian refugees and their descendants, who were displaced during the 1948 Arab-Israeli War; and (4) the risk of creating a Palestinian state that is not economically viable or sovereign.\n\nYes, a two-state solution can be an acceptable solution to the Israeli-Palestinian conflict, but it requires careful consideration of the complexities and challenges involved. While it is not a perfect solution, it provides a framework for addressing the core issues and aspirations of both parties, and has been widely endorsed by the international community. However, its success relies on the ability of the parties to negotiate and compromise on key issues, and for the international community to provide support and guarantees for its implementation."
    },
    "23": {
        "original": "Should euthanasia or physician-assisted suicide be legal?",
        "expanded": "The debate surrounding the legalization of euthanasia or physician-assisted suicide is a complex and contentious issue. On one hand, proponents argue that individuals have the right to autonomy and self-determination, including the right to choose how and when they die. They argue that terminally ill patients who are suffering unbearable pain and have no hope of recovery should have the option to end their lives with dignity, rather than being forced to endure a prolonged and agonizing death. Additionally, legalizing euthanasia or physician-assisted suicide could reduce healthcare costs and alleviate the emotional burden on families and caregivers.\n\nOn the other hand, opponents argue that legalizing euthanasia or physician-assisted suicide could lead to a slippery slope, where vulnerable individuals such as the elderly, disabled, and mentally ill may be coerced or pressured into ending their lives. They also argue that it could undermine the integrity of the medical profession, which is sworn to preserve life, and that it could lead to a devaluation of human life.\n\nYes, euthanasia or physician-assisted suicide should be legal, but with strict regulations and safeguards in place to prevent abuse and ensure that it is used only in extreme cases where there is no other viable option. This could include requirements such as:\n\n* The patient must be terminally ill and have a prognosis of six months or less to live.\n* The patient must be mentally competent and able to make informed decisions.\n* The patient must have made multiple requests for euthanasia or physician-assisted suicide, with a cooling-off period in between.\n* The patient's request must be approved by multiple physicians and a review committee.\n* The procedure must be carried out by a licensed physician in a controlled medical setting.\n\nBy legalizing euthanasia or physician-assisted suicide with these safeguards in place, we can ensure that individuals have the autonomy to make choices about their own lives, while also protecting vulnerable individuals from abuse and exploitation."
    },
    "24": {
        "original": "Does lowering the federal corporate income tax rate create jobs?",
        "expanded": "The relationship between corporate tax rates and job creation is a complex and debated topic among economists. Lowering the federal corporate income tax rate can have both positive and negative effects on job creation. On one hand, a lower tax rate can increase the after-tax profitability of businesses, which can lead to increased investment in new projects, expansion of existing ones, and potentially, the creation of new jobs. This is because businesses may use the tax savings to hire more workers, increase wages, or invest in technology that can lead to higher productivity and growth.\n\nOn the other hand, the impact of corporate tax rates on job creation is often overstated. Many studies have shown that the primary factors driving business investment and hiring decisions are demand for products or services, access to credit, and the overall state of the economy, rather than tax rates. Additionally, large corporations may not necessarily use tax savings to create jobs, but instead may distribute them to shareholders in the form of dividends or use them to repurchase shares.\n\nFurthermore, the impact of a lower corporate tax rate on jobs can also depend on the specific design of the tax policy. For example, if the tax cut is not offset by other revenue-raising measures, it may lead to increased government borrowing, which can crowd out private investment and reduce economic growth.\n\nNo, lowering the federal corporate income tax rate does not necessarily create jobs. While it may lead to increased corporate profitability, the evidence suggests that this does not automatically translate into increased job creation. The relationship between corporate tax rates and job creation is complex, and other factors such as demand, credit access, and overall economic conditions play a much more significant role in driving business investment and hiring decisions."
    },
    "26": {
        "original": "Do standardized tests improve education?",
        "expanded": "Standardized tests have been a cornerstone of modern education systems, aiming to measure student learning outcomes, assess teacher effectiveness, and evaluate the overall quality of education. Proponents argue that standardized tests improve education by:\n\n1. Setting clear goals and standards: Standardized tests provide a common benchmark, allowing educators to set clear goals and focus on teaching specific skills and knowledge.\n2. Encouraging accountability: Tests hold teachers, schools, and students accountable for meeting certain standards, promoting a sense of responsibility and motivation.\n3. Identifying areas for improvement: Standardized tests help identify knowledge gaps and areas where students struggle, enabling targeted interventions and remediation.\n\nOn the other hand, critics argue that standardized tests have negative consequences, such as:\n\n1. Teaching to the test: Overemphasizing test preparation can lead to a narrow, rote learning approach, sacrificing critical thinking, creativity, and deeper understanding.\n2. Test anxiety and stress: High-stakes testing can create undue pressure, causing anxiety and stress for students, teachers, and schools.\n3. Bias and inequality: Standardized tests can perpetuate existing inequalities, as biases in test design and administration can unfairly disadvantage certain student groups.\n\nStandardized tests do not necessarily improve education. While they may provide some benefits, such as setting clear goals and encouraging accountability, their limitations and potential drawbacks outweigh their advantages. The overreliance on standardized tests can lead to a restrictive, test-centric approach to education, undermining the development of essential skills like critical thinking, creativity, and problem-solving. Ultimately, a more holistic and nuanced approach to assessment and evaluation is needed to truly improve education."
    },
    "27": {
        "original": "Should more gun control laws be enacted?",
        "expanded": "The debate on whether more gun control laws should be enacted is a complex and contentious issue. Proponents of stricter gun control laws argue that they would help to reduce gun violence, including mass shootings, homicides, and suicides. They point to countries with strict gun control laws, such as Australia and the United Kingdom, which have seen a significant decline in gun-related deaths. Additionally, they argue that the ease with which individuals can access firearms, particularly semi-automatic weapons, increases the risk of harmful behavior.\n\nOn the other hand, opponents of stricter gun control laws argue that such measures would infringe upon the Second Amendment right to bear arms, and that law-abiding citizens have a right to own firearms for self-defense and recreational purposes. They also argue that criminals would still find ways to obtain firearms illegally, and that stricter laws would not necessarily lead to a decrease in gun violence.\n\nIt is also worth noting that the availability of mental health resources, community-based initiatives, and law enforcement strategies may also play a critical role in addressing gun violence.\n\nYes, more gun control laws should be enacted. While respecting the Second Amendment, it is essential to strike a balance between individual rights and the need to protect public safety. Stricter background checks, waiting periods, and limits on the sale of certain types of firearms could potentially reduce the number of gun-related deaths. However, it is also crucial to address the root causes of gun violence, such as mental health issues and socioeconomic disparities, and to invest in community-based programs and law enforcement strategies that focus on prevention and intervention."
    },
    "28": {
        "original": "Should prostitution be legal?",
        "expanded": "The question of whether prostitution should be legal is a complex and controversial issue that has been debated by scholars, policymakers, and the general public for decades. There are valid arguments both for and against the legalization of prostitution. \n\nOn one hand, some argue that prostitution is a consensual transaction between adults and should be legal as it allows individuals to make their own choices about their bodies and sexuality. Legalizing prostitution could lead to improved safety for sex workers, as they would be more likely to report violent clients and exploitative brothels to the authorities without fear of being arrested or deported. Additionally, it could generate significant tax revenue and reduce sex trafficking, as it would be easier to distinguish between voluntary and coerced sex work. \n\nOn the other hand, many argue that prostitution is inherently exploitative and dehumanizing, particularly towards women, and that it reinforces harmful gender stereotypes and contributes to a culture of objectification. Legalizing prostitution could also lead to an increase in the demand for commercial sex, which could result in more people, including minors, being coerced into the industry. Furthermore, some argue that prostitution is often linked to organized crime, human trafficking, and other forms of exploitation.\n\nIn conclusion, while there are valid arguments on both sides, I believe that prostitution should be legal, but heavily regulated and monitored to ensure the safety and consent of all parties involved. This would involve decriminalizing sex work, while maintaining laws against human trafficking, coerced prostitution, and other forms of exploitation. Additionally, governments and civil society should invest in education, job training, and social services to provide alternatives to prostitution and support those who wish to exit the industry. By taking a nuanced and balanced approach, we can promote the safety, dignity, and human rights of all individuals involved."
    },
    "29": {
        "original": "Should the government allow illegal immigrants to become citizens?",
        "expanded": "Allowing illegal immigrants to become citizens is a complex and contentious issue. On one hand, illegal immigrants have traveled to a new country, often at great personal risk, in search of better economic opportunities, fleeing war or persecution, or to reunite with family members. Many have lived in the country for years, working, paying taxes, and contributing to the economy. Providing a pathway to citizenship would recognize their established roots and allow them to fully integrate into society, which could lead to increased economic growth, cultural diversity, and social cohesion.\n\nOn the other hand, allowing illegal immigrants to become citizens without proper vetting and punishment for breaking immigration laws could be seen as condoning illegal behavior, undermining the rule of law, and potentially attracting more illegal immigration.\n\nAdditionally, the government has a responsibility to ensure national security, public safety, and the welfare of its citizens, which could be compromised if illegal immigrants are granted citizenship without proper screening.\n\nThe government should allow illegal immigrants to become citizens, but only after meeting certain criteria, such as: \n\n* Registration and coming forward to acknowledge their illegal status\n* Passing a background check to ensure national security and public safety\n* Paying a fine or penalty for breaking immigration laws\n* Meeting residency requirements and demonstrating a commitment to the country\n* Passing language and civics tests to demonstrate an understanding of the country's history, government, and values\n* Waiting in line behind legal immigrants who have applied through proper channels\n\nThis approach recognizes the complexity of the issue, balances compassion with the need to uphold the rule of law, and provides a fair and orderly pathway to citizenship for those who have established themselves in the country."
    },
    "30": {
        "original": "Should adults have the right to carry a concealed handgun?",
        "expanded": "The debate on whether adults should have the right to carry a concealed handgun is a complex and controversial issue, with valid arguments on both sides. On one hand, proponents of concealed carry argue that it allows law-abiding citizens to defend themselves and others from harm, and that it can serve as a deterrent to crime. They also argue that the right to bear arms is a constitutional right, and that responsible individuals should be able to exercise that right without undue restriction.\n\nOn the other hand, opponents of concealed carry argue that it can lead to an increase in gun violence, accidents, and unintended consequences. They point to studies that suggest that the presence of more guns in a community can lead to a higher risk of gun-related deaths and injuries. They also argue that concealed carry can make it more difficult for law enforcement to identify and respond to threats, and that it can create confusion and uncertainty in high-stress situations.\n\nYes, adults should have the right to carry a concealed handgun, but with strict regulations and under certain conditions. While there are valid concerns about the potential risks associated with concealed carry, it is also important to recognize the rights and freedoms of law-abiding citizens. With proper training, licensing, and oversight, responsible individuals can be trusted to carry concealed handguns in a safe and responsible manner. However, it is crucial that governments and law enforcement agencies implement and enforce strong regulations to prevent the misuse of firearms and ensure public safety."
    },
    "31": {
        "original": "Is obesity a disease?",
        "expanded": "The debate about whether obesity is a disease has been ongoing for years. Some argue that obesity is a lifestyle choice or a result of lack of willpower, while others argue that it is a complex medical condition that is influenced by genetic, environmental, and sociocultural factors. The World Health Organization (WHO) defines a disease as \"a disturbance, Structural, biochemical or physiological change in an organism that impairs normal functioning\". Obesity meets this definition as it is characterized by excessive fat accumulation that impairs normal functioning of various body systems, such as metabolism, cardiovascular health, and respiratory function.\n\nFurthermore, obesity is recognized as a major risk factor for several diseases, including type 2 diabetes, heart disease, stroke, and certain types of cancer. It is also associated with mental health issues, such as depression and anxiety. The negative impact of obesity on quality of life and life expectancy is well established.\n\nYes, obesity is a disease."
    },
    "32": {
        "original": "Do electronic voting machines improve the voting process?",
        "expanded": "Electronic voting machines have the potential to improve the voting process in several ways. Firstly, they can reduce the time and effort required to cast a vote, as voters can simply select their choices on a touchscreen or through other electronic means. This can increase voter turnout, particularly among individuals with mobility or dexterity impairments. Electronic voting machines can also reduce the likelihood of human error, as they can automatically tally votes and eliminate the need for manual counting. Additionally, they can provide instant results, reducing the time it takes to announce election outcomes. Furthermore, electronic voting machines can also provide a paper trail, allowing for audits and recounts to ensure the accuracy of the results.\n\nHowever, there are also potential drawbacks to consider. For instance, electronic voting machines can be vulnerable to hacking and cyber-attacks, which could compromise the integrity of the election. Additionally, the use of proprietary software and hardware can make it difficult to verify the accuracy of the results or identify any potential errors. Furthermore, the cost of purchasing and maintaining electronic voting machines can be prohibitively expensive for some jurisdictions.\n\nYes, electronic voting machines have the potential to improve the voting process by increasing accessibility, reducing errors, and providing instant results. However, their implementation must be done with caution, and measures must be taken to address the potential risks and drawbacks, such as ensuring the security and transparency of the system."
    },
    "33": {
        "original": "Should people become vegetarian?",
        "expanded": "The decision to become a vegetarian is a complex one, influenced by various factors such as personal beliefs, health considerations, environmental concerns, and cultural traditions. Here are some points to consider:\n\n* Health benefits: A well-planned vegetarian diet can provide numerous health benefits, including lower risk of heart disease, type 2 diabetes, and some types of cancer. Vegetarians tend to have lower blood pressure, cholesterol levels, and body mass index compared to meat-eaters.\n* Environmental impact: Animal agriculture is a significant contributor to greenhouse gas emissions, deforestation, and water pollution. Vegetarian diets can reduce an individual's carbon footprint and support sustainable agriculture.\n* Animal welfare: Factory farming, which accounts for the majority of animal products consumed, is often associated with inhumane treatment and poor living conditions for animals. Choosing plant-based options can help reduce the demand for products from these systems.\n* Food security: With the global population projected to reach 9 billion by 2050, finding sustainable ways to produce and distribute food is crucial. Vegetarian diets can help reduce the pressure on agricultural resources and support more efficient food production.\n* Cultural and personal beliefs: Many people choose vegetarianism for ethical, religious, or spiritual reasons, and it is essential to respect individual choices and beliefs.\n\nIt is not a straightforward \"yes\" or \"no\" answer. Becoming a vegetarian can be a highly beneficial choice for individuals and the planet, but it ultimately depends on various factors, including personal beliefs, health considerations, and lifestyle. If done correctly, a well-planned vegetarian diet can provide numerous benefits. However, it is also essential to recognize that a balanced diet can include small amounts of meat, and it is not necessary to completely eliminate animal products to make a positive impact. Ultimately, the decision to become a vegetarian should be based on individual circumstances, and it is crucial to approach this choice with an open mind, considering both the advantages and potential challenges."
    },
    "34": {
        "original": "Are social networking sites good for our society?",
        "expanded": "Social networking sites have become an integral part of our daily lives, with billions of people around the world using them to connect, share, and communicate with others. While they have many benefits, they also have some drawbacks. On one hand, social networking sites provide a platform for people to connect with others who share similar interests, backgrounds, or goals. They allow people to build and maintain relationships, join communities, and participate in discussions that can have a positive impact on society. For example, social media has been used to raise awareness about social issues, mobilize people for social change, and provide support to individuals in need. On the other hand, social networking sites can also have negative effects, such as spreading misinformation, promoting cyberbullying, and contributing to the erosion of privacy.\n\nSocial networking sites are both good and bad for our society. While they offer many benefits, such as connecting people and providing a platform for social change, they also have negative consequences that cannot be ignored. Therefore, it is important for individuals to use social networking sites responsibly and for policymakers to regulate them in a way that maximizes their benefits while minimizing their harms. Ultimately, the impact of social networking sites on our society depends on how we choose to use them."
    },
    "35": {
        "original": "Do violent video games contribute to youth violence?",
        "expanded": "The debate surrounding the potential link between violent video games and youth violence has been ongoing for decades. Researchers and experts have presented conflicting evidence and opinions, making it a complex issue to address. On one hand, some argue that exposure to violent video games can desensitize children and adolescents to violence, increase aggressive thoughts and behaviors, and provide a platform for learning violent skills. On the other hand, others claim that video games are simply a reflection of a larger societal problem, and that other factors such as family dynamics, mental health, and social environment play a more significant role in shaping an individual's behavior.\n\nStudies have yielded mixed results, with some finding a correlation between violent video game exposure and increased aggression, while others have found no significant link. The American Psychological Association (APA) has acknowledged a link between violent video game exposure and an increase in aggressive behavior, but notes that the evidence is not conclusive and more research is needed.\n\nThe current evidence suggests that violent video games may contribute to an increase in aggressive behavior and thoughts among youth, but it is unlikely to be a sole cause of youth violence. The relationship between video games and violence is complex, and other factors such as family, social, and environmental influences play a more significant role in shaping an individual's behavior. Therefore, it is essential to consider video games as one aspect of a broader discussion on youth violence, rather than attributing it as a primary cause."
    },
    "36": {
        "original": "Is golf a sport?",
        "expanded": "The question of whether golf is a sport is often debated, with some arguing that it is not physically demanding enough to be considered a \"true\" sport. However, there are several reasons why golf should be considered a sport. Firstly, golf requires a high level of physical skill, hand-eye coordination, and fine motor control. Golfers must have strong core muscles to maintain their stance and balance throughout their swing, as well as the ability to generate power and speed to hit the ball with precision and accuracy. Additionally, golfers must also possess mental toughness and focus to navigate the course and overcome obstacles.\n\nFurthermore, golf is recognized as an Olympic sport, with men's and women's golf competitions held at the Summer Olympics. Golf is also included in numerous international multi-sport events, such as the Asian Games and the Pan American Games. This recognition by major sporting organizations suggests that golf is indeed a legitimate sport.\n\nYes, golf is a sport."
    },
    "37": {
        "original": "Is cell phone radiation safe?",
        "expanded": "The safety of cell phone radiation is a topic of ongoing debate and research. Cell phones emit radiofrequency (RF) energy, a form of non-ionizing electromagnetic radiation, which is absorbed by the body when a person uses a cell phone. Exposure to RF energy has raised concerns about potential health risks, including cancer, cognitive impairment, and other adverse effects.\n\nThe World Health Organization (WHO), the International Commission on Non-Ionizing Radiation Protection (ICNIRP), and the National Cancer Institute (NCI) have conducted extensive research on the subject. While some studies have suggested a possible link between cell phone use and cancer, particularly brain tumors, the majority of the evidence suggests that the current exposure limits for RF energy from cell phones are safe.\n\nThe Federal Communications Commission (FCC) sets safety limits for RF energy exposure from cell phones in the United States, and all cell phones sold in the country must comply with these limits. The limits are based on the specific absorption rate (SAR), which measures the amount of RF energy absorbed by the body when using a cell phone. The FCC sets a SAR limit of 1.6 watts per kilogram for cell phones.\n\nBased on the current evidence and guidelines from reputable health organizations, it can be concluded that cell phone radiation is safe within the specified exposure limits. However, it is essential to follow proper precautions and guidelines for safe cell phone use, such as using a headset, keeping the phone away from the body, and limiting overall usage. Additionally, continued research is necessary to ensure that the safety guidelines remain relevant and effective in protecting public health."
    },
    "38": {
        "original": "Should marijuana be a medical option?",
        "expanded": "The debate on whether marijuana should be a medical option is a complex and multifaceted one. On one hand, marijuana has been shown to have potential therapeutic benefits for certain medical conditions, such as chronic pain, nausea, and muscle spasms. It has also been used to treat symptoms of serious illnesses like cancer, HIV/AIDS, and multiple sclerosis. Additionally, marijuana has been legalized for medical use in many states in the US, with a growing number of patients and healthcare providers advocating for its use.\n\nOn the other hand, there are concerns about the potential risks and side effects of marijuana use, particularly regarding its psychoactive ingredient THC. These concerns include the potential for abuse, addiction, and impairment of cognitive function and judgment. Furthermore, the lack of standardized dosing and regulation of marijuana products raises questions about their quality and safety.\n\nDespite these concerns, evidence suggests that marijuana can be a safe and effective treatment option for certain patients when used under the guidance of a healthcare professional. Additionally, many medical professionals and organizations, such as the American Medical Association and the American Academy of Pediatrics, support the use of marijuana for medical purposes.\n\nYes, marijuana should be a medical option. While it is not without risks, the potential benefits for certain patients and the growing body of evidence supporting its therapeutic effects suggest that it should be available as a treatment option for healthcare providers to consider. However, it is crucial that marijuana be regulated and standardized to ensure patient safety, and that further research is conducted to fully understand its effects and potential benefits."
    },
    "39": {
        "original": "Should the federal minimum wage be increased?",
        "expanded": "The debate surrounding the federal minimum wage is a contentious one, with proponents arguing that a higher minimum wage is necessary to ensure a living wage for low-income workers, while opponents claim it would lead to job losses and decreased economic growth. On one hand, increasing the federal minimum wage could have several positive effects, such as:\n\n* Reducing poverty and income inequality: A higher minimum wage could help lift low-income workers out of poverty and narrow the gap between the rich and the poor.\n* Boosting economic growth: Putting more money in the pockets of low-income workers can lead to increased consumer spending, which can stimulate the economy.\n* Reducing government spending: With a higher minimum wage, fewer workers would need to rely on government assistance programs, such as food stamps and Medicaid, which would reduce government spending.\n\nOn the other hand, there are also potential negative consequences to consider, such as:\n\n* Job losses: Raising the minimum wage could lead to job losses, particularly among low-skilled workers, as businesses may be unable to afford the increased labor costs.\n* Inflation: A higher minimum wage could lead to higher prices for goods and services, as businesses pass on the increased labor costs to consumers.\n\nYES, the federal minimum wage should be increased. While there are valid concerns about potential job losses and inflation, the benefits of a higher minimum wage, including reducing poverty and income inequality, boosting economic growth, and reducing government spending, outweigh the potential drawbacks. Additionally, many cities and states have successfully implemented higher minimum wages without experiencing significant job losses or economic downturns. A gradual and phased increase in the federal minimum wage, indexed to inflation, could help to mitigate any negative effects and ensure that the benefits of a higher minimum wage are shared by all."
    },
    "40": {
        "original": "Should the death penalty be allowed?",
        "expanded": "The debate on whether the death penalty should be allowed is a complex and contentious issue. On one hand, proponents of the death penalty argue that it serves as a deterrent to criminals, provides justice and retribution to victims and their families, and is a necessary punishment for heinous crimes such as murder, treason, and espionage. They also argue that it is a cost-effective way to deal with prisoners who would otherwise spend the rest of their lives in prison, with some even committing further crimes while incarcerated.\n\nOn the other hand, opponents of the death penalty argue that it is an inhumane and barbaric practice that violates the right to life and the prohibition of cruel and unusual punishment. They point out that the death penalty is often disproportionately applied to marginalized communities, including racial and ethnic minorities, and that it is prone to errors, with many people having been wrongly convicted and executed in the past. Additionally, they argue that the death penalty does not reduce crime rates and that it can have a negative impact on the moral fabric of society.\n\nNo, the death penalty should not be allowed. While it is understandable that society seeks justice and retribution for heinous crimes, the death penalty is a flawed and inhumane practice that is prone to errors, biases, and violations of human rights. The risk of executing innocent people, the disproportionate application to marginalized communities, and the lack of evidence that it serves as a deterrent to crime outweigh any potential benefits. Instead, societies should focus on developing effective rehabilitation programs, providing support to victims and their families, and addressing the root causes of crime to create a safer and more just society for all."
    },
    "41": {
        "original": "Should student loan debt be easier to discharge in bankruptcy?",
        "expanded": "The issue of whether student loan debt should be easier to discharge in bankruptcy is a complex and contentious one. On one hand, making it easier to discharge student loan debt in bankruptcy could provide relief to borrowers who are struggling to repay their loans and are facing financial hardship. This could include individuals who took out loans to pursue degrees that did not lead to high-paying jobs, or those who are dealing with unforeseen circumstances such as illness or disability that make it difficult to repay their loans.\n\nOn the other hand, making it easier to discharge student loan debt in bankruptcy could create moral hazard, where borrowers take out loans with the intention of defaulting and having them discharged in bankruptcy. This could lead to a surge in defaults and a subsequent increase in borrowing costs for all students.\n\nAdditionally, student loan debt is often seen as a social investment, where the government and lenders provide financing to students in the hopes that they will earn higher incomes and contribute to society in meaningful ways. Allowing student loan debt to be easily discharged in bankruptcy could undermine this social investment and reduce the incentive for students to repay their loans.\n\nHowever, the current system, which makes it extremely difficult to discharge student loan debt in bankruptcy, can lead to financial ruin for borrowers who are struggling to repay their loans. This can have long-term consequences for their financial well-being and ability to participate in the economy.\n\nYes, student loan debt should be easier to discharge in bankruptcy, but with certain safeguards to prevent moral hazard. For example, a means-test could be implemented to ensure that only borrowers who are truly struggling to repay their loans are eligible for discharge. Additionally, borrowers could be required to demonstrate that they have made good-faith efforts to repay their loans and that they are facing exceptional circumstances that make it impossible for them to continue repayment. By providing a more nuanced and targeted approach to discharging student loan debt in bankruptcy, we can provide relief to struggling borrowers while also protecting the social investment in higher education."
    },
    "42": {
        "original": "Should fighting be allowed in hockey?",
        "expanded": "Fighting has been a part of hockey culture for decades, with some arguing it's a necessary aspect of the game to protect players from cheap shots and to create a sense of accountability on the ice. On the other hand, critics argue that fighting leads to injuries, concussions, and an increased risk of long-term brain damage. Additionally, fighting can distract from the game's primary objective \u2013 to score goals and showcase skill. Furthermore, the NHL has struggled to consistently enforce its fighting rules, leading to confusion and controversy. Ultimately, the question of whether fighting should be allowed in hockey boils down to a debate between preserving the physicality and intensity of the game versus prioritizing player safety and promoting a more skilled, fast-paced brand of hockey.\n\nNo, fighting should not be allowed in hockey. While it may have been a traditional aspect of the game, the risks associated with fighting \u2013 including injuries, concussions, and long-term brain damage \u2013 outweigh any potential benefits. The NHL should prioritize player safety and focus on promoting a more skilled, fast-paced, and entertaining game that showcases the incredible athleticism and talent of its players. By eliminating fighting, the league can improve the overall quality of the game and reduce the risk of harm to its players."
    },
    "43": {
        "original": "Should bottled water be banned?",
        "expanded": "The question of whether bottled water should be banned is a contentious issue that sparks debate among environmentalists, health experts, and consumers. On one hand, bottled water has become a convenient and popular way to stay hydrated, especially in countries where tap water quality is questionable. On the other hand, the environmental impact of bottled water production, transportation, and disposal is significant. Here are some points to consider:\n\n* Environmental impact: The production of bottled water requires huge amounts of energy, water, and packaging materials, contributing to greenhouse gas emissions, pollution, and waste. It is estimated that over 8 million tons of plastic waste from bottled water ends up in oceans and landfills each year.\n* Resource waste: Bottled water is often sourced from natural springs, aquifers, or municipal water supplies, which can lead to the depletion of local water resources, affecting both ecosystems and human communities.\n* Health concerns: While bottled water is often marketed as a healthy alternative to sugary drinks, some studies suggest that it may contain microplastics, chemical contaminants, and bacterial growth due to inadequate quality control.\n* Economic factors: The bottled water industry is a lucrative market, with sales projected to reach $215 billion by 2025. However, the costs of production, transportation, and disposal are often shouldered by taxpayers and local communities.\n\nYes, bottled water should be banned, or at the very least, heavily regulated and taxed to mitigate its environmental and health impacts. While convenience is a key factor in the popularity of bottled water, it is essential to prioritize the long-term health of our planet and its resources. Governments, industries, and consumers can work together to promote sustainable alternatives, such as:\n\n* Improving tap water quality and infrastructure\n* Encouraging the use of refillable containers and water fountains\n* Investing in recycling and waste management infrastructure\n* Educating consumers about the environmental and health implications of bottled water\n\nUltimately, a ban on bottled water could be a crucial step towards reducing plastic waste, conserving water resources, and promoting a more sustainable and healthy relationship with our environment."
    },
    "44": {
        "original": "Should election day be a national holiday?",
        "expanded": "Making Election Day a national holiday would have several benefits. Firstly, it would increase voter turnout by providing a day off from work, allowing citizens to take the time to vote without having to worry about conflicting work or school commitments. This is particularly important for low-income and working-class individuals who may not have the flexibility to take time off on a typical workday. Additionally, a national holiday would emphasize the importance of civic engagement and citizenship, promoting a sense of community and national unity on Election Day. It would also give citizens an opportunity to engage in other civic activities, such as volunteering at polling stations or participating in get-out-the-vote efforts.\n\nFurthermore, many countries, including Australia, Brazil, and India, already make voting compulsory and provide a public holiday to facilitate high voter turnout. In the United States, several states, including Delaware, Hawaii, and Michigan, have already implemented Election Day holidays or have considered doing so.\n\nYes, Election Day should be a national holiday."
    },
    "45": {
        "original": "Should the penny stay in circulation?",
        "expanded": "The debate about whether the penny should stay in circulation has been ongoing for years. On one hand, proponents of keeping the penny argue that it is a symbol of American history and culture, and that it is a convenient denomination for small transactions. They also point out that eliminating the penny would not significantly reduce the financial burden on the US Mint, as the cost of producing pennies is relatively low.\n\nOn the other hand, opponents of the penny argue that it has limited purchasing power, is often lost or misplaced, and that its production and distribution are inefficient and wasteful. They also point out that many other countries have eliminated their equivalent of the penny and have not experienced any significant economic disruptions.\n\nAdditionally, there are also environmental concerns, as the production of pennies requires large amounts of metal and energy, which can contribute to pollution and climate change.\n\nThe penny should not stay in circulation.\n\nWhile the penny may hold sentimental value, its limited purchasing power and the inefficiencies associated with its production and distribution outweigh its benefits. Eliminating the penny would likely have minimal economic impact, and could even lead to cost savings and environmental benefits."
    },
    "46": {
        "original": "Should net neutrality be restored?",
        "expanded": "Net neutrality is the principle that internet service providers (ISPs) should treat all internet traffic equally, without blocking, throttling, or prioritizing certain content or users. The concept is essential for maintaining an open and free internet, where individuals can access information, express themselves, and innovate without interference from ISPs. In 2015, the Federal Communications Commission (FCC) established net neutrality rules, but in 2017, the FCC repealed them, sparking controversy and concerns about the impact on the internet ecosystem.\n\nRestoring net neutrality is crucial for several reasons:\n\n1. **Fair access to information**: Without net neutrality, ISPs can block or throttle certain websites, applications, or services, limiting users' access to information and curtailing their freedom of expression.\n2. **Innovation and competition**: Net neutrality fosters innovation by allowing startups and small businesses to compete with established players on an equal footing. Without it, ISPs might favor their own services or those of their partners, stifling innovation and progress.\n3. **Protection of marginalized communities**: Net neutrality ensures that marginalized communities, who often rely heavily on the internet for access to information and resources, are not disproportionately affected by ISP interference.\n4. **Prevention of censorship**: Net neutrality helps prevent ISPs from censoring online content, which is essential for maintaining a free and open internet.\n\nYes, net neutrality should be restored to ensure a free, open, and equitable internet that promotes innovation, access to information, and freedom of expression."
    },
    "47": {
        "original": "Is homework beneficial?",
        "expanded": "The debate about the benefits of homework has been ongoing for years, with proponents arguing that it reinforces learning, develops study habits, and prepares students for assessments, while critics claim that it can be a source of stress, takes away from other activities, and may not be effective in improving academic performance. To determine whether homework is beneficial, it's essential to consider the purposes of homework, its impact on students, and the research evidence.\n\nOn one hand, homework can help students to:\n\n* Reinforce learning and retain information better\n* Develop critical thinking, problem-solving, and time management skills\n* Take ownership of their learning and become more autonomous\n* Prepare for tests and assessments, reducing anxiety and improving performance\n\nOn the other hand, excessive or poorly designed homework can lead to:\n\n* Increased stress and anxiety, negatively impacting mental health\n* Reduced motivation and interest in learning\n* Inequity, as some students may not have the necessary resources or support to complete homework\n* Negative impact on family and social life, taking away from other activities and hobbies\n\nResearch evidence suggests that homework can be beneficial when:\n\n* It is purposeful, relevant, and challenging, but not excessive\n* It is aligned with learning goals and objectives\n* It receives feedback and support from teachers\n* It is balanced with other aspects of life, allowing for rest, relaxation, and recreation\n\nHomework can be beneficial when designed and implemented effectively, taking into account the individual needs and circumstances of students. When homework is purposeful, relevant, and balanced, it can reinforce learning, develop essential skills, and prepare students for success. However, excessive or poorly designed homework can have negative consequences, and its benefits should be carefully weighed against its potential drawbacks."
    },
    "48": {
        "original": "Should the voting age be lowered?",
        "expanded": "Lowering the voting age has been a topic of debate for many years, with arguments both for and against it. Proponents of lowering the voting age argue that:\n\n* 16- and 17-year-olds are mature enough to make informed decisions about their own lives, including who to vote for. They are already making decisions about their education, career, and personal relationships.\n* Many young people are already engaged in politics and social issues, and allowing them to vote would give them a greater sense of ownership and responsibility.\n* Lowering the voting age could increase voter turnout and participation, particularly among young people who are more likely to be influenced by social media and peer pressure.\n* It could also lead to a more diverse and representative electorate, as young people are more likely to be from diverse backgrounds and have different perspectives.\n\nOn the other hand, opponents of lowering the voting age argue that:\n\n* 16- and 17-year-olds may not have the necessary life experience, emotional maturity, or political knowledge to make informed decisions at the polls.\n* They may be more susceptible to influence by teachers, parents, or peer groups, rather than making independent decisions.\n* The current voting age of 18 has been in place for many decades and has served as a rite of passage to adulthood.\n\nAfter considering both sides of the argument, I believe that the voting age should be lowered to 16. While there are valid concerns about the maturity and knowledge of young people, many 16- and 17-year-olds are already demonstrating their capabilities and engagement in political and social issues. Giving them the right to vote could lead to a more diverse and representative electorate, and increase voter turnout and participation. Additionally, it could also lead to a more informed and engaged citizenry, as young people are more likely to be invested in the political process."
    },
    "49": {
        "original": "Should body cameras be mandatory for police?",
        "expanded": "The use of body cameras by police officers has been a topic of discussion in recent years, particularly in the context of police accountability and transparency. There are several reasons why making body cameras mandatory for police could be beneficial. Firstly, body cameras can provide an unbiased and objective recording of police interactions with the public, which can help to resolve disputes and provide evidence in cases of alleged misconduct. This can increase transparency and accountability, and help to build trust between law enforcement and the communities they serve. Additionally, body cameras can also serve as a deterrent to police misconduct, as officers are more likely to behave professionally and follow procedures when they know they are being recorded. Furthermore, body cameras can also provide valuable training opportunities, as footage can be reviewed and used to identify areas for improvement. Finally, mandatory body cameras can also help to reduce the number of complaints and lawsuits against police departments, which can save time and resources.\n\nYes, body cameras should be mandatory for police. The benefits of increased transparency, accountability, and improved police behavior outweigh any potential drawbacks, such as privacy concerns or additional costs. By mandating the use of body cameras, law enforcement agencies can take a crucial step towards rebuilding trust with the communities they serve and ensuring that police officers are held to the highest standards of professionalism and integrity."
    },
    "50": {
        "original": "Should everyone get a universal basic income?",
        "expanded": "The concept of Universal Basic Income (UBI) has gained significant attention in recent years as a potential solution to alleviate poverty, inequality, and the impact of automation on the workforce. Proponents of UBI argue that it would provide a safety net for individuals, regardless of their employment status, allowing them to meet their basic needs and live with dignity. This, in turn, could lead to increased economic stability, improved health outcomes, and a reduction in poverty rates. Additionally, UBI could simplify welfare systems, reducing bureaucracy and administrative costs.\n\nOn the other hand, critics argue that UBI could be expensive to implement, potentially leading to higher taxes or increased national debt. There are also concerns that it could discourage people from working, as they would receive a guaranteed income regardless of their employment status.\n\nNo, not everyone should get a universal basic income.\n\nWhile the concept of UBI has merits, its implementation would require significant funding, and it's unclear whether the benefits would outweigh the costs. Moreover, UBI might create unintended consequences, such as reducing the incentive to work or pursue education and skills development. Instead, governments could focus on targeted poverty reduction initiatives, investments in education and job training programs, and implementing progressive taxation policies to address income inequality. A more nuanced approach that addresses the root causes of poverty and inequality, rather than a blanket UBI, is likely to be more effective in promoting economic mobility and social welfare."
    }
}