{
    "19335": {
        "original": "anthropological definition of environment",
        "expanded": "To provide an anthropological definition of environment, we need to consider the discipline's focus on human cultures, societies, and their relationships with the natural world. Anthropology recognizes that humans are not separate from their environment, but rather, they are an integral part of it. The environment is not just a physical backdrop for human activity, but it is also shaped by and shapes human behavior, culture, and identity. Therefore, an anthropological definition of environment must take into account the complex interplay between human and non-human entities, and the cultural, social, and political contexts in which they interact.\n\nFrom an anthropological perspective, the environment can be defined as the dynamic, mutually constitutive relationship between human and non-human entities, encompassing physical, cultural, social, and symbolic aspects, which shapes and is shaped by human behavior, culture, and identity. This definition highlights the agency and interconnectedness of all elements within the environment, acknowledging that humans are not separate from, but rather an intrinsic part of, the ecological systems they inhabit."
    },
    "47923": {
        "original": "axon terminals or synaptic knob definition",
        "expanded": "To provide an accurate definition, I will rely on credible sources in the field of neuroscience and anatomy. Axon terminals, also known as synaptic knobs or boutons, are structures found at the end of axons, which are essential for neurotransmission.\n\nAxon terminals, also referred to as synaptic knobs or boutons, are the bulbous swellings at the distal end of an axon that contain synaptic vesicles and are responsible for releasing neurotransmitters into the synaptic cleft, facilitating chemical communication between neurons."
    },
    "87181": {
        "original": "causes of left ventricular hypertrophy",
        "expanded": "Left ventricular hypertrophy (LVH) occurs when the left ventricle, the main pumping chamber of the heart, becomes thicker and larger than normal. This can be caused by various factors that increase the workload of the heart, leading to a compensatory response of the cardiac muscle. Identifying the underlying causes of LVH is crucial for proper diagnosis and management.\n\nThe causes of left ventricular hypertrophy (LVH) can be categorized into several groups:\n\n1. **Hypertension**: High blood pressure is a common cause of LVH, as the heart has to pump harder to overcome the increased resistance in the blood vessels.\n2. **Valvular heart disease**: Conditions such as aortic stenosis, aortic regurgitation, and mitral regurgitation can lead to LVH as the heart compensates for the decreased cardiac output.\n3. **Cardiomyopathy**: Disease of the heart muscle itself, such as hypertrophic cardiomyopathy, can cause LVH.\n4. **Congenital heart defects**: Certain congenital defects, like coarctation of the aorta, can increase pressure on the left ventricle, leading to LVH.\n5. **Renal disease**: Kidney disease and failure can cause hypertension and volume overload, leading to LVH.\n6. **Aortic disease**: Conditions like aortic aneurysm or aortic dissection can increase pressure on the left ventricle.\n7. **Thyroid disorders**: Hyperthyroidism can increase heart rate and cardiac output, leading to LVH.\n8. **Obstructive sleep apnea**: This condition can lead to hypertension and cardiac remodeling.\n9. **Athlete's heart**: Intensive athletic training can cause LVH as a physiological adaptation to increased cardiovascular demands.\n10. **Genetic factors**: Some genetic mutations can predispose individuals to develop LVH."
    },
    "87452": {
        "original": "causes of military suicide",
        "expanded": "Military suicide is a complex and multifaceted issue, and it's essential to approach the topic with sensitivity and understanding. The causes of military suicide are varied and can be attributed to a range of factors, including psychological, social, and environmental influences. It's crucial to recognize that military personnel face unique challenges and stressors that can contribute to suicidal ideation and behaviors.\n\nThe causes of military suicide can be broadly categorized into the following factors:\n\n1. **Combat-related trauma**: Exposure to traumatic events, combat stress, and witnessing traumatic incidents can increase the risk of suicide.\n2. **Mental health conditions**: Pre-existing or deployment-related mental health conditions such as depression, anxiety, post-traumatic stress disorder (PTSD), and substance abuse can contribute to suicidal thoughts and behaviors.\n3. **Social isolation and loneliness**: Feelings of disconnection, isolation, and loneliness can be exacerbated by deployments, frequent moves, and time spent away from family and friends.\n4. **Access to lethal means**: Military personnel have access to firearms, which increases the risk of suicide.\n5. **Cultural and societal factors**: The military culture's emphasis on strength, stoicism, and self-reliance can discourage help-seeking behavior, making it difficult for service members to acknowledge and seek help for mental health issues.\n6. **Stigma**: The fear of being perceived as weak, vulnerable, or unfit for duty can prevent service members from seeking help for mental health concerns.\n7. **Transitional challenges**: The transition from military to civilian life can be difficult, and service members may struggle to adjust to civilian life, leading to feelings of purposelessness and hopelessness.\n8. **Sleep disturbances**: Sleep disorders, sleep deprivation, and irregular sleep patterns can contribute to increased suicide risk.\n9. **Pain and physical health issues**: Chronic pain, traumatic brain injuries, and other physical health issues can increase the risk of suicide.\n10. **Family and relationship problems**: Marital problems, family conflicts, and relationship issues can contribute to increased suicide risk.\n11. **Lack of social support**: Perceived lack of social support from family, friends, and unit members can exacerbate feelings of loneliness and hopelessness.\n12. **Deployment-related stress**: The stress of deployment, including prolonged periods of combat, can contribute to increased suicide risk.\n\nIt's essential to recognize that military suicide is often the result of a complex interplay between these factors, rather than a single cause. Addressing these underlying issues and providing support to military personnel and their families is critical to reducing the risk of suicide."
    },
    "104861": {
        "original": "cost of interior concrete flooring",
        "expanded": "To provide an accurate answer to the query \"cost of interior concrete flooring\", we need to consider various factors that affect the cost. These factors include the size of the area, the type of concrete flooring (polished, stamped, or stained), the complexity of the design, the location, and the labor costs. Additionally, the cost can vary depending on whether it's a new installation or a renovation project.\n\nThe cost of interior concrete flooring can range from $2 to $15 per square foot, depending on the complexity of the design and the type of flooring. Here are some general estimates:\n\n* Basic polished concrete flooring: $2 to $5 per square foot\n* Stamped concrete flooring: $5 to $8 per square foot\n* Stained concrete flooring: $6 to $10 per square foot\n* High-end polished concrete flooring with intricate designs: $10 to $15 per square foot\n\nFor a typical 1,000 square foot area, the total cost would be:\n\n* Basic polished concrete flooring: $2,000 to $5,000\n* Stamped concrete flooring: $5,000 to $8,000\n* Stained concrete flooring: $6,000 to $10,000\n* High-end polished concrete flooring with intricate designs: $10,000 to $15,000\n\nPlease note that these estimates are rough and may vary depending on your location, the complexity of the project, and the contractor you hire. It's always best to get quotes from multiple contractors to get a more accurate estimate for your specific project."
    },
    "130510": {
        "original": "definition declaratory judgment",
        "expanded": "A declaratory judgment is a binding court decision that declares the parties' rights and obligations under a specific agreement, statute, or set of circumstances. It is a type of equitable remedy that provides clarity and certainty to the parties involved, without awarding damages or other relief. The rationale behind declaratory judgments is to resolve disputes and prevent future litigation by providing a clear and authoritative determination of the parties' rights and obligations.\n\nA declaratory judgment is a court ruling that defines the rights and obligations of the parties involved in a dispute, without providing a monetary award or other relief. It is a binding decision that clarifies the parties' legal positions, helping to prevent future disputes and providing a clear understanding of their responsibilities and obligations."
    },
    "131843": {
        "original": "definition of a sigmet",
        "expanded": "A sigmet, short for \"significant meteorological information\", is a crucial concept in aviation weather forecasting. It's essential to provide an accurate definition to ensure clear understanding and effective communication among pilots, air traffic controllers, and other stakeholders in the aviation industry.\n\nA sigmet is a warning message issued by a meteorological watch office (MWO) or a Meteorological Authority (MA) to alert aircraft operators and air traffic services of potentially hazardous weather conditions that may affect the safety of aircraft operations. Sigmet reports cover weather phenomena such as thunderstorms, turbulence, icing, volcanic ash, and severe weather that can impact flight safety. These reports are typically issued for a specific geographic area and time period, providing essential information for pilots to plan and adjust their flight routes accordingly."
    },
    "146187": {
        "original": "difference between a mcdouble and a double cheeseburger",
        "expanded": "To provide an accurate answer to this query, we need to compare the ingredients and composition of a McDouble and a Double Cheeseburger. Both sandwiches are popular fast-food items, but they are offered by different restaurants: McDouble is a sandwich sold by McDonald's, while Double Cheeseburger can be found on the menus of various fast-food chains, including McDonald's.\n\nThe main difference between a McDouble and a Double Cheeseburger lies in their composition and ingredients. \n\nA McDouble, which is a signature sandwich of McDonald's, consists of two beef patties, two slices of cheese, pickles, and onions on a bun. The cheese slices are typically American cheese, and the bun is a plain, sesame-seed bun.\n\nOn the other hand, a Double Cheeseburger can have slightly varying ingredients depending on the restaurant. However, a typical Double Cheeseburger features two beef patties, two slices of cheese (which can be American, cheddar, or a blend), lettuce, tomato, onion, pickles, and a condiment like ketchup or mayonnaise on a sesame-seed bun. \n\nThe main differences between the two sandwiches are: \n1. McDouble has no lettuce, tomato, or condiments, while a Double Cheeseburger typically includes these.\n2. The type of cheese used can differ between the two sandwiches, with McDouble usually featuring American cheese and Double Cheeseburgers potentially having other cheese options.\n3. The overall flavor profile and texture of the two sandwiches may vary due to the differing ingredients and toppings.\n\nIn summary, while both sandwiches feature two beef patties and two slices of cheese, the differences in toppings and ingredients set a McDouble and a Double Cheeseburger apart."
    },
    "148538": {
        "original": "difference between rn and bsn",
        "expanded": "The query seeks to understand the difference between RN (Registered Nurse) and BSN (Bachelor of Science in Nursing). This is a common question in the field of nursing, as both terms are often used interchangeably, but they have distinct meanings. To provide a clear answer, we need to define what RN and BSN are, and then highlight their differences.\n\nRN (Registered Nurse) is a nursing professional who has completed an approved nursing program and has obtained a nursing license from the state in which they practice. RNs may hold an associate degree in nursing (ADN), a diploma in nursing, or a BSN degree. The RN designation is a title that indicates the individual has met the necessary education and training requirements to practice as a registered nurse.\n\nBSN (Bachelor of Science in Nursing), on the other hand, is an academic degree that prepares students for a career in nursing. A BSN program typically takes four years to complete and includes both classroom instruction and clinical training. Graduates of a BSN program are eligible to take the National Council Licensure Examination (NCLEX-RN) to become licensed as a registered nurse.\n\nThe key differences between RN and BSN are:\n\n* RN is a title that indicates licensure, while BSN is an academic degree.\n* RNs may hold various types of nursing degrees, including ADN or diploma, whereas BSN is a specific type of degree.\n* While all BSN graduates are eligible to become RNs, not all RNs hold a BSN degree.\n\nIn summary, RN refers to a licensed nurse, whereas BSN refers to a specific type of nursing degree that prepares students for a career in nursing."
    },
    "156493": {
        "original": "do goldfish grow",
        "expanded": "Goldfish are a type of freshwater fish that belong to the species Carassius auratus. They are known for their small size and are often kept as pets in aquariums. The question of whether goldfish grow is related to their ability to increase in size and maturity over time. Goldfish, like all living organisms, have a growth cycle that is influenced by factors such as genetics, nutrition, environment, and health.\n\nYes, goldfish do grow. However, their growth rate and maximum size are dependent on various factors. In ideal conditions, with proper nutrition, a healthy environment, and good care, goldfish can grow up to 6-8 inches (15-20 cm) in length. Some breeds, such as the Common Goldfish, can grow even larger, reaching up to 10-12 inches (25-30 cm) in length. Factors such as tank size, water quality, and diet can affect their growth rate and maximum size. Additionally, goldfish can continue to grow throughout their lifetime, although their growth rate may slow down as they reach maturity."
    },
    "168216": {
        "original": "does legionella pneumophila cause pneumonia",
        "expanded": "Legionella pneumophila is a type of bacteria that can cause a severe form of pneumonia known as Legionnaires' disease. It was first identified in 1976 after an outbreak of pneumonia among people attending a convention of the American Legion in Philadelphia. Since then, it has been recognized as a common cause of both community-acquired and nosocomial pneumonia.\n\nYes, Legionella pneumophila can cause pneumonia."
    },
    "182539": {
        "original": "example of monotonic function",
        "expanded": "A monotonic function is a function that is either entirely non-increasing or entirely non-decreasing. In other words, as the input (or independent variable) increases, the output (or dependent variable) always increases or remains constant, or always decreases or remains constant. This means that the function does not oscillate or change direction.\n\nA simple example of a monotonic function is the exponential function f(x) = 2^x. As x increases, f(x) always increases, making it a monotonically increasing function. For instance, f(0) = 1, f(1) = 2, f(2) = 4, f(3) = 8, and so on."
    },
    "183378": {
        "original": "exons definition biology",
        "expanded": "The query \"exons definition biology\" suggests that the user is looking for a definition of exons in the context of biology. To provide an accurate and relevant response, I will define exons and explain their role in biology, specifically in genetics and gene expression.\n\nExons are the coding regions of a gene that contain the instructions for making a protein. They are the sequences of DNA that are transcribed into messenger RNA (mRNA) and then translated into amino acid sequences that make up a protein. Exons are often interspersed with introns, which are non-coding regions of DNA that are removed during the process of splicing, where the exons are joined together to form a mature mRNA molecule. The combination of exons and introns within a gene allows for greater flexibility in the regulation of gene expression, as different exons can be included or excluded to produce different isoforms of a protein. In summary, exons are the essential coding regions of a gene that provide the blueprint for protein synthesis."
    },
    "207786": {
        "original": "how are some sharks warm blooded",
        "expanded": "Sharks are often thought to be cold-blooded, meaning their body temperature is regulated by the surrounding environment. However, some species of sharks have evolved to be partially warm-blooded, a phenomenon known as regional endothermy. This means they can maintain a higher body temperature than the surrounding water, at least in certain parts of their body.\n\nRegional endothermy in sharks is often associated with the presence of specialized circulatory systems, such as countercurrent heat exchange systems, which allow them to conserve heat generated by their muscles. This is particularly important for active, fast-swimming sharks that need to maintain high muscle temperatures to support their energetic lifestyles.\n\nSome sharks are warm-blooded because they have evolved regional endothermy, which enables them to conserve heat generated by their muscles and maintain a higher body temperature than the surrounding water. This is made possible by specialized circulatory systems, such as countercurrent heat exchange systems, that help them retain heat in specific parts of their body. Examples of warm-blooded sharks include the great white shark, mako shark, and salmon shark. These species are able to swim rapidly and efficiently, even in cold water, due to their ability to maintain a higher body temperature."
    },
    "264014": {
        "original": "how long is life cycle of flea",
        "expanded": "The life cycle of a flea consists of four stages: egg, larva, pupa, and adult. The duration of each stage can vary depending on factors such as temperature, humidity, and the availability of food. However, under optimal conditions, the entire life cycle of a flea can be completed in about 2-3 weeks.\n\nThe life cycle of a flea typically lasts around 2-3 weeks, but can vary depending on environmental factors."
    },
    "359349": {
        "original": "how to find the midsegment of a trapezoid",
        "expanded": "To find the midsegment of a trapezoid, we need to understand what a midsegment is. A midsegment is a line segment that connects the midpoints of two sides of a polygon, in this case, a trapezoid. The midsegment of a trapezoid is parallel to the bases and has a length that is the average of the lengths of the two bases.\n\nTo find the midsegment of a trapezoid, follow these steps:\n\n1. Identify the two bases of the trapezoid.\n2. Find the midpoints of each base by dividing the length of each base by 2.\n3. Draw a line segment connecting the two midpoints.\n4. This line segment is the midsegment of the trapezoid.\n\nNote: The midsegment of a trapezoid will always be parallel to the bases, and its length will be the average of the lengths of the two bases."
    },
    "405717": {
        "original": "is cdg airport in main paris",
        "expanded": "The question is asking whether Charles de Gaulle Airport (CDG) is located within the main city of Paris. To answer this, we need to consider the geographical location of CDG Airport and the boundaries of the city of Paris.\n\nCDG Airport is located approximately 25 kilometers (16 miles) northeast of central Paris. While it is often referred to as \"Paris CDG Airport,\" it is not situated within the city limits of Paris. Instead, it is located in the \u00cele-de-France region, which surrounds the city of Paris.\n\nNo, CDG Airport is not in main Paris."
    },
    "443396": {
        "original": "lps laws definition",
        "expanded": "The query \"lps laws definition\" is likely referring to the Laws of Pure Souls, which is a concept in the Indian Companies Act, 2013. The acronym \"LPS\" is not a commonly used term in other contexts, and the addition of \"laws definition\" suggests that the user is looking for a formal explanation of the term.\n\nLPS Laws refer to the Limited Liability Partnership (LLP) Laws as per the Indian Companies Act, 2013. The term \"LPS\" is an abbreviation for \"Limited Liability Partnership of Pure Souls\", which was earlier known as \"Limited Liability Partnership Act, 2008\". The LPS Laws aim to provide a framework for the formation, governance, and operation of Limited Liability Partnerships (LLPs) in India. These laws outline the rights and duties of partners, the role of designated partners, and the procedures for incorporation, management, and winding up of LLPs."
    },
    "451602": {
        "original": "medicare's definition of mechanical ventilation",
        "expanded": "Medicare's definition of mechanical ventilation is a crucial aspect of their coverage and reimbursement policies, particularly for patients who require life-sustaining ventilator support. Understanding this definition is essential for healthcare providers, patients, and caregivers to ensure accurate billing, coding, and access to necessary medical services.\n\nAccording to the Centers for Medicare and Medicaid Services (CMS), mechanical ventilation is defined as \"any form of ventilatory support in which a mechanical device is used to replace or assist the patient's spontaneous breathing\" (CMS, 2022). This definition encompasses various types of mechanical ventilation, including invasive and non-invasive ventilation, such as:\n\n* Invasive ventilation: uses an endotracheal tube or tracheostomy tube to deliver mechanical breaths\n* Non-invasive ventilation: uses a mask or other interface to deliver mechanical breaths, without an artificial airway\n\nCMS considers mechanical ventilation to be medically necessary when a patient requires ventilatory support to sustain life, and other treatments have been exhausted or are deemed ineffective (CMS, 2022).\n\nReferences:\nCenters for Medicare & Medicaid Services. (2022). Medicare National Coverage Determinations (NCD) Manual. Retrieved from <https://www.cms.gov/medicare-coverage-database/details/ncd-details.aspx?NCDId=233&ncdver=1&bc=AAAAAAgAAAAAA&>"
    },
    "489204": {
        "original": "right pelvic pain causes",
        "expanded": "Right pelvic pain can have various causes, and it's essential to consider the anatomical location of the pelvis and its surrounding structures to provide a comprehensive answer. The pelvis is a complex region that houses organs from the urinary, reproductive, and digestive systems, as well as muscles, nerves, and blood vessels. Any inflammation, injury, or disease affecting these structures can cause right pelvic pain.\n\n1. Ovarian cysts or ovarian torsion (in females): Ovarian cysts are fluid-filled sacs that can grow on the ovaries, causing pain, especially if they rupture or twist (torsion). \n2. Appendicitis: The appendix is a small, finger-like pouch attached to the large intestine, located in the lower right abdomen. Inflammation or blockage of the appendix can cause right pelvic pain.\n3. Ectopic pregnancy (in females): An ectopic pregnancy occurs when a fertilized egg implants outside the uterus, often in the fallopian tube, leading to severe pelvic pain.\n4. Endometriosis (in females): This condition occurs when tissue similar to the uterine lining grows outside the uterus, leading to painful lesions or inflammation.\n5. Kidney stones: Renal colic, caused by kidney stones, can radiate to the right pelvis, especially if the stone is located in the right kidney or ureter.\n6. Inflammatory bowel disease (IBD): Conditions like Crohn's disease or ulcerative colitis can cause chronic pelvic pain, especially on the right side if the terminal ileum is affected.\n7. Diverticulitis: Inflammation of the diverticula, small pouches in the colon wall, can cause right pelvic pain, especially if the affected area is on the right side.\n8. Pelvic inflammatory disease (PID):PID is an infection of the reproductive organs that can cause pelvic pain, especially on the right side if the fallopian tube or ovary is affected.\n9. Hernia: A hernia in the inguinal canal (inguinal hernia) or femoral canal (femoral hernia) can cause right pelvic pain, especially with coughing, straining, or heavy lifting.\n10. Musculoskeletal pain: Pain in the pelvic muscles, sacroiliac joint, or lower back can also cause right pelvic pain, often due to overuse, injury, or poor posture."
    },
    "490595": {
        "original": "rsa definition key",
        "expanded": "The query \"rsa definition key\" appears to be asking for a definition of a key in the context of RSA, which is a popular public-key encryption algorithm. RSA stands for Rivest-Shamir-Adleman, and it's widely used for secure data transmission over the internet.\n\nIn RSA, a key refers to a pair of large prime numbers that are used to encrypt and decrypt data. There are two types of keys in RSA: \n\n1. Public Key: This is a pair of numbers (e, n) where 'e' is the public exponent and 'n' is the modulus (product of two large prime numbers, p and q). The public key is used for encryption and can be shared openly.\n\n2. Private Key: This is a pair of numbers (d, n) where 'd' is the private exponent and 'n' is the modulus (same as in the public key). The private key is used for decryption and should be kept secret.\n\nTogether, these key pairs enable secure communication over an insecure channel, such as the internet."
    },
    "527433": {
        "original": "types of dysarthria from cerebral palsy",
        "expanded": "Dysarthria is a speech disorder characterized by weakness, slowness, or incoordination of the muscles used in speaking, often resulting from neurological damage or disorders. Cerebral palsy (CP) is a group of permanent disorders that appear in early childhood, affecting movement, posture, and muscle tone. CP can cause speech and communication difficulties, including dysarthria, due to abnormalities in the development or damage to the brain areas responsible for motor control, including those involved in speech production.\n\nThere are several types of dysarthria associated with cerebral palsy, including:\n\n1. Spastic dysarthria: characterized by stiff, tight muscles, slow speech, and difficulty articulating words.\n2. Dyskinetic dysarthria: marked by involuntary movements, tightness, or weakness of the muscles, resulting in irregular speech rhythms and articulation difficulties.\n3. Ataxic dysarthria: characterized by incoordination, irregular speech rhythms, and difficulties with articulation, often due to damage to the cerebellum.\n4. Hypokinetic dysarthria: characterized by slow, soft, and imprecise speech, often accompanied by a lack of facial expression and arm and leg tremors.\n5. Mixed dysarthria: a combination of two or more of the above types, often resulting in a more severe speech impairment.\n\nIt's essential to note that each individual with CP may exhibit a unique pattern of dysarthria, and some may have additional speech and language difficulties. Accurate diagnosis and assessment by a speech-language pathologist (SLP) are crucial in determining the specific type and severity of dysarthria and developing an appropriate treatment plan."
    },
    "573724": {
        "original": "what are the social determinants of health",
        "expanded": "The social determinants of health are the non-medical factors that contribute to an individual's overall health and well-being. These determinants are shaped by the social, economic, and political context in which people live, work, and age. Understanding the social determinants of health is crucial because they can have a significant impact on health outcomes, health inequities, and the effectiveness of healthcare interventions.\n\nThe social determinants of health are:\n\n1. **Income and Social Status**: Higher income and social status are associated with better health outcomes, while poverty and low social status are linked to poor health.\n\n2. **Education**: Education is a strong predictor of health outcomes, with higher levels of education associated with better health and well-being.\n\n3. **Employment and Working Conditions**: Unemployment, job insecurity, and poor working conditions can have negative effects on mental and physical health.\n\n4. **Social Support Networks**: Strong social connections and networks can provide emotional support, practical help, and a sense of belonging, all of which are important for health.\n\n5. **Housing and Environment**: Safe, secure, and affordable housing, as well as access to green spaces and clean air and water, are essential for good health.\n\n6. **Food Insecurity and Nutrition**: Access to nutritious food and clean water is critical for maintaining good health, while food insecurity can lead to malnutrition and poor health outcomes.\n\n7. **Culture and Language**: Cultural and linguistic barriers can affect access to healthcare services and health outcomes, particularly for marginalized populations.\n\n8. **Gender and Sex**: Gender and sex can influence health outcomes, with women and sexual minorities often facing unique health challenges and barriers to care.\n\n9. **Race and Ethnicity**: Racial and ethnic disparities in health outcomes are pervasive, with marginalized communities often facing poorer health outcomes due to systemic barriers and biases.\n\n10. **Healthcare Access and Quality**: Access to high-quality healthcare services, including preventive care and chronic disease management, is essential for maintaining good health.\n\nBy understanding these social determinants of health, healthcare providers, policymakers, and community organizations can develop targeted interventions and policies to address health inequities and promote health and well-being for all."
    },
    "833860": {
        "original": "what is the most popular food in switzerland",
        "expanded": "To determine the most popular food in Switzerland, we need to consider the country's culinary traditions, cultural influences, and geographical regions. Switzerland is a multilingual country with four official languages: German, French, Italian, and Romansh. Its cuisine is heavily influenced by these languages and cultures, resulting in a diverse range of dishes. Additionally, Switzerland's geography, with its mountains, lakes, and fertile valleys, also plays a significant role in shaping its culinary identity. Considering these factors, we can identify the most popular food in Switzerland.\n\nFondue is the most popular food in Switzerland. This traditional Swiss dish originated in the 18th century and consists of a pot of melted cheese, wine, and seasonings, served with a variety of dippingoptions such as bread, vegetables, and meats. Fondue is a social food, often enjoyed in a communal setting, which aligns with Swiss culture's emphasis on community and social bonding. Its popularity is widespread throughout the country, with many Swiss restaurants and households serving fondue as a national dish. In fact, fondue is often considered Switzerland's national dish, and its popularity transcends linguistic and cultural boundaries, making it a unifying element of Swiss cuisine."
    },
    "855410": {
        "original": "what is theraderm used for",
        "expanded": "Theraderm is a brand name of a skincare product line that offers a range of products, including cleansers, moisturizers, and treatments. To provide an accurate answer, I will research and summarize the common uses of Theraderm products based on their website, customer reviews, and skincare expert opinions.\n\nTheraderm is used for various skincare concerns, including:\n\n* Acne treatment and prevention\n* Anti-aging and fine line reduction\n* Hydration and moisturization\n* Hyper-pigmentation and skin discoloration correction\n* Exfoliation and skin texture improvement\n* Sensitive skin soothing and calming\n* Rosacea and redness reduction\n* Sun damage repair and protection\n* Makeup removal and skin cleansing\n\nTheraderm products are designed to address specific skin concerns and provide a comprehensive skincare routine for users."
    },
    "915593": {
        "original": "what types of food can you cook sous vide",
        "expanded": "Sous vide cooking involves sealing food in airtight bags and cooking it in a water bath at a controlled temperature. This method allows for precise temperature control, which ensures consistent doneness and prevents overcooking. Since sous vide cooking is a gentle and low-temperature process, it's suitable for a wide range of foods, especially those that are prone to overcooking or require delicate handling.\n\nYou can cook a variety of foods sous vide, including:\n\n* Proteins: eggs, steak, chicken, fish, shrimp, pork, lamb, and beef\n* Vegetables: asparagus, carrots, broccoli, green beans, sweet potatoes, and leafy greens like spinach and kale\n* Fruits: apples, pears, peaches, and pineapple\n* Grains: rice, quinoa, and pasta\n* Dairy: cheese, yogurt, and custards\n* Seafood: lobster, crab, and mussels\n* Eggs: poached, soft-boiled, and deviled eggs\n* Desserts: cr\u00e8me br\u00fbl\u00e9e, creme caramel, and chocolate mousse\n* Meat products: sausages, hot dogs, and bacon\n* Delicate foods: foie gras, tofu, and soft-shell crab\n\nIn general, any food that can be cooked with gentle heat and moisture can be cooked sous vide. The key is to ensure that the food is properly sealed in airtight bags to prevent water from entering and to allow for even cooking."
    },
    "962179": {
        "original": "when was the salvation army founded",
        "expanded": "To answer this query, I will look for historical information about the founding of The Salvation Army, a Christian organization known for its charitable work and social services.\n\nThe Salvation Army was founded in 1865 by William Booth and his wife Catherine in London, England."
    },
    "1037798": {
        "original": "who is robert gray",
        "expanded": "The query \"who is Robert Gray\" is a relatively open-ended question, and there may be multiple individuals with the name Robert Gray who are notable or famous in different fields. However, without more context or specifications, I will provide an answer based on the most well-known individuals with the name Robert Gray.\n\nThere are several notable individuals named Robert Gray:\n\n1. Robert Gray (sea captain) (1755-1806): An American sea captain who was the first American to circumnavigate the globe and the first European-American to explore the Columbia River.\n2. Robert Gray (Australian politician) (1835-1907): An Australian politician who served as the Premier of Tasmania from 1887 to 1892.\n3. Robert Gray (poet) (born 1945): An Australian poet and critic, known for his lyrical and introspective poetry that often explores themes of love, nature, and the human condition.\n4. Robert Gray (footballer) (born 1957): A former Australian rules footballer who played for the St Kilda Football Club in the Australian Football League.\n\nWithout more specific information, it is unclear which Robert Gray the query is referring to."
    },
    "1063750": {
        "original": "why did the us volunterilay enter ww1",
        "expanded": "The United States' entry into World War I is a complex and multifaceted topic. To provide a clear and concise answer, I'll consider the key events, diplomatic relations, and economic interests that led to the US decision.\n\nThe United States voluntarily entered World War I in 1917 due to a combination of factors, including:\n\n1. **Sinking of the Lusitania**: The 1915 sinking of the British passenger ship Lusitania by a German U-boat, resulting in the deaths of 128 American citizens, outraged the US public and put pressure on the government to take action.\n2. **Germany's Resumption of Unrestricted Submarine Warfare**: Germany's decision to resume unrestricted submarine warfare in 1917, following a brief hiatus, threatened US trade and shipping interests.\n3. **The Zimmermann Telegram**: The discovery of the Zimmermann Telegram, in which Germany attempted to persuade Mexico to declare war on the US, further eroded US-German relations.\n4. **Economic Interests**: The US had significant economic interests in Europe, particularly in terms of trade and loans to the Allied powers. As the war dragged on, the US government became increasingly concerned about the potential consequences of a German victory.\n5. **Fear of German Expansion**: The US government feared that a German victory would lead to German expansion in the Americas, threatening US national security and hemispheric dominance.\n\nThese factors, coupled with the Wilson administration's desire to \"make the world safe for democracy\" and ensure a US role in shaping the post-war international order, ultimately led to the US declaration of war against Germany on April 6, 1917."
    },
    "1103812": {
        "original": "who formed the commonwealth of independent states",
        "expanded": "The Commonwealth of Independent States (CIS) is a regional intergovernmental organization that was formed in 1991 by former Soviet republics. To answer this query, we need to identify the key players involved in its formation.\n\nThe Commonwealth of Independent States was formed by 11 former Soviet republics, namely Armenia, Azerbaijan, Belarus, Kazakhstan, Kyrgyzstan, Moldova, Russia, Tajikistan, Turkmenistan, Ukraine, and Uzbekistan. These countries signed the Alma-Ata Protocol on December 21, 1991, which established the CIS and marked the dissolution of the Soviet Union."
    },
    "1106007": {
        "original": "define visceral?",
        "expanded": "To define \"visceral\", I'll rely on the context of anatomy and physiology, as well as everyday language usage. The term \"visceral\" has a specific meaning in medical and biological contexts, but it has also been adopted in popular culture to describe intense emotional reactions. I'll provide a comprehensive definition that covers both aspects.\n\nVisceral refers to:\n\n1. Relating to the viscera, which are the internal organs of the body, especially those in the abdominal cavity, such as the stomach, intestines, liver, and kidneys. In an anatomical sense, visceral refers to the organ systems that are involved in the digestion, absorption, and processing of nutrients.\n\n2. In a figurative sense, visceral describes a deep, intense, and often instinctual emotional response, often accompanied by a physical sensation in the gut or abdomen. This sense of the word is often used to describe a strong gut feeling, instinct, or intuition, as if the emotions are emanating from the belly rather than the brain. In this context, visceral reactions are often characterized as primal, unthinking, or unreasoned, and can be triggered by a wide range of stimuli, from art to personal experiences."
    },
    "1110199": {
        "original": "what is wifi vs bluetooth",
        "expanded": "The query \"what is wifi vs bluetooth\" suggests that the person is trying to understand the difference between Wi-Fi and Bluetooth, which are two popular wireless communication technologies. To answer this query, I'll provide a clear and concise explanation of both technologies, highlighting their key differences and use cases.\n\nWi-Fi and Bluetooth are both wireless technologies used for device communication, but they serve different purposes and have distinct characteristics.\n\nWi-Fi is a wireless networking technology that allows devices to connect to the internet or communicate with each other over a local network. It operates on a specific frequency band (2.4 GHz or 5 GHz) and uses radio waves to transmit data between devices. Wi-Fi is commonly used for:\n\n* Internet access\n* File transfer between devices on a local network\n* Streaming media content\n* Online gaming\n\nOn the other hand, Bluetooth is a wireless personal area network (PAN) technology that enables devices to communicate with each other over short distances (typically up to 30 feet). It operates on a different frequency band (2.4 GHz) and is designed for device-to-device communication. Bluetooth is commonly used for:\n\n* Wireless headphones and speakers\n* File transfer between devices\n* Device control (e.g., remote control)\n* IoT applications (e.g., smart home devices)\n\nThe key differences between Wi-Fi and Bluetooth are:\n\n* Range: Wi-Fi has a much longer range than Bluetooth\n* Speed: Wi-Fi is generally faster than Bluetooth\n* Purpose: Wi-Fi is designed for networking and internet access, while Bluetooth is designed for device-to-device communication\n* Power consumption: Bluetooth devices typically consume less power than Wi-Fi devices\n\nIn summary, Wi-Fi is designed for wireless networking and internet access, while Bluetooth is designed for wireless device communication over short distances. While both technologies are used for wireless communication, they serve different purposes and have distinct characteristics."
    },
    "1112341": {
        "original": "what is the daily life of thai people",
        "expanded": "To provide an accurate answer to this query, I will focus on the general aspects of daily life in Thailand, including cultural practices, social norms, and common activities that Thais typically engage in. I will also consider the diverse lifestyles of people living in urban and rural areas, as well as those from different socioeconomic backgrounds.\n\nThe daily life of Thai people is deeply rooted in their culture, traditions, and spiritual beliefs. Here's an overview of a typical day in the life of a Thai person:\n\nMorning Routine:\nIn the morning, many Thais start their day by performing a brief prayer or meditation session, often at home or at a local temple (Wat). This is followed by a visit to the local market or street vendors to buy fresh fruits, vegetables, and ingredients for the day's meals.\n\nWork and School:\nThais typically work from 9:00 am to 5:00 pm, with a one-hour lunch break. Those in the service industry, such as hotel staff and restaurant workers, may work longer hours. Students attend school from 8:00 am to 4:00 pm, with a focus on education being highly valued in Thai culture.\n\nFood:\nFood plays a central role in Thai daily life. Meals are often eaten with family and friends, with rice being a staple food. Popular dishes include spicy curries, stir-fries, and noodle soups. Street food is also extremely popular, with vendors serving a wide range of dishes at affordable prices.\n\nSocial Life:\nSocializing is an essential part of Thai daily life. Thais often gather with friends and family in the evenings to share meals, watch TV, or engage in activities like playing sports or singing karaoke.\n\nFamily:\nFamily is highly valued in Thai culture, with respect for elders being a significant aspect of daily life. Extended family members often live together or nearby, and it's common for grandparents to play a significant role in childcare.\n\nReligion and Spirituality:\nTheravada Buddhism is the predominant religion in Thailand, and daily life is influenced by Buddhist principles. Many Thais visit temples, make offerings to monks, and participate in festivals and ceremonies throughout the year.\n\nLeisure Activities:\nIn their free time, Thais enjoy activities like watching Thai soap operas, listening to music, or attending outdoor festivals and events. Sports, such as Muay Thai boxing and soccer, are also popular.\n\nRegional Variations:\nWhile this provides a general overview of daily life in Thailand, it's essential to note that lifestyles can vary significantly depending on the region. For example, those living in urban areas like Bangkok may have a faster-paced lifestyle, while those in rural areas may have a more relaxed pace of life.\n\nOverall, daily life in Thailand is characterized by a strong sense of community, respect for tradition, and a deep connection to Buddhist spirituality."
    },
    "1113437": {
        "original": "what is physical description of spruce",
        "expanded": "To provide an accurate physical description of spruce, I will rely on botanical characteristics and common observations of spruce trees. Spruce is a type of evergreen tree belonging to the genus Picea, and its physical description can vary slightly depending on the specific species. However, there are some common features that are typical of most spruce trees.\n\nA spruce tree typically has a conical or columnar shape, with a single main trunk and a narrow, rounded crown. It usually grows to a height of 50-100 feet (15-30 meters), although some species can reach up to 150 feet (45 meters) tall. The bark of a mature spruce is grayish-brown, scaly, and furrowed, with resin blisters on younger trees. The branches are sturdy, curved, and drooping, with a whorled arrangement. The needles are four-sided, stiff, and sharp-pointed, measuring 0.5-1.5 inches (1-3.8 cm) long. They are dark green on top and have two white bands of stomata on the underside, which give them a bluish tint. The needles are arranged spirally on the twig and are typically attached by a small stalk."
    },
    "1114646": {
        "original": "what is famvir prescribed for",
        "expanded": "The query is asking about the medical use cases or indications for which Famvir (Famciclovir) is prescribed. Famvir is an antiviral medication, and understanding its prescribed uses is essential to provide an accurate answer.\n\nFamvir (Famciclovir) is prescribed to treat viral infections caused by herpesviruses, including:\n\n* Herpes zoster (shingles)\n* Genital herpes ( genital herpes simplex)\n* Cold sores (herpes labialis)\n* Herpes simplex virus infections in people with a weakened immune system (e.g., people with HIV/AIDS or undergoing chemotherapy)\n\nIt may also be prescribed for the suppression of recurrent genital herpes and to reduce the transmission of genital herpes to an uninfected partner."
    },
    "1114819": {
        "original": "what is durable medical equipment consist of",
        "expanded": "Durable medical equipment (DME) refers to medical equipment that is designed to withstand repeated use and is intended to be used in the home or other non-institutional settings. To determine what constitutes DME, we need to consider the characteristics and types of equipment that are typically included in this category.\n\nDurable medical equipment consists of a wide range of medical devices and tools that are designed to provide therapeutic benefits, improve mobility, or aid in the treatment of medical conditions. Some common examples of DME include:\n\n* Wheelchairs and scooters\n* Hospital beds and mattresses\n* Oxygen tanks and concentrators\n* Nebulizers and aerosol machines\n* Continuous Positive Airway Pressure (CPAP) machines\n* Ventilators\n* Infusion pumps\n* walkers and rollators\n* Commodes and toilet seat risers\n* Shower chairs and benches\n* Orthotics and prosthetics\n* Diabetic supplies such as glucose monitors and test strips\n* Respiratory equipment such as ventilators and humidifiers\n\nThese devices are designed to be durable, long-lasting, and reusable, making them a cost-effective option for individuals who require ongoing medical treatment or therapy in their daily lives."
    },
    "1115776": {
        "original": "what is an aml surveillance analyst",
        "expanded": "To provide an accurate answer, I'll rely on industry definitions and job descriptions to explain the role of an AML Surveillance Analyst. Anti-Money Laundering (AML) is a critical function in the financial sector, and surveillance analysts play a vital part in identifying and mitigating potential risks.\n\nAn AML Surveillance Analyst is a professional responsible for monitoring and analyzing customer activity, transactions, and behavior to detect and prevent money laundering, terrorist financing, and other financial crimes. The primary goal of an AML Surveillance Analyst is to identify suspicious patterns, anomalies, and unusual activities that may indicate illegal or illicit activities.\n\nIn this role, the analyst will:\n\n* Monitor customer transactions, accounts, and behavior in real-time or near real-time to identify potential AML risks\n* Analyze complex data sets, including large transaction datasets, to identify suspicious activity\n* Investigate alerts generated by AML systems and escalate potential issues to more senior team members or financial intelligence units\n* Develop and maintain watch lists, sanctions lists, and customer risk profiles\n* Collaborate with other teams, such as risk management, compliance, and legal, to ensure a comprehensive approach to AML risk management\n* Stay up-to-date with regulatory requirements, industry trends, and best practices in AML surveillance\n* Document and report findings, recommendations, and actions taken to mitigate AML risks\n\nOverall, the AML Surveillance Analyst plays a critical role in protecting financial institutions from the risks associated with money laundering and terrorist financing, and in ensuring compliance with relevant regulations and laws."
    },
    "1117099": {
        "original": "what is a active margin",
        "expanded": "To provide an accurate answer, I will consider the context of the query. The term \"active margin\" can have different meanings depending on the field of study. In geology, an active margin refers to a region where tectonic plates are moving towards each other, resulting in volcanic and seismic activity. In biology, an active margin can refer to the leading edge of a cell or tissue that is actively involved in the process of movement or migration. Other fields, such as marketing or business, may also use the term \"active margin\" to describe a particular concept or strategy. However, based on the context of the query, it appears that the geological definition is most relevant.\n\nAn active margin is a zone of intense tectonic activity where two or more lithospheric plates are converging, resulting in volcanic and seismic activity, mountain building, and the formation of geological structures such as subduction zones, volcanic arcs, and mountain ranges. Examples of active margins include the Andean mountain-building region, the Japanese island arc system, and the Cascadia subduction zone along the Pacific coast of North America."
    },
    "1121402": {
        "original": "what can contour plowing reduce",
        "expanded": "Contour plowing is a farming technique where the plow follows the natural contours of the land, rather than plowing up and down hills. This approach helps to reduce soil erosion and runoff, as the plow doesn't disrupt the natural flow of water across the land.\n\nContour plowing can reduce soil erosion and runoff."
    },
    "1121709": {
        "original": "what are the three percenters?",
        "expanded": "The Three Percenters is a term that has been used to describe a segment of the American patriot and militia movement. The name \"Three Percenters\" refers to the idea that only a small percentage of American colonists actively participated in the American Revolution against British rule. The term has been adopted by modern-day groups who identify with this ideology and seek to defend the Constitution and individual liberties.\n\nThe Three Percenters are a loosely organized group of individuals who identify as patriot activists and militiamen. They are generally characterized by their strong support for the Constitution, limited government, and individual liberties. They often express a willingness to take up arms to defend these values against perceived threats from the government or other entities. The exact nature and scope of the Three Percenters can be difficult to pin down, as the movement is decentralized and lacks a single leader or unified platform. However, they are often associated with right-wing and libertarian ideologies, and have been linked to various anti-government and anti-authoritarian movements in the United States."
    },
    "1124210": {
        "original": "tracheids are part of _____.",
        "expanded": "Tracheids are a type of dead, water-conducting cells found in plants, specifically in the xylem tissue. They are characteristic of vascular plants, particularly gymnosperms, and play a crucial role in the transportation of water and minerals from the roots to the rest of the plant.\n\nxylem."
    },
    "1129237": {
        "original": "hydrogen is a liquid below what temperature",
        "expanded": "Hydrogen is a gas at room temperature and standard pressure. However, like many substances, it can be liquefied at low temperatures. The temperature at which hydrogen becomes a liquid is dependent on its boiling point, which is the temperature at which a liquid changes state from a liquid to a gas at standard atmospheric pressure.\n\nHydrogen is a liquid below 20.28 K (-252.87\u00b0C or -423.17\u00b0F). This is its boiling point at standard atmospheric pressure."
    },
    "1133167": {
        "original": "how is the weather in jamaica",
        "expanded": "Jamaica is a Caribbean island with a tropical climate, and its weather patterns vary depending on the time of year and geographical location. To provide a meaningful answer, I'll provide a general overview of Jamaica's weather conditions.\n\nJamaica's weather is typically warm and humid throughout the year, with average temperatures ranging from 77\u00b0F (25\u00b0C) in the winter months (December to February) to 82\u00b0F (28\u00b0C) in the summer months (June to August). The island experiences a rainy season from May to October, with the most significant rainfall occurring in September and October. The mountainous regions tend to be cooler, while the coastal areas are generally warmer. Jamaica can also experience hurricanes, which typically occur between June and November. Overall, Jamaica's climate is ideal for outdoor activities like visiting beaches, hiking, and exploring the island's natural beauty."
    }
}